JvmtiExport can_access_local_variables 0
JvmtiExport can_hotswap_or_post_breakpoint 0
JvmtiExport can_post_on_exceptions 0
# 591 ciObject found
instanceKlass com/mathworks/mde/liveeditor/LiveEditorTabManager$11
instanceKlass javax/swing/RepaintManager$DisplayChangedRunnable
instanceKlass com/mathworks/mwswing/ScreenSizeChangeHandler$1$1
instanceKlass sun/awt/windows/WToolkit$3
instanceKlass com/mathworks/mwswing/ScreenSizeChangeHandler$1
instanceKlass java/lang/invoke/LambdaForm$MH
instanceKlass sun/awt/windows/WToolkit$$Lambda$60
instanceKlass com/mathworks/page/plottool/propertyinspectormanager/PropertyInspectorManager$25
instanceKlass com/mathworks/page/plottool/propertyinspectormanager/PropertyInspectorManager$24
instanceKlass com/mathworks/page/plottool/propertyinspectormanager/PropertyInspectorManager$20$1$1
instanceKlass com/mathworks/page/plottool/propertyinspectormanager/PropertyInspectorManager$19
instanceKlass com/mathworks/page/plottool/propertyinspectormanager/PropertyInspectorManager$20$1
instanceKlass com/mathworks/page/plottool/propertyinspectormanager/PropertyInspectorManager$9$2
instanceKlass com/mathworks/page/plottool/propertyinspectormanager/PropertyInspectorManager$9$1
instanceKlass com/mathworks/page/plottool/propertyinspectormanager/PropertyInspectorManager$16
instanceKlass com/mathworks/page/plottool/propertyinspectormanager/PropertyInspectorManager$2
instanceKlass com/mathworks/page/plottool/propertyinspectormanager/PropertyInspectorManager$18
instanceKlass com/mathworks/util/ResLoader
instanceKlass com/mathworks/jmi/bean/UDDBeanInfoUtil
instanceKlass com/mathworks/jmi/bean/TypeInfo
instanceKlass com/mathworks/util/CategoricalVariable$1
instanceKlass com/mathworks/util/CategoricalVariable
instanceKlass com/mathworks/page/plottool/propertyinspectormanager/PropertyInspectorManager$1
instanceKlass com/mathworks/mde/find/FindFilesLauncher
instanceKlass com/mathworks/page/plottool/propertyinspectormanager/PropertyInspectorManager
instanceKlass java/lang/StringCoding$1
instanceKlass com/mathworks/widgets/spreadsheet/format/BooleanFormatterFactory$1
instanceKlass com/mathworks/widgets/desk/DTSingleClientFrame$LocalWindowListener$2
instanceKlass com/mathworks/hg/peer/WindowRectHandlerImpl$1
instanceKlass javax/swing/plaf/basic/BasicSplitPaneDivider$DragController
instanceKlass sun/java2d/pipe/hw/AccelSurface
instanceKlass sun/awt/windows/WComponentPeer$1
instanceKlass com/mathworks/widgets/desk/Desktop$1
instanceKlass com/mathworks/mwswing/IconSet$1
instanceKlass javax/swing/JViewport$1
instanceKlass com/mathworks/mwswing/MJButton$1
instanceKlass java/util/IdentityHashMap$1
instanceKlass com/mathworks/widgets/tooltip/ToolTipAndComponentAWTListener$5
instanceKlass com/mathworks/widgets/grouptable/IconAndText
instanceKlass javax/swing/plaf/basic/BasicTransferable
instanceKlass javax/swing/TransferHandler$TransferAction$2
instanceKlass javax/swing/TransferHandler$TransferAction$1
instanceKlass com/mathworks/hg/peer/UicontrolMouseWheelListener
instanceKlass com/mathworks/hg/peer/EditTextPeer$hgTextEditMultiline$1
instanceKlass com/mathworks/mwswing/MJTextPane$1$1
instanceKlass javax/swing/plaf/basic/BasicPopupMenuUI$MouseGrabber$2
instanceKlass javax/swing/plaf/basic/BasicPopupMenuUI$MouseGrabber$1
instanceKlass java/io/Console
instanceKlass com/mathworks/hg/peer/HeavyweightLightweightContainerFactory$PrintHelper
instanceKlass com/jogamp/opengl/util/GLDrawableUtil$1
instanceKlass com/jogamp/opengl/util/GLDrawableUtil
instanceKlass com/jogamp/common/util/awt/AWTEDTExecutor
instanceKlass jogamp/opengl/awt/AWTTilePainter$2
instanceKlass jogamp/opengl/awt/AWTTilePainter$1
instanceKlass com/jogamp/opengl/util/TileRendererBase$1
instanceKlass com/jogamp/nativewindow/util/Dimension
instanceKlass com/jogamp/nativewindow/util/DimensionImmutable
instanceKlass com/jogamp/opengl/util/TileRendererBase
instanceKlass com/jogamp/nativewindow/awt/AWTPrintLifecycle$Context$2
instanceKlass com/jogamp/nativewindow/awt/AWTPrintLifecycle$Context$1
instanceKlass jogamp/nativewindow/awt/AWTMisc$ComponentAction
instanceKlass com/jogamp/nativewindow/awt/AWTPrintLifecycle$Context
instanceKlass com/mathworks/hg/print/HGPrintRenderingHints
instanceKlass com/mathworks/hg/util/HGGetframeOutputHelper$1
instanceKlass com/mathworks/hg/print/PrintUtilities
instanceKlass com/mathworks/hg/print/FigureExportable
instanceKlass com/mathworks/hg/util/MPrintJob
instanceKlass com/mathworks/hg/util/MatlabImageGrabber$MatlabRenderStrategy
instanceKlass com/mathworks/hg/peer/UIComponentManager$2
instanceKlass com/mathworks/mde/editor/debug/EmlDebuggerActionsProvider
instanceKlass com/mathworks/widgets/desk/DTSingleClientFrame$LocalWindowListener$1
instanceKlass com/mathworks/widgets/desk/DTSingleClientFrame$3
instanceKlass com/mathworks/hg/peer/AbstractButtonPeer$AbstractButtonUicontrolActionListener
instanceKlass com/mathworks/hg/peer/UIComponentManager$1
instanceKlass com/mathworks/hg/peer/PushButtonPeer$1$1
instanceKlass com/mathworks/hg/util/UISettings
instanceKlass com/mathworks/widgets/desk/DTOccupant$2
instanceKlass com/mathworks/hg/peer/AbstractUicontrolPeer$22
instanceKlass com/mathworks/hg/peer/ui/AbstractUIBasePeer
instanceKlass com/mathworks/hg/peer/IPrintableComponent
instanceKlass com/mathworks/hg/peer/ui/FigureUIChild
instanceKlass com/mathworks/hg/peer/ui/borders/TitledBorderOwner
instanceKlass com/mathworks/hg/util/UnicodeTextTranslator
instanceKlass com/mathworks/hg/peer/event/UicomponentButtonListener
instanceKlass javax/accessibility/AccessibleStateSet
instanceKlass com/mathworks/hg/util/MatlabImageGrabber$ImageData
instanceKlass com/mathworks/hg/util/OutputHelper
instanceKlass com/mathworks/hg/util/HGGetframeOutputHelper$RenderStrategy
instanceKlass com/mathworks/hg/util/ImageGrabber
instanceKlass foxtrot/Task$1
instanceKlass foxtrot/AbstractWorkerThread$1
instanceKlass foxtrot/workers/MultiWorkerThread$1
instanceKlass com/mathworks/mwswing/MJFileChooserPerPlatform$4
instanceKlass foxtrot/pumps/ConditionalEventPump$2
instanceKlass foxtrot/pumps/ConditionalEventPump$Conditional
instanceKlass foxtrot/workers/SingleWorkerThread$Link
instanceKlass foxtrot/pumps/SunJDK141ConditionalEventPump$1
instanceKlass foxtrot/pumps/ConditionalEventPump$ThrowableHandler
instanceKlass foxtrot/pumps/ConditionalEventPump$1
instanceKlass foxtrot/pumps/ConditionalEventPump
instanceKlass foxtrot/pumps/EventFilterable
instanceKlass foxtrot/JREVersion
instanceKlass foxtrot/AbstractWorkerThread
instanceKlass foxtrot/EventPump
instanceKlass foxtrot/AbstractWorker
instanceKlass com/mathworks/mwswing/MJFileChooserPerPlatform$RunnableNativeDispatch
instanceKlass com/mathworks/mwswing/MJFileChooserPerPlatform$2
instanceKlass org/apache/commons/collections/MapIterator
instanceKlass org/apache/commons/collections/bidimap/AbstractDualBidiMap
instanceKlass com/mathworks/jmi/AWTUtilities$Invoker$4$1
instanceKlass com/mathworks/jmi/AWTUtilities$Invoker$4
instanceKlass com/mathworks/mwswing/MJFileChooserPerPlatform$SaveDialogDelegateImpl
instanceKlass com/mathworks/mwswing/MJFileChooserPerPlatform$OpenDialogDelegateImpl
instanceKlass com/mathworks/mwswing/MJFileChooser$ApproveListener
instanceKlass foxtrot/WorkerThread
instanceKlass foxtrot/Task
instanceKlass com/mathworks/mwswing/MJFileChooserPerPlatform$SaveDialogDelegate
instanceKlass com/mathworks/mwswing/MJFileChooserPerPlatform$OpenDialogDelegate
instanceKlass org/apache/commons/collections/BidiMap
instanceKlass org/apache/commons/collections/IterableMap
instanceKlass com/mathworks/hg/peer/utils/DialogUtilities
instanceKlass com/mathworks/widgets/recordlist/FullRLTCellRenderer$1
instanceKlass com/mathworks/mde/cmdhist/AltHistoryCollection$AllSaver$1
instanceKlass com/mathworks/mde/cmdhist/AltHistoryCollection$AllSaver
instanceKlass com/mathworks/mlwidgets/dialog/PathChange$2
instanceKlass com/mathworks/mde/cmdwin/CmdWinMLIF$5$1
instanceKlass ca/odell/glazedlists/impl/event/BlockSequence$Iterator
instanceKlass com/mathworks/mde/cmdwin/CmdWinMLIF$5
instanceKlass com/mathworks/mlwidgets/dialog/PathChange$1$1
instanceKlass com/mathworks/mlwidgets/dialog/PathChange$1
instanceKlass com/mathworks/mde/editor/EditorUiUtils
instanceKlass com/mathworks/mlwidgets/dialog/PathChange
instanceKlass com/mathworks/mde/editor/plugins/matlab/EditorSaveRunAndPublishUtils$2
instanceKlass com/mathworks/mde/editor/plugins/matlab/EditorSaveRunAndPublishUtils$1
instanceKlass com/mathworks/mlwidgets/configeditor/ui/ActionRequestListener
instanceKlass com/mathworks/mde/editor/plugins/matlab/EditorSaveRunAndPublishUtils
instanceKlass com/mathworks/mde/editor/plugins/matlab/RunMenu$14
instanceKlass com/mathworks/mde/editor/plugins/editordataservice/LegacyJavaExecutionFeature$2
instanceKlass com/mathworks/mwswing/datatransfer/MJClipboard$PrivateClipboardOwner
instanceKlass com/mathworks/mwswing/datatransfer/MJClipboard
instanceKlass com/mathworks/mde/cmdwin/CmdWinMLIF$1
instanceKlass com/mathworks/mde/cmdwin/CmdWinEditorKit$CurrentMCode
instanceKlass com/mathworks/mwswing/binding/InputMapUtils
instanceKlass com/mathworks/mwswing/binding/KeySequenceDispatcher$BindingData
instanceKlass javax/swing/text/DefaultHighlighter$HighlightInfo
instanceKlass sun/awt/datatransfer/SunClipboard$$Lambda$59
instanceKlass com/mathworks/jmi/MatlabPath$1
instanceKlass com/mathworks/mde/liveeditor/LiveEditorClient$$Lambda$58
instanceKlass com/mathworks/widgets/datamodel/AbstractFileBackingStore$DialogInteractionModel
instanceKlass com/mathworks/widgets/editor/LiveCodeUtils
instanceKlass com/mathworks/mde/liveeditor/LiveEditorClient$47
instanceKlass sun/misc/ObjectInputFilter$Config$$Lambda$57
instanceKlass sun/misc/ObjectInputFilter
instanceKlass sun/misc/ObjectInputFilter$Config
instanceKlass java/io/ObjectInputStream$ValidationList
instanceKlass java/io/ObjectInputStream$HandleTable$HandleList
instanceKlass java/io/ObjectInputStream$HandleTable
instanceKlass java/io/ObjectInputStream$$Lambda$56
instanceKlass sun/misc/JavaObjectInputStreamAccess
instanceKlass java/lang/invoke/LambdaForm$DMH
instanceKlass sun/misc/ObjectStreamClassValidator
instanceKlass java/io/ObjectInputStream$1
instanceKlass sun/misc/JavaOISAccess
instanceKlass java/io/ObjectStreamClass$FieldReflector
instanceKlass java/io/ObjectStreamClass$3
instanceKlass java/io/ObjectStreamClass$EntryFuture
instanceKlass java/io/ObjectStreamClass$Caches
instanceKlass java/io/ObjectStreamClass$1
instanceKlass java/io/ObjectStreamClass
instanceKlass java/io/Bits
instanceKlass java/io/ObjectOutputStream$ReplaceTable
instanceKlass java/io/ObjectOutputStream$HandleTable
instanceKlass sun/awt/datatransfer/TransferableProxy
instanceKlass com/mathworks/mwswing/datatransfer/MJTransferable$CompoundTransferable
instanceKlass com/mathworks/mwswing/datatransfer/MJTransferable
instanceKlass sun/awt/datatransfer/ClipboardTransferable$DataFactory
instanceKlass sun/awt/datatransfer/ClipboardTransferable
instanceKlass sun/awt/datatransfer/SunClipboard$1SunFlavorChangeNotifier
instanceKlass com/mathworks/toolstrip/factory/TSToolSetContents$1
instanceKlass com/sun/java/swing/plaf/windows/AnimationController$AnimationState
instanceKlass java/awt/geom/EllipseIterator
instanceKlass com/mathworks/system/editor/toolstrip/SystemLiveEditorToolstripTabContributor$Listeners$2$1
instanceKlass com/mathworks/services/filepath/FilePathUtils
instanceKlass com/mathworks/cmlink/implementations/git/ExternalEditManagingGitAdapter$11
instanceKlass com/mathworks/cmlink/util/decoration/CMAdapterRepetitiveDecorator$19
instanceKlass com/mathworks/cmlink/management/queue/CMAdapterQueued$3
instanceKlass com/mathworks/cmlink/management/cache/transaction/FileListCacheTransaction
instanceKlass com/mathworks/cmlink/management/cache/transaction/CacheTransactionGenerator$2$2
instanceKlass com/mathworks/cmlink/management/cache/transaction/CacheTransactionGenerator$2$1
instanceKlass com/mathworks/cmlink/management/cache/AsynchronousCmStatusCache$CachePollingFileSystemListener$1$1
instanceKlass com/mathworks/cmlink/management/cache/transaction/CacheTransactionGenerator$2
instanceKlass com/mathworks/cmlink/management/cache/AsynchronousCmStatusCache$CachePollingFileSystemListener$1
instanceKlass com/mathworks/util/PollingChangeNotification
instanceKlass com/mathworks/mde/editor/MatlabEditorApplication$13$1
instanceKlass com/mathworks/cmlink/management/cache/AsynchronousCmStatusCache$2
instanceKlass com/mathworks/cmlink/management/cache/AsynchronousCmStatusCache$CacheFileSystemListener$1
instanceKlass com/mathworks/mde/editor/MatlabEditorApplication$12$2
instanceKlass com/mathworks/mde/liveeditor/widget/rtc/export/FileUtils
instanceKlass javax/swing/RowSorter
instanceKlass com/mathworks/mde/liveeditor/widget/rtc/AbstractDocumentBackingStore$1
instanceKlass com/mathworks/widgets/datamodel/AbstractFileBackingStore$ExceptionInteractionModel
instanceKlass com/mathworks/mde/liveeditor/LiveEditorClient$41
instanceKlass com/mathworks/mwswing/MJFileChooserPerPlatform
instanceKlass com/mathworks/mwswing/NativeDialogLauncher
instanceKlass com/mathworks/util/AbsoluteFile
instanceKlass com/mathworks/services/mlx/MlxFileUtils$LiveFunctionFlagListener
instanceKlass com/mathworks/services/opc/OpcPackage
instanceKlass com/mathworks/mde/liveeditor/LiveEditorToolSetFactory$9$1
instanceKlass com/mathworks/mde/liveeditor/LiveEditorClient$44$1
instanceKlass javax/swing/JComponent$IntVector
instanceKlass javax/swing/JComponent$KeyboardState
instanceKlass java/awt/KeyboardFocusManager$5
instanceKlass com/mathworks/toolbox/matlab/matlabwindowjava/handler/CefKeyEventUtils
instanceKlass com/mathworks/toolbox/matlab/matlabwindowjava/handler/CefKeyEventAdapter$1
instanceKlass com/mathworks/toolbox/matlab/matlabwindowjava/handler/CefKeyEventAdapter
instanceKlass org/cef/misc/BoolRef
instanceKlass org/cef/handler/CefKeyboardHandler$CefKeyEvent
instanceKlass com/mathworks/mde/liveeditor/LiveEditorClient$4
instanceKlass javax/swing/InputVerifier
instanceKlass com/mathworks/jmi/AWTUtilities$Invoker$3$1
instanceKlass com/mathworks/jmi/AWTUtilities$Invoker$3
instanceKlass com/mathworks/mde/cmdwin/XCaret$4
instanceKlass com/mathworks/mde/cmdwin/CmdWinMLIF$3
instanceKlass com/mathworks/mde/cmdwin/XCaret$3
instanceKlass com/mathworks/mde/cmdwin/XCaret$1
instanceKlass com/mathworks/toolbox/matlab/matlabwindowjava/CEFBrowserFocusManager$3
instanceKlass com/mathworks/widgets/desk/DeferredRunnable
instanceKlass com/mathworks/widgets/desk/Desktop$53
instanceKlass sun/awt/ModalExclude
instanceKlass javax/swing/PopupFactory
instanceKlass javax/swing/plaf/basic/BasicToolTipUI$PropertyChangeHandler
instanceKlass com/mathworks/toolstrip/factory/TSTabConfiguration$1
instanceKlass com/mathworks/mde/cmdwin/CmdWinDocumentUtilities
instanceKlass com/mathworks/mde/cmdwin/CmdWinDocument$4
instanceKlass com/mathworks/mde/cmdwin/CmdWinDocument$AnnotatedInfo
instanceKlass com/mathworks/mde/cmdwin/CmdWinDocument$SpecialCharacter
instanceKlass com/mathworks/mde/cmdhist/AltHistory$4
instanceKlass com/mathworks/util/ArrayUtils
instanceKlass com/mathworks/hg/peer/GraphicsPeer$2
instanceKlass com/mathworks/hg/peer/JavaSceneServerPeer$1
instanceKlass com/mathworks/hg/uij/CustomCursor
instanceKlass com/mathworks/toolbox/matlab/matlabwindowjava/CEFBrowserFocusManager$1
instanceKlass java/awt/Window$1DisposeAction
instanceKlass com/mathworks/hg/peer/FigureEditableComponentManager
instanceKlass jogamp/opengl/awt/AWTThreadingPlugin$1
instanceKlass jogamp/opengl/awt/AWTThreadingPlugin
instanceKlass jogamp/opengl/ToolkitThreadingPlugin
instanceKlass jogamp/opengl/ThreadingImpl$1
instanceKlass jogamp/opengl/ThreadingImpl
instanceKlass com/jogamp/opengl/Threading
instanceKlass com/mathworks/hg/peer/FigureFrameProxy$FigureFrame$1
instanceKlass sun/awt/SunToolkit$1
instanceKlass java/awt/KeyboardFocusManager$2
instanceKlass com/mathworks/widgets/desk/DTSingleClientFrame$LocalWindowListener$3
instanceKlass java/beans/PropertyChangeSupport$1
instanceKlass sun/misc/FormattedFloatingDecimal$2
instanceKlass sun/misc/FormattedFloatingDecimal
instanceKlass com/mathworks/jmi/Callback$DelayedListener
instanceKlass com/mathworks/hg/peer/EventUtilities
instanceKlass com/sun/java/swing/plaf/windows/AnimationController$1
instanceKlass jogamp/opengl/GLStateTracker$SavedState
instanceKlass com/jogamp/opengl/util/GLPixelBuffer$GLPixelAttributes
instanceKlass com/jogamp/opengl/util/GLPixelBuffer$DefaultGLPixelBufferProvider
instanceKlass com/jogamp/common/util/IntBitfield
instanceKlass com/jogamp/nativewindow/util/PixelFormat$PackedComposition
instanceKlass com/jogamp/nativewindow/util/PixelFormat$Composition
instanceKlass com/jogamp/opengl/util/texture/TextureState
instanceKlass com/mathworks/hg/uij/RenderingHintsHelper
instanceKlass sun/font/DelegatingShape
instanceKlass java/awt/font/TextLine$TextLineMetrics
instanceKlass sun/font/GlyphLayout$LayoutEngineKey
instanceKlass sun/font/GlyphLayout$EngineRecord
instanceKlass sun/font/ScriptRunData
instanceKlass sun/font/GlyphLayout$SDCache$SDKey
instanceKlass sun/font/GlyphLayout$SDCache
instanceKlass sun/font/FontRunIterator
instanceKlass sun/font/ScriptRun
instanceKlass sun/font/TextRecord
instanceKlass sun/font/GlyphLayout$GVData
instanceKlass sun/font/SunLayoutEngine
instanceKlass sun/font/GlyphLayout$LayoutEngineFactory
instanceKlass sun/font/GlyphLayout$LayoutEngine
instanceKlass sun/font/GlyphLayout
instanceKlass sun/font/TextLabel
instanceKlass sun/font/Decoration$Label
instanceKlass sun/font/TextSource
instanceKlass sun/font/TextLineComponent
instanceKlass sun/font/TextLabelFactory
instanceKlass sun/font/Decoration
instanceKlass sun/text/normalizer/UBiDiProps$IsAcceptable
instanceKlass sun/text/normalizer/UBiDiProps
instanceKlass sun/text/normalizer/Trie$DefaultGetFoldingOffset
instanceKlass sun/text/normalizer/UCharacterPropertyReader
instanceKlass sun/text/normalizer/UCharacterProperty
instanceKlass sun/text/normalizer/UCharacter
instanceKlass sun/text/bidi/BidiBase$ImpTabPair
instanceKlass sun/text/bidi/BidiBase
instanceKlass java/text/Bidi
instanceKlass java/awt/font/TextLine$Function
instanceKlass java/awt/font/TextLine
instanceKlass java/awt/font/TextLayout$CaretPolicy
instanceKlass java/awt/font/TextLayout
instanceKlass com/mathworks/hg/uij/OpenGLUtils$CrashLog
instanceKlass com/jogamp/opengl/FBObject$1
instanceKlass com/jogamp/opengl/FBObject$Attachment
instanceKlass com/jogamp/opengl/FBObject$Colorbuffer
instanceKlass com/jogamp/opengl/FBObject
instanceKlass com/jogamp/opengl/GLFBODrawable$Resizeable
instanceKlass com/jogamp/opengl/util/GLPixelBuffer
instanceKlass com/jogamp/opengl/util/GLPixelStorageModes
instanceKlass com/jogamp/opengl/awt/GLJPanel$OffscreenBackend
instanceKlass java/beans/Beans
instanceKlass sun/swing/MenuItemLayoutHelper$ColumnAlignment
instanceKlass sun/swing/MenuItemLayoutHelper$LayoutResult
instanceKlass com/mathworks/hg/peer/OffscreenWindowProvider
instanceKlass com/mathworks/hg/peer/FigurePeer$18
instanceKlass jogamp/nativewindow/SurfaceScaleUtils
instanceKlass jogamp/nativewindow/awt/AWTMisc
instanceKlass com/mathworks/mde/desk/DDUXLoggerBridge$2
instanceKlass org/apache/commons/codec/binary/Hex
instanceKlass org/apache/commons/codec/BinaryDecoder
instanceKlass org/apache/commons/codec/Decoder
instanceKlass org/apache/commons/codec/BinaryEncoder
instanceKlass org/apache/commons/codec/Encoder
instanceKlass org/apache/commons/codec/binary/StringUtils
instanceKlass org/apache/commons/codec/digest/DigestUtils
instanceKlass com/mathworks/hg/peer/FigurePeer$27
instanceKlass com/mathworks/hg/peer/AbstractToolbuttonPeer$AbstractToolListener
instanceKlass sun/swing/MenuItemLayoutHelper$RectSize
instanceKlass sun/security/ssl/SecureKey
instanceKlass com/mathworks/hg/peer/FigureComponentProxy$1
instanceKlass com/mathworks/hg/peer/PositionData
instanceKlass com/mathworks/hg/peer/PaintDisabled
instanceKlass com/mathworks/hg/util/HGPeerQueue$HGPeerRunnablesRunner
instanceKlass com/mathworks/hg/uij/TextBoundsRequestHandler$TextExtentsRunnable
instanceKlass com/mathworks/hg/uij/TextBoundsRequestHandler
instanceKlass com/mathworks/hg/peer/CommandRunnable
instanceKlass com/mathworks/hg/util/DisplayChangeManager
instanceKlass com/mathworks/hg/util/GraphicsDeviceUtilities
instanceKlass com/mathworks/hg/peer/JOGLEventListener
instanceKlass com/jogamp/opengl/util/TileRendererBase$TileRendererListener
instanceKlass jogamp/opengl/GLDrawableHelper$1
instanceKlass com/jogamp/opengl/awt/GLJPanel$12
instanceKlass com/jogamp/opengl/awt/GLJPanel$11
instanceKlass com/jogamp/opengl/awt/GLJPanel$10
instanceKlass com/jogamp/opengl/awt/GLJPanel$9
instanceKlass com/jogamp/opengl/awt/GLJPanel$8
instanceKlass com/jogamp/opengl/awt/GLJPanel$6
instanceKlass com/jogamp/opengl/awt/GLJPanel$5
instanceKlass com/jogamp/opengl/awt/GLJPanel$4
instanceKlass com/jogamp/opengl/awt/GLJPanel$2
instanceKlass com/jogamp/nativewindow/awt/AWTWindowClosingProtocol
instanceKlass com/jogamp/opengl/awt/GLJPanel$1
instanceKlass com/mathworks/hg/peer/HGCanvasPeer$Size
instanceKlass com/mathworks/hg/peer/HGCanvasPeer$Scale
instanceKlass com/jogamp/opengl/GLCapabilitiesChooser
instanceKlass com/jogamp/opengl/awt/GLJPanel$Updater
instanceKlass com/jogamp/opengl/util/awt/AWTGLPixelBuffer$AWTGLPixelBufferProvider
instanceKlass com/jogamp/opengl/util/GLPixelBuffer$SingletonGLPixelBufferProvider
instanceKlass com/jogamp/opengl/util/GLPixelBuffer$GLPixelBufferProvider
instanceKlass jogamp/opengl/awt/AWTTilePainter
instanceKlass com/jogamp/opengl/GLAnimatorControl
instanceKlass com/jogamp/opengl/FPSCounter
instanceKlass jogamp/opengl/GLDrawableHelper
instanceKlass com/jogamp/opengl/GLRunnable
instanceKlass com/jogamp/opengl/awt/GLJPanel$Backend
instanceKlass com/jogamp/opengl/GLEventListener
instanceKlass com/mathworks/hg/peer/OpenGLWrapper$OpenGLEventListener
instanceKlass com/mathworks/hg/peer/GLCanvasPeerFactory
instanceKlass com/mathworks/hg/peer/GraphicsPeersUtilities$PairOfPeers
instanceKlass com/mathworks/hg/peer/GraphicsPeer$1
instanceKlass com/mathworks/hg/peer/CanvasPeerMouseListener
instanceKlass com/mathworks/hg/peer/HGCanvasComponentPeer
instanceKlass com/mathworks/hg/print/Exportable
instanceKlass com/mathworks/hg/peer/HGCanvasPeer
instanceKlass com/mathworks/hg/peer/GraphicsPeer
instanceKlass com/mathworks/hg/peer/SceneServerInterface
instanceKlass com/mathworks/hg/peer/CommandTarget
instanceKlass com/mathworks/hg/peer/GraphicsEventHandler
instanceKlass com/mathworks/hg/peer/GraphicsPeersUtilities
instanceKlass com/mathworks/hg/peer/WindowRectHandlerImpl$MarginHelper
instanceKlass com/mathworks/hg/peer/FigureInsetsUtilities
instanceKlass com/mathworks/hg/util/HGPeerQueue
instanceKlass com/mathworks/jmi/bean/BeanFinalizeNotifier
instanceKlass com/mathworks/jmi/bean/ClassInfoServer
instanceKlass com/mathworks/util/MutableInt
instanceKlass com/mathworks/jmi/bean/MatlabBeanInterface
instanceKlass javax/swing/OverlayLayout
instanceKlass com/mathworks/hg/peer/HeavyweightLightweightContainerFactory$UIPanelHost
instanceKlass com/mathworks/hg/peer/HeavyweightLightweightContainerFactory$UIComponentHost
instanceKlass com/mathworks/hg/peer/FigureComponentContainerProxy$ComponentContainerPropertyChangeListener
instanceKlass com/mathworks/hg/peer/FigureComponentProxy$FigureKeyEventDispatcher
instanceKlass com/mathworks/hg/util/FocusTraversalUtilities
instanceKlass com/mathworks/hg/peer/HeavyweightLightweightContainerFactory
instanceKlass com/mathworks/hg/peer/HeavyweightLightweightContainerFactory$PrintableContainerUtility
instanceKlass com/sun/awt/AWTUtilities
instanceKlass com/mathworks/hg/peer/TransparentPanelUtilities
instanceKlass com/mathworks/hg/print/HGOutputFlags
instanceKlass com/mathworks/hg/peer/FigureClientProxy$FigureDTClientBase$1
instanceKlass com/mathworks/hg/peer/NoBlockOnResizeAndWindowStyleChangeState
instanceKlass com/mathworks/hg/peer/PositionHandler
instanceKlass com/mathworks/hg/peer/FigurePositionableProxy
instanceKlass com/mathworks/hg/peer/UIComponentManager
instanceKlass com/mathworks/hg/peer/FigureKeyListener
instanceKlass com/mathworks/hg/peer/FigureClientProxy$ShowEnabledHandler$1
instanceKlass com/mathworks/hg/peer/IPositionable
instanceKlass com/mathworks/hg/peer/FigurePeer$2
instanceKlass com/mathworks/hg/peer/WindowRectHandlerImpl$LocationSizeSetHandler
instanceKlass com/mathworks/hg/peer/WindowRectHandlerImpl$FigureAttributesChanging
instanceKlass com/mathworks/hg/peer/WindowRectHandlerImpl
instanceKlass com/mathworks/hg/peer/FigureWindowActiveState
instanceKlass com/mathworks/hg/peer/FigureHG2Client
instanceKlass com/mathworks/hg/peer/FigureClient
instanceKlass com/mathworks/hg/peer/BlockedOnPositionState
instanceKlass sun/font/AttributeValues$1
instanceKlass com/mathworks/hg/util/FontNameTranslator$FontNameTable
instanceKlass com/mathworks/hg/util/FontNameTranslator
instanceKlass com/mathworks/hg/util/FontConverter
instanceKlass com/mathworks/hg/uij/TextRasterizer
instanceKlass com/mathworks/mvm/context/ThreadContext$1
instanceKlass com/mathworks/jmi/AWTUtilities$Invoker$5$1
instanceKlass com/mathworks/jmi/AWTUtilities$Invoker$5
instanceKlass com/mathworks/hg/uij/CharacterSizeCalcProxy$1
instanceKlass com/mathworks/hg/uij/CharacterSizeCalcProxy
instanceKlass com/mathworks/widgets/spreadsheet/format/PrintMat$ScalarFormatPair
instanceKlass com/mathworks/widgets/spreadsheet/format/PrintMat$1
instanceKlass com/mathworks/widgets/spreadsheet/format/PrintMat
instanceKlass com/mathworks/widgets/spreadsheet/format/FormatUtils
instanceKlass com/mathworks/widgets/spreadsheet/color/ColorArrayTableModel
instanceKlass com/mathworks/widgets/recordlist/RecordlistTableModel$CellUpdater
instanceKlass com/mathworks/widgets/spreadsheet/format/Formattable
instanceKlass com/mathworks/mlwidgets/workspace/WorkspaceCommands$ActionLogProcessor
instanceKlass com/mathworks/mlwidgets/workspace/FetchedValueBuffer$FVBUpdater
instanceKlass com/mathworks/mlwidgets/workspace/FetchedValueBuffer$ModelUpdateRunnable
instanceKlass com/mathworks/hwsmanagement/InstalledSupportPackage$Builder
instanceKlass com/mathworks/mde/editor/MatlabBatchedBusyIdleStateManager$3
instanceKlass com/mathworks/jmi/AWTUtilities$MatlabWait
instanceKlass com/mathworks/mde/cmdwin/CmdWinDocument$FlushRunnable
instanceKlass com/mathworks/mde/editor/EditorToolSetFactory$7$1
instanceKlass com/mathworks/mde/editor/debug/EditorToolstripRefreshManager$BusyIdleListener$1
instanceKlass com/mathworks/mde/editor/EditorPauseAction$3$1
instanceKlass com/mathworks/mde/embeddedoutputs/RegionEvaluator
instanceKlass com/mathworks/ddux/DDUXLog
instanceKlass com/mathworks/mlwidgets/explorer/widgets/address/AddressBarButtonPanel$1
instanceKlass com/mathworks/mlwidgets/explorer/widgets/address/AddressBarButtonPanel$StateChangeListener$1
instanceKlass com/mathworks/mde/editor/plugins/editordataservice/VariableHighlightStatusBarFeature$1$1
instanceKlass com/mathworks/mde/editor/plugins/editordataservice/VariableHighlightStatusBarFeature$1
instanceKlass com/mathworks/widgets/text/mcode/variables/VariableStatusBarUtils
instanceKlass com/mathworks/mde/editor/EditorVariableHighlightingStatusInfoProvider
instanceKlass com/mathworks/widgets/text/mcode/variables/VariableStatusBarUtils$VariableHighlightingLayerStatusInfoProvider
instanceKlass com/mathworks/mde/editor/plugins/editordataservice/VariableHighlightStatusBarFeatureProvider
instanceKlass com/mathworks/mde/liveeditor/LiveEditorStatusBar$4
instanceKlass com/mathworks/mvm/exec/MvmSwingWorker$1$1
instanceKlass com/mathworks/system/editor/toolstrip/MATLABCommandSender$1
instanceKlass com/mathworks/system/editor/toolstrip/MATLABCommandSender$2
instanceKlass com/mathworks/system/editor/toolstrip/ToolstripControllerImpl$1
instanceKlass com/mathworks/mvm/exec/MvmSwingWorker$1
instanceKlass com/mathworks/widgets/desk/Desktop$45
instanceKlass com/mathworks/mde/liveeditor/LiveEditorGlobalActionManager$SingletonHolder
instanceKlass com/mathworks/mde/liveeditor/LiveEditorGlobalActionManager
instanceKlass com/mathworks/mde/liveeditor/widget/rtc/RichDocument$9
instanceKlass com/mathworks/toolbox/matlab/testframework/ui/toolstrip/TestsToolSetMatlabCommandSender$9
instanceKlass com/mathworks/toolbox/matlab/testframework/ui/toolstrip/TestsToolSetMatlabCommandSender$1
instanceKlass com/mathworks/mde/find/FindFilesController
instanceKlass com/mathworks/system/editor/toolstrip/SystemLiveEditorToolstripTabContributor$Listeners$4
instanceKlass com/mathworks/toolbox/matlab/testframework/ui/toolstrip/TestsLiveEditorToolstripContributor$$Lambda$55
instanceKlass java/lang/invoke/LambdaForm$DMH
instanceKlass java/util/ArrayDeque$DescendingIterator
instanceKlass com/mathworks/toolbox/matlab/matlabwindowjava/CEFWebComponent$5
instanceKlass com/mathworks/desktop/overlay/impl/DefaultOverlayManager$OverlayItem
instanceKlass com/google/common/primitives/IntsMethodsForWeb
instanceKlass com/mathworks/util/logger/impl/LegacyLogger
instanceKlass com/mathworks/util/logger/Logger
instanceKlass com/mathworks/util/event/EventUtils$1
instanceKlass com/mathworks/desktop/overlay/impl/DefaultOverlayManager$5
instanceKlass com/mathworks/desktop/overlay/impl/DefaultOverlayManager$4
instanceKlass com/mathworks/desktop/overlay/impl/DefaultOverlayManager$2
instanceKlass com/mathworks/desktop/overlay/impl/DefaultOverlayManager$1
instanceKlass com/google/common/collect/MapMakerInternalMap$StrongValueEntry
instanceKlass com/google/common/collect/MapMakerInternalMap$WeakKeyStrongValueEntry$Helper
instanceKlass javax/swing/CompareTabOrderComparator
instanceKlass com/google/common/collect/MapMakerInternalMap$InternalEntry
instanceKlass com/google/common/collect/MapMakerInternalMap$1
instanceKlass com/google/common/collect/MapMakerInternalMap$InternalEntryHelper
instanceKlass com/google/common/collect/MapMakerInternalMap$WeakValueReference
instanceKlass com/mathworks/desktop/overlay/OverlayManagers$DefaultFactory
instanceKlass com/mathworks/desktop/overlay/OverlayManagers$OverlayManagerFactory
instanceKlass com/mathworks/desktop/overlay/OverlayManagers
instanceKlass java/awt/MultipleGradientPaintContext
instanceKlass java/awt/MultipleGradientPaint
instanceKlass com/mathworks/widgets/desk/DTDropOutlinePainter
instanceKlass com/mathworks/widgets/desk/DTDragUtilities
instanceKlass java/awt/font/TextHitInfo
instanceKlass com/mathworks/widgets/text/mcode/MTree$1
instanceKlass com/mathworks/util/Cache
instanceKlass com/mathworks/widgets/text/mcode/MTree$Node
instanceKlass com/mathworks/util/Cache$Loader
instanceKlass com/mathworks/mlwidgets/explorer/extensions/matlab/MFileTypeFinder
instanceKlass com/mathworks/mlwidgets/explorer/model/FileDecorationModel$1$2$1
instanceKlass com/mathworks/cmlink/util/ui/icon/CmlinkIcons$1
instanceKlass com/mathworks/cmlink/util/ui/icon/CmlinkIcons
instanceKlass com/mathworks/sourcecontrol/StringIcon
instanceKlass com/mathworks/sourcecontrol/SCStatusCacheUtil
instanceKlass sun/awt/windows/WInputMethod$1
instanceKlass com/mathworks/page/plottool/propertyeditor/controls/AbstractPositionSelector$SelectableRegion
instanceKlass com/mathworks/page/plottool/propertyeditor/controls/LimitsControl$LimitsInputCompletionObserver
instanceKlass com/mathworks/page/plottool/propertyeditor/controls/ValueStringVector
instanceKlass com/mathworks/page/plottool/propertyeditor/controls/PropertyControl$UDDPropertyChangeListener
instanceKlass java/beans/Customizer
instanceKlass com/mathworks/page/plottool/propertyeditor/panels/IPropertyPanel
instanceKlass com/mathworks/page/plottool/propertyeditor/BeanManager
instanceKlass com/mathworks/page/plottool/PropertyEditor$UpdateObjectsMatlabRunnable
instanceKlass com/mathworks/page/plottool/propertyeditor/PropertyEditorResources
instanceKlass com/mathworks/page/plottool/figurepalette/FigurePaletteResources
instanceKlass com/mathworks/page/plottool/figurepalette/VarsPalettePage$FigPalatteWorkspaceIcon
instanceKlass com/mathworks/page/plottool/PlotBrowser$CachedFigureState
instanceKlass javax/swing/event/TreeModelListener
instanceKlass com/mathworks/page/plottool/PlotBrowser$ParentProxy
instanceKlass com/mathworks/page/plottool/PlotBrowser$BrowserItem
instanceKlass com/mathworks/page/plottool/MatlabSelectionListener
instanceKlass com/mathworks/page/plottool/SelectionManager$DropListener
instanceKlass com/mathworks/page/plottool/SelectionManager
instanceKlass com/mathworks/widgets/color/ColorPicker$ColorSwatch
instanceKlass com/mathworks/widgets/color/ColorPickerUtils
instanceKlass com/jgoodies/forms/util/DefaultUnitConverter$DialogBaseUnits
instanceKlass com/jgoodies/forms/util/AbstractUnitConverter
instanceKlass com/mathworks/hg/types/HGLineStyles
instanceKlass com/mathworks/hg/types/HGPoint3
instanceKlass com/mathworks/hg/types/HGView
instanceKlass org/apache/commons/lang/math/Range
instanceKlass com/mathworks/hg/types/Resources
instanceKlass com/mathworks/hg/types/HGMeshColor
instanceKlass com/mathworks/hg/types/HGRectangle
instanceKlass com/mathworks/hg/types/HGPoint
instanceKlass java/beans/PropertyEditorManager
instanceKlass java/beans/PropertyEditorSupport
instanceKlass java/beans/PropertyEditor
instanceKlass com/mathworks/beans/editors/IEditorContextSupport
instanceKlass com/mathworks/beans/editors/EnhancedPropertyEditor
instanceKlass com/mathworks/hg/types/HGColor
instanceKlass com/mathworks/hg/types/HGHandle
instanceKlass com/mathworks/hg/Text
instanceKlass com/mathworks/hg/Axes
instanceKlass com/mathworks/hg/GObject
instanceKlass com/mathworks/hg/Figure
instanceKlass com/mathworks/hg/Root
instanceKlass com/mathworks/mlwidgets/util/productinfo/ProductInfoUtils$Parser
instanceKlass com/mathworks/mlwidgets/util/productinfo/ProductInfoUtils$PathActionListener
instanceKlass com/mathworks/jmi/bean/generic_info
instanceKlass com/mathworks/jmi/bean/attribute_info
instanceKlass com/mathworks/jmi/bean/cp_info
instanceKlass com/mathworks/jmi/bean/class_file
instanceKlass com/mathworks/jmi/bean/BeanFileData
instanceKlass com/mathworks/jmi/bean/BeanManager
instanceKlass com/mathworks/jmi/bean/CallbackInfo
instanceKlass com/mathworks/jmi/bean/CallbackData
instanceKlass com/mathworks/jmi/bean/EventQueue
instanceKlass com/mathworks/jmi/bean/MatlabCallbackInterface
instanceKlass com/mathworks/jmi/bean/EventCallback
instanceKlass com/mathworks/jmi/bean/BeanWrapper
instanceKlass com/mathworks/jmi/bean/MethodInfo
instanceKlass com/mathworks/jmi/bean/EventInfo
instanceKlass com/mathworks/jmi/bean/ClassWrapper
instanceKlass com/mathworks/jmi/bean/PropInfo
instanceKlass com/mathworks/beans/ExtraPropertyAttributes
instanceKlass com/mathworks/jmi/bean/EventServer
instanceKlass com/mathworks/jmi/bean/BeanUDDListenerAdapter
instanceKlass com/mathworks/jmi/bean/ClassFileEditor
instanceKlass com/mathworks/jmi/bean/ListenerClassServer
instanceKlass com/mathworks/hg/peer/ui/table/event/UITableCellEditValidationListener
instanceKlass com/mathworks/hg/peer/ui/table/event/UITableCellEditListener
instanceKlass com/mathworks/hg/peer/ui/event/UIKeyListener
instanceKlass com/mathworks/hg/peer/event/UicontrolUserListener
instanceKlass com/mathworks/hg/peer/event/UicontrolListener
instanceKlass com/mathworks/hg/peer/event/UicontrolKeyListener
instanceKlass com/mathworks/hg/peer/event/NodeSelectedListener
instanceKlass com/mathworks/hg/peer/event/NodeSelectedEvent
instanceKlass com/mathworks/hg/peer/event/NodeExpandedListener
instanceKlass com/mathworks/hg/peer/event/NodeExpandedEvent
instanceKlass com/mathworks/hg/peer/event/NodeDroppedListener
instanceKlass com/mathworks/hg/peer/event/NodeDroppedEvent
instanceKlass com/mathworks/hg/peer/event/DataChangedListener
instanceKlass com/mathworks/hg/peer/event/DataChangedEvent
instanceKlass com/mathworks/hg/peer/WindowsTextMetric
instanceKlass com/mathworks/hg/peer/WindowRectHandler
instanceKlass com/mathworks/hg/peer/UnitPos
instanceKlass com/mathworks/hg/peer/UitablePeer$TableChangeListener
instanceKlass com/mathworks/widgets/spreadsheet/ICellQueryInformant
instanceKlass com/mathworks/hg/peer/UitablePeer$SynchronousInvokeRunnable
instanceKlass com/mathworks/widgets/spreadsheet/SelectionHider
instanceKlass com/mathworks/widgets/spreadsheet/ISpreadsheetNavPrefControl
instanceKlass com/mathworks/widgets/spreadsheet/ISpreadsheetSelectionController
instanceKlass com/mathworks/widgets/spreadsheet/ISelectionOpProvider
instanceKlass com/mathworks/widgets/spreadsheet/format/FormattableDisplay
instanceKlass com/mathworks/widgets/spreadsheet/IRegionOpProvider
instanceKlass com/mathworks/widgets/spreadsheet/IRowHeaderPopupMenuSource
instanceKlass com/mathworks/hg/peer/UicontrolBuilder
instanceKlass com/mathworks/hg/peer/UITreePeer$SelectionListener
instanceKlass javax/swing/event/TreeSelectionListener
instanceKlass com/mathworks/hg/peer/UITreePeer$ExpansionListener
instanceKlass javax/swing/tree/TreeModel
instanceKlass javax/swing/tree/DefaultMutableTreeNode
instanceKlass com/mathworks/hg/peer/AbstractComponentPeer
instanceKlass com/mathworks/hg/peer/UIPanel
instanceKlass com/mathworks/hg/peer/ToolbarPeer$1
instanceKlass com/mathworks/hg/peer/TextObjectEdit$CallbackData
instanceKlass com/mathworks/hg/peer/TextObjectEdit$TextEditUndoableListener
instanceKlass com/mathworks/hg/peer/PopupMenuHideHelper
instanceKlass com/mathworks/hg/peer/MenuPeer$MenuItemActionListener
instanceKlass com/mathworks/hg/peer/MenuPeer$MainMenuActionListener
instanceKlass java/awt/event/ContainerAdapter
instanceKlass jogamp/opengl/windows/wgl/WindowsWGLDrawableFactory$SharedResource
instanceKlass jogamp/opengl/windows/wgl/WGLExtProcAddressTable$1
instanceKlass com/jogamp/opengl/GLUniformData
instanceKlass com/jogamp/common/nio/AbstractBuffer
instanceKlass com/jogamp/common/nio/NativeBuffer
instanceKlass com/jogamp/opengl/GLArrayData
instanceKlass jogamp/opengl/windows/wgl/WGLExtImpl
instanceKlass jogamp/opengl/gl4/GL4bcProcAddressTable$1
instanceKlass jogamp/opengl/ExtensionAvailabilityCache
instanceKlass jogamp/opengl/gl4/GL4bcImpl$14
instanceKlass jogamp/opengl/gl4/GL4bcImpl$13
instanceKlass jogamp/opengl/gl4/GL4bcImpl$12
instanceKlass jogamp/opengl/gl4/GL4bcImpl$11
instanceKlass jogamp/opengl/gl4/GL4bcImpl$10
instanceKlass jogamp/opengl/gl4/GL4bcImpl$9
instanceKlass jogamp/opengl/gl4/GL4bcImpl$8
instanceKlass jogamp/opengl/gl4/GL4bcImpl$7
instanceKlass jogamp/opengl/gl4/GL4bcImpl$6
instanceKlass jogamp/opengl/gl4/GL4bcImpl$5
instanceKlass jogamp/opengl/gl4/GL4bcImpl$4
instanceKlass jogamp/opengl/gl4/GL4bcImpl$3
instanceKlass jogamp/opengl/gl4/GL4bcImpl$2
instanceKlass jogamp/opengl/gl4/GL4bcImpl$1
instanceKlass jogamp/opengl/GLContextImpl$1
instanceKlass com/jogamp/opengl/GLRendererQuirks
instanceKlass jogamp/opengl/GLContextShareSet
instanceKlass jogamp/opengl/ListenerSyncedImplStub
instanceKlass jogamp/opengl/GLDebugMessageHandler
instanceKlass com/jogamp/common/util/IntObjectHashMap$Entry
instanceKlass com/jogamp/common/util/IntObjectHashMap$EntryCM
instanceKlass com/jogamp/common/util/IntObjectHashMap$1
instanceKlass com/jogamp/common/util/IntObjectHashMap
instanceKlass com/jogamp/opengl/GLBufferStorage
instanceKlass jogamp/opengl/GLBufferObjectTracker
instanceKlass jogamp/opengl/GLBufferStateTracker
instanceKlass jogamp/opengl/GLContextImpl$2
instanceKlass com/jogamp/common/util/IntIntHashMap$Entry
instanceKlass com/jogamp/common/util/IntIntHashMap
instanceKlass jogamp/opengl/GLStateTracker
instanceKlass jogamp/opengl/windows/wgl/WGLExt
instanceKlass com/jogamp/opengl/GLDebugListener
instanceKlass jogamp/nativewindow/windows/PIXELFORMATDESCRIPTOR
instanceKlass jogamp/opengl/windows/wgl/WGLUtil
instanceKlass jogamp/nativewindow/windows/RegisteredClass
instanceKlass jogamp/nativewindow/SurfaceUpdatedHelper
instanceKlass com/jogamp/nativewindow/UpstreamSurfaceHookMutableSize
instanceKlass com/jogamp/nativewindow/UpstreamSurfaceHook$MutableSize
instanceKlass jogamp/nativewindow/ProxySurfaceImpl
instanceKlass com/jogamp/nativewindow/DefaultGraphicsConfiguration
instanceKlass jogamp/opengl/GLGraphicsConfigurationUtil
instanceKlass com/jogamp/nativewindow/DefaultGraphicsScreen
instanceKlass jogamp/opengl/windows/wgl/WindowsWGLDrawableFactory$SharedResourceImplementation
instanceKlass jogamp/opengl/SharedResourceRunner
instanceKlass com/jogamp/nativewindow/VisualIDHolder$VIDComparator
instanceKlass com/jogamp/nativewindow/Capabilities
instanceKlass com/jogamp/nativewindow/CapabilitiesChooser
instanceKlass com/jogamp/gluegen/runtime/opengl/GLNameResolver
instanceKlass com/jogamp/gluegen/runtime/opengl/GLProcAddressResolver
instanceKlass com/jogamp/gluegen/runtime/ProcAddressTable$1
instanceKlass jogamp/opengl/windows/wgl/WGL
instanceKlass jogamp/common/os/DynamicLinkerImpl$LibRef
instanceKlass com/jogamp/common/util/HashUtil
instanceKlass com/jogamp/common/util/LongObjectHashMap$Entry
instanceKlass com/jogamp/common/util/LongObjectHashMap$EntryCM
instanceKlass com/jogamp/common/util/LongObjectHashMap$1
instanceKlass com/jogamp/common/util/LongObjectHashMap
instanceKlass jogamp/common/os/DynamicLinkerImpl
instanceKlass com/jogamp/common/os/DynamicLibraryBundle$1
instanceKlass com/jogamp/common/util/RunnableExecutor$CurrentThreadExecutor
instanceKlass com/jogamp/common/util/RunnableExecutor
instanceKlass jogamp/opengl/GLDynamicLibraryBundleInfo
instanceKlass com/jogamp/common/os/DynamicLibraryBundleInfo
instanceKlass jogamp/opengl/windows/wgl/WindowsWGLDrawableFactory$1
instanceKlass jogamp/opengl/windows/wgl/WindowsWGLDrawableFactory$NopCPUAffinity
instanceKlass com/jogamp/nativewindow/ProxySurface
instanceKlass com/jogamp/nativewindow/MutableSurface
instanceKlass jogamp/opengl/GLDrawableImpl
instanceKlass jogamp/opengl/SharedResourceRunner$Resource
instanceKlass com/jogamp/common/os/DynamicLibraryBundle
instanceKlass jogamp/opengl/SharedResourceRunner$Implementation
instanceKlass jogamp/opengl/windows/wgl/WindowsWGLDrawableFactory$CPUAffinity
instanceKlass com/jogamp/opengl/GLFBODrawable
instanceKlass com/jogamp/opengl/GLOffscreenAutoDrawable
instanceKlass com/jogamp/nativewindow/UpstreamSurfaceHook
instanceKlass com/jogamp/opengl/GLCapabilitiesImmutable
instanceKlass com/jogamp/opengl/GLDrawableFactory$1
instanceKlass com/jogamp/opengl/GLDrawableFactory
instanceKlass jogamp/opengl/es3/GLES3Impl
instanceKlass com/jogamp/opengl/GLES3
instanceKlass com/jogamp/opengl/GLES2
instanceKlass jogamp/opengl/es1/GLES1Impl
instanceKlass com/jogamp/opengl/GLES1
instanceKlass com/jogamp/gluegen/runtime/ProcAddressTable
instanceKlass jogamp/opengl/GLBufferObjectTracker$MapBufferRangeDispatch
instanceKlass jogamp/opengl/GLBufferObjectTracker$MapBufferAllDispatch
instanceKlass jogamp/opengl/GLBufferObjectTracker$MapBufferDispatch
instanceKlass jogamp/opengl/GLBufferObjectTracker$UnmapBufferDispatch
instanceKlass jogamp/opengl/GLBufferObjectTracker$CreateStorageDispatch
instanceKlass jogamp/opengl/gl4/GL4bcImpl
instanceKlass com/jogamp/opengl/GL4bc
instanceKlass com/jogamp/opengl/GL4
instanceKlass com/jogamp/opengl/GL3bc
instanceKlass com/jogamp/opengl/GL3
instanceKlass com/jogamp/opengl/GL2
instanceKlass com/jogamp/opengl/GL2GL3
instanceKlass com/jogamp/opengl/GL4ES3
instanceKlass com/jogamp/opengl/GL3ES3
instanceKlass com/jogamp/opengl/GL2ES3
instanceKlass com/jogamp/opengl/GL2ES2
instanceKlass com/jogamp/opengl/GL2ES1
instanceKlass com/jogamp/opengl/fixedfunc/GLLightingFunc
instanceKlass com/jogamp/opengl/fixedfunc/GLPointerFunc
instanceKlass com/jogamp/opengl/fixedfunc/GLMatrixFunc
instanceKlass com/jogamp/opengl/GL
instanceKlass com/jogamp/opengl/GLBase
instanceKlass com/jogamp/nativewindow/ScalableSurface
instanceKlass com/jogamp/opengl/GLSharedContextSetter
instanceKlass com/jogamp/nativewindow/awt/AWTPrintLifecycle
instanceKlass com/jogamp/nativewindow/OffscreenLayerOption
instanceKlass com/jogamp/nativewindow/WindowClosingProtocol
instanceKlass com/jogamp/opengl/awt/AWTGLAutoDrawable
instanceKlass com/jogamp/opengl/awt/ComponentEvents
instanceKlass com/jogamp/opengl/GLAutoDrawable
instanceKlass com/jogamp/opengl/GLDrawable
instanceKlass com/jogamp/nativewindow/GraphicsConfigurationFactory$DeviceCapsType
instanceKlass com/jogamp/nativewindow/GraphicsConfigurationFactory
instanceKlass jogamp/nativewindow/NullToolkitLock
instanceKlass jogamp/nativewindow/windows/GDI
instanceKlass jogamp/nativewindow/windows/RegisteredClassFactory
instanceKlass com/jogamp/nativewindow/util/Point
instanceKlass jogamp/nativewindow/windows/GDIUtil
instanceKlass jogamp/nativewindow/ToolkitProperties
instanceKlass jogamp/nativewindow/jawt/JAWTUtil$3
instanceKlass jogamp/nativewindow/jawt/JAWTUtil$2
instanceKlass java/awt/DisplayMode
instanceKlass java/awt/peer/SystemTrayPeer
instanceKlass java/awt/SystemTray
instanceKlass java/awt/peer/TrayIconPeer
instanceKlass java/awt/peer/RobotPeer
instanceKlass java/awt/Robot
instanceKlass java/awt/peer/CheckboxMenuItemPeer
instanceKlass java/awt/peer/FileDialogPeer
instanceKlass java/awt/peer/PopupMenuPeer
instanceKlass java/awt/peer/MenuPeer
instanceKlass java/awt/peer/MenuItemPeer
instanceKlass java/awt/peer/MenuBarPeer
instanceKlass java/awt/peer/MenuComponentPeer
instanceKlass java/awt/peer/DialogPeer
instanceKlass java/awt/peer/ChoicePeer
instanceKlass java/awt/peer/TextAreaPeer
instanceKlass java/awt/peer/ScrollPanePeer
instanceKlass java/awt/peer/ScrollbarPeer
instanceKlass java/awt/peer/CheckboxPeer
instanceKlass java/awt/peer/ListPeer
instanceKlass java/awt/peer/LabelPeer
instanceKlass java/awt/peer/TextFieldPeer
instanceKlass java/awt/peer/TextComponentPeer
instanceKlass java/awt/peer/ButtonPeer
instanceKlass jogamp/nativewindow/jawt/JAWTUtil$PrivilegedDataBlob1
instanceKlass jogamp/nativewindow/jawt/JAWTUtil$1
instanceKlass jogamp/opengl/awt/Java2D$1
instanceKlass sun/java2d/opengl/OGLUtilities
instanceKlass jogamp/opengl/awt/Java2D$2
instanceKlass jogamp/opengl/awt/Java2D
instanceKlass jogamp/nativewindow/jawt/JAWTFactory
instanceKlass jogamp/nativewindow/jawt/JAWT$1
instanceKlass jogamp/nativewindow/jawt/JAWT
instanceKlass jogamp/nativewindow/NWJNILibLoader$1
instanceKlass jogamp/nativewindow/jawt/JAWTJNILibLoader$1
instanceKlass jogamp/nativewindow/jawt/JAWTUtil
instanceKlass com/jogamp/nativewindow/NativeWindowFactory$3
instanceKlass com/jogamp/nativewindow/DefaultGraphicsDevice
instanceKlass com/jogamp/nativewindow/NativeWindowFactory$4
instanceKlass com/jogamp/nativewindow/NativeWindowFactory$2$1
instanceKlass jogamp/nativewindow/Debug$1
instanceKlass com/jogamp/nativewindow/NativeWindowFactory$2
instanceKlass com/jogamp/nativewindow/AbstractGraphicsScreen
instanceKlass com/jogamp/nativewindow/NativeWindow
instanceKlass com/jogamp/nativewindow/NativeSurfaceHolder
instanceKlass com/jogamp/nativewindow/NativeSurface
instanceKlass com/jogamp/nativewindow/SurfaceUpdatedListener
instanceKlass com/jogamp/nativewindow/AbstractGraphicsConfiguration
instanceKlass com/jogamp/nativewindow/CapabilitiesImmutable
instanceKlass com/jogamp/nativewindow/VisualIDHolder
instanceKlass com/jogamp/nativewindow/ToolkitLock
instanceKlass com/jogamp/nativewindow/util/PointImmutable
instanceKlass com/jogamp/common/type/WriteCloneable
instanceKlass com/jogamp/nativewindow/AbstractGraphicsDevice
instanceKlass com/jogamp/nativewindow/NativeWindowFactory
instanceKlass com/jogamp/opengl/GLProfile$1
instanceKlass com/jogamp/gluegen/runtime/FunctionAddressResolver
instanceKlass com/jogamp/opengl/GLContext
instanceKlass jogamp/common/util/locks/RecursiveLockImpl01Unfairish$Sync
instanceKlass jogamp/common/util/locks/RecursiveLockImpl01Unfairish
instanceKlass com/jogamp/common/util/locks/RecursiveThreadGroupLock
instanceKlass com/jogamp/common/util/locks/RecursiveLock
instanceKlass com/jogamp/common/util/locks/ThreadLock
instanceKlass com/jogamp/common/util/locks/Lock
instanceKlass com/jogamp/common/util/locks/LockFactory
instanceKlass jogamp/opengl/Debug$1
instanceKlass jogamp/common/os/MachineDataInfoRuntime
instanceKlass jogamp/common/jvm/JVMUtil
instanceKlass com/jogamp/common/jvm/JNILibLoaderBase$1
instanceKlass com/jogamp/common/jvm/JNILibLoaderBase$DefaultAction
instanceKlass com/jogamp/common/jvm/JNILibLoaderBase$LoaderAction
instanceKlass com/jogamp/common/jvm/JNILibLoaderBase
instanceKlass com/jogamp/common/net/Uri$Encoded
instanceKlass com/jogamp/common/net/Uri
instanceKlass com/jogamp/common/util/JarUtil
instanceKlass com/jogamp/common/os/Platform$1
instanceKlass jogamp/common/os/PlatformPropsImpl$3
instanceKlass com/jogamp/common/nio/Buffers
instanceKlass com/jogamp/common/nio/StructAccessor
instanceKlass com/jogamp/common/os/MachineDataInfo
instanceKlass jogamp/common/os/elf/IOUtils
instanceKlass jogamp/common/os/elf/Ehdr_p1
instanceKlass jogamp/common/os/elf/ElfHeaderPart1
instanceKlass com/jogamp/common/os/NativeLibrary$2
instanceKlass com/jogamp/common/os/NativeLibrary$1
instanceKlass com/jogamp/common/os/NativeLibrary$4
instanceKlass com/jogamp/common/os/NativeLibrary$3
instanceKlass com/jogamp/common/util/cache/TempJarCache
instanceKlass com/jogamp/common/util/IOUtil
instanceKlass com/jogamp/common/os/NativeLibrary$5
instanceKlass com/jogamp/common/os/DynamicLinker
instanceKlass com/jogamp/common/os/NativeLibrary
instanceKlass com/jogamp/common/os/DynamicLookupHelper
instanceKlass jogamp/common/os/PlatformPropsImpl$1
instanceKlass jogamp/common/os/PlatformPropsImpl$2
instanceKlass com/jogamp/common/util/ReflectionUtil
instanceKlass com/jogamp/common/os/AndroidVersion
instanceKlass com/jogamp/common/util/VersionNumber
instanceKlass com/jogamp/common/util/PropertyAccess$1
instanceKlass com/jogamp/common/util/SecurityUtil
instanceKlass jogamp/common/Debug$1
instanceKlass com/jogamp/common/util/PropertyAccess
instanceKlass jogamp/common/os/PlatformPropsImpl
instanceKlass com/jogamp/opengl/GLProfile
instanceKlass com/mathworks/hg/uij/OpenGLUtils
instanceKlass com/mathworks/hg/util/NativeHG
instanceKlass com/mathworks/hg/GraphicsOpenGL
instanceKlass com/mathworks/hg/peer/JOGLInitializer
instanceKlass com/mathworks/hg/peer/ComponentContainer
instanceKlass com/mathworks/hg/peer/ObservableFigurePanel
instanceKlass com/mathworks/hg/peer/AbstractFigurePanelProxy
instanceKlass com/mathworks/hg/peer/FigureListener
instanceKlass com/mathworks/hg/peer/FigureJavaComponentListener
instanceKlass com/mathworks/hg/peer/FigureFrameProxyBaseAdapter
instanceKlass com/mathworks/hg/peer/FigureFrameProxy$FigureFrameKeyAdapter
instanceKlass com/mathworks/hg/peer/FigureFrameProxy$FigureFrameFullScreenListener
instanceKlass com/mathworks/mwswing/ControlKeyInterceptor
instanceKlass com/mathworks/hg/peer/FigureFrameProxy
instanceKlass com/mathworks/hg/peer/AbstractFigureFrameProxy
instanceKlass com/mathworks/hg/peer/FigureFocusTraversalPolicyFactory
instanceKlass com/mathworks/hg/peer/FigureEvent
instanceKlass com/mathworks/hg/peer/HeavyweightLightweightContainerFactory$FigurePrintable
instanceKlass com/mathworks/hg/peer/FigurePanelContainer
instanceKlass com/mathworks/hg/peer/FigureNotificationHandlerImpl
instanceKlass com/mathworks/hg/peer/FigureClientProxy$ShowEnabledHandler
instanceKlass com/mathworks/hg/peer/FigureClientProxy$ShowDisabledHandler
instanceKlass com/mathworks/hg/peer/PaintDisabled$PaintDisabledHandler
instanceKlass com/mathworks/hg/peer/PaintDisabled$PaintDisabledTargetHandler
instanceKlass com/mathworks/hg/peer/FigureClientProxy$ShowHandler
instanceKlass com/mathworks/hg/peer/FigureClientProxy
instanceKlass com/mathworks/hg/peer/PositionableFigureClientProxy
instanceKlass com/mathworks/hg/peer/Echo$FireRunnable
instanceKlass com/mathworks/hg/peer/ComboboxPeer$ComboBoxElement
instanceKlass com/mathworks/hg/peer/AbstractUicontrolPeer$1
instanceKlass com/mathworks/hg/peer/ButtonGroupChild
instanceKlass com/mathworks/hg/peer/FigureComponent
instanceKlass com/mathworks/widgets/text/mcode/MFoldInfoCollector
instanceKlass com/mathworks/mde/editor/MatlabEditor
instanceKlass com/mathworks/widgets/text/MWCaret$DelimiterMatchingController
instanceKlass org/netbeans/editor/BaseCaret
instanceKlass org/netbeans/api/editor/fold/FoldHierarchyListener
instanceKlass org/netbeans/editor/AtomicLockListener
instanceKlass com/mathworks/widgets/text/mcode/MLint$Category
instanceKlass com/mathworks/widgets/text/mcode/MLint$AutoFixChange
instanceKlass com/mathworks/widgets/text/mcode/MLint$Message
instanceKlass com/mathworks/widgets/text/mcode/MLint$DefaultCodeAnalyzerContentType
instanceKlass com/mathworks/widgets/text/mcode/MLint$MessageDefinition
instanceKlass com/mathworks/widgets/text/mcode/MLint$CodeAnalyzerContentType
instanceKlass com/mathworks/widgets/text/mcode/MLint
instanceKlass com/jidesoft/tooltip/BalloonShape
instanceKlass com/mathworks/widgets/tooltip/BalloonToolTip
instanceKlass com/mathworks/widgets/LightButton$IntegerRoundRect
instanceKlass com/mathworks/widgets/text/mcode/MEditorUI$OSGiEditorLayerProviderContributor
instanceKlass com/mathworks/widgets/text/mcode/MEditorUI$EditorLayerProviderContributor
instanceKlass org/netbeans/editor/DrawLayer$AbstractLayer
instanceKlass com/mathworks/widgets/text/MWDrawLayerFactory
instanceKlass org/netbeans/editor/JumpList$Entry
instanceKlass org/netbeans/editor/JumpList$1
instanceKlass org/netbeans/editor/WeakPropertyChangeSupport
instanceKlass org/netbeans/editor/JumpList
instanceKlass org/netbeans/spi/editor/fold/FoldManager
instanceKlass com/mathworks/widgets/text/mcode/MFoldManagerFactory
instanceKlass org/netbeans/spi/editor/fold/FoldManagerFactory
instanceKlass com/mathworks/matlab/api/dataview/BasicUiInfoProvider
instanceKlass com/mathworks/widgets/datamodel/TextFileBackingStore$DefaultEncodingProvider
instanceKlass org/netbeans/editor/FixLineSyntaxState
instanceKlass org/netbeans/editor/DocumentContent
instanceKlass org/netbeans/editor/GapStart
instanceKlass org/netbeans/editor/DrawLayerList
instanceKlass org/netbeans/editor/view/spi/EstimatedSpanView
instanceKlass org/netbeans/editor/view/spi/ViewLayoutState
instanceKlass org/netbeans/editor/DrawEngine$DrawInfo
instanceKlass org/netbeans/editor/DrawContext
instanceKlass org/netbeans/editor/DrawEngine
instanceKlass org/netbeans/editor/Annotations$LineAnnotations
instanceKlass org/netbeans/editor/AnnotationDesc
instanceKlass org/netbeans/editor/Annotations$MenuComparator
instanceKlass org/netbeans/editor/Mark
instanceKlass org/netbeans/editor/Annotations
instanceKlass org/netbeans/editor/FontMetricsCache$InfoImpl
instanceKlass org/netbeans/editor/FontMetricsCache$Info
instanceKlass org/netbeans/editor/FontMetricsCache
instanceKlass org/netbeans/editor/Analyzer
instanceKlass org/netbeans/editor/SettingsUtil$TokenColoringEvaluator
instanceKlass org/netbeans/editor/SettingsUtil$PrintColoringEvaluator
instanceKlass org/netbeans/editor/SettingsUtil
instanceKlass org/netbeans/editor/DrawGraphics$AbstractDG
instanceKlass org/netbeans/editor/MultiKeymap
instanceKlass org/netbeans/editor/FindSupport$IncSearchReturn
instanceKlass org/netbeans/editor/FindSupport$SearchPatternWrapper
instanceKlass org/netbeans/editor/FindSupport
instanceKlass org/netbeans/editor/MarkChain
instanceKlass org/netbeans/editor/LineElement
instanceKlass org/netbeans/lib/editor/util/swing/GapBranchElement
instanceKlass org/netbeans/editor/Registry
instanceKlass org/netbeans/editor/FinderFactory$AbstractFinder
instanceKlass org/netbeans/editor/FinderFactory$StringFinder
instanceKlass org/netbeans/editor/FinderFactory$BlocksFinder
instanceKlass org/netbeans/editor/FinderFactory
instanceKlass org/netbeans/editor/ActionFactory
instanceKlass org/netbeans/editor/TextBatchProcessor
instanceKlass org/netbeans/editor/TokenProcessor
instanceKlass com/mathworks/widgets/text/mcode/CmdManager$CmdMgrTextEventHandler
instanceKlass com/mathworks/widgets/text/mcode/CmdManager$CmdMgrTextViewListener
instanceKlass com/mathworks/widgets/text/mcode/CmdManager$JUnitExpose
instanceKlass com/mathworks/widgets/text/mcode/CmdManager
instanceKlass org/netbeans/editor/ext/AbstractFormatLayer
instanceKlass org/netbeans/editor/Formatter
instanceKlass org/netbeans/editor/ext/FormatLayer
instanceKlass com/mathworks/widgets/text/SmartFormatter
instanceKlass com/mathworks/widgets/text/MWToolTipSupport$DismissEventListener
instanceKlass com/mathworks/widgets/text/layer/EditorTip
instanceKlass com/mathworks/widgets/text/layer/EditorTip$MEditorTipStrategy
instanceKlass com/mathworks/widgets/text/MWEditorUI$1
instanceKlass org/netbeans/editor/EditorUI$1
instanceKlass org/netbeans/editor/AcceptorFactory$4
instanceKlass org/netbeans/editor/AcceptorFactory$3
instanceKlass org/netbeans/editor/AcceptorFactory$2
instanceKlass org/netbeans/editor/AcceptorFactory$1
instanceKlass org/netbeans/editor/AcceptorFactory$TwoChar
instanceKlass org/netbeans/editor/AcceptorFactory$Char
instanceKlass org/netbeans/editor/AcceptorFactory$Fixed
instanceKlass org/netbeans/editor/Acceptor
instanceKlass org/netbeans/editor/AcceptorFactory
instanceKlass org/netbeans/editor/SettingsDefaults
instanceKlass org/netbeans/editor/StatusBar
instanceKlass org/netbeans/editor/PopupManager
instanceKlass com/mathworks/widgets/text/ViewHierarchyModificationComponent
instanceKlass org/netbeans/editor/SideBarFactory
instanceKlass org/netbeans/editor/Annotations$AnnotationsListener
instanceKlass com/mathworks/widgets/text/MWKit$CopySelectionValues
instanceKlass com/mathworks/widgets/text/MWKit$InstancesNotEqual
instanceKlass com/mathworks/widgets/STPPrefsManager$PrintColoringEvaluator
instanceKlass com/mathworks/widgets/text/ErrorLogger
instanceKlass org/netbeans/api/editor/fold/FoldType
instanceKlass com/mathworks/widgets/text/simscape/SimscapeSyntaxHighlighting
instanceKlass com/mathworks/widgets/text/cuda/CudaSyntaxHighlighting
instanceKlass com/mathworks/widgets/text/vhdl/VHDLSyntaxHighlighting
instanceKlass com/mathworks/widgets/text/verilog/VerilogSyntaxHighlighting
instanceKlass com/mathworks/widgets/text/tlc/TLCSyntaxHighlighting
instanceKlass com/mathworks/widgets/SyntaxHighlightingUtils
instanceKlass com/mathworks/widgets/text/EditorPreferences
instanceKlass com/mathworks/widgets/STPPrefsManager$STPPrefsListener
instanceKlass com/mathworks/widgets/SyntaxTextPaneUtilities
instanceKlass org/netbeans/editor/Coloring
instanceKlass org/netbeans/editor/Settings$Evaluator
instanceKlass com/mathworks/widgets/STPPrefsManager
instanceKlass org/netbeans/editor/Settings$AbstractInitializer
instanceKlass org/netbeans/editor/Settings$Initializer
instanceKlass org/netbeans/editor/Settings
instanceKlass org/netbeans/editor/BaseKit$1
instanceKlass org/netbeans/editor/ImplementationProvider
instanceKlass org/netbeans/editor/SyntaxSupport
instanceKlass org/netbeans/editor/EditorUI
instanceKlass com/mathworks/widgets/text/TextDragAndDrop
instanceKlass org/netbeans/editor/PrintContainer
instanceKlass javax/swing/text/DocumentFilter$FilterBypass
instanceKlass org/netbeans/editor/CharSeq
instanceKlass org/netbeans/editor/DrawGraphics
instanceKlass org/netbeans/editor/DrawLayer
instanceKlass com/mathworks/widgets/SyntaxTextPane$SharedCaretListener
instanceKlass com/mathworks/widgets/SyntaxTextPane$SharedFocusListener
instanceKlass com/mathworks/widgets/SyntaxTextPane$ActionManager
instanceKlass com/mathworks/widgets/SyntaxTextPane$EmptyUniqueKeyProvider
instanceKlass com/mathworks/mlwidgets/stack/StackComboBox$StackCallback
instanceKlass com/mathworks/mlwidgets/stack/StackComboBox$Builder
instanceKlass com/mathworks/mde/editor/codepad/Codepad$DemoPanelClosedListener
instanceKlass com/mathworks/mde/editor/codepad/Codepad$PopupCallback
instanceKlass com/mathworks/mde/editor/codepad/Codepad$UntitledCellObject
instanceKlass com/mathworks/mde/editor/codepad/Codepad$TaggedLineManager
instanceKlass com/mathworks/mde/editor/codepad/Codepad$CodepadPrefListener
instanceKlass com/mathworks/matlab/api/editor/highlighting/EditorHighlighter
instanceKlass com/mathworks/widgets/HyperlinkTextLabel$HyperlinkStatusBarHandler
instanceKlass com/mathworks/mde/editor/PopupAction$Callback
instanceKlass com/mathworks/mde/editor/codepad/Codepad
instanceKlass com/mathworks/mde/editor/EditorView$EditorPrefListener
instanceKlass com/mathworks/mde/editor/EditorView$OSGiEditorLayerProviderDistributor
instanceKlass com/mathworks/mde/editor/EditorView$PageSetupRunnable
instanceKlass com/mathworks/matlab/api/debug/ExecutionDisplayAdapter
instanceKlass com/mathworks/mde/editor/codepad/CodepadContainer
instanceKlass com/mathworks/widgets/SyntaxTextPaneMultiView
instanceKlass com/mathworks/mde/editor/EditorView$EditorLayerProviderDistributor
instanceKlass com/mathworks/mde/editor/ExecutionArrowDisplay$TextEventHandler
instanceKlass com/mathworks/matlab/api/debug/ExecutionDisplayAdapter$RepaintListener
instanceKlass com/mathworks/mde/editor/ExecutionArrowDisplay
instanceKlass com/mathworks/matlab/api/debug/BreakpointUiInfoProvider
instanceKlass com/mathworks/matlab/api/debug/BreakpointMarginPopUpMenu
instanceKlass com/mathworks/mlwidgets/debug/DebugActions$ClearBkptListener
instanceKlass com/mathworks/matlab/api/debug/BreakpointModel
instanceKlass com/mathworks/matlab/api/debug/ContextMenuListener
instanceKlass com/mathworks/matlab/api/debug/ViewProvider
instanceKlass com/mathworks/widgets/text/mcode/CmdManager$CmdLineListener
instanceKlass com/mathworks/widgets/text/mcode/AbstractMBreakpointMargin
instanceKlass com/mathworks/mde/editor/breakpoints/MatlabBreakpointMargin
instanceKlass com/mathworks/mde/editor/EditorViewClient$DocumentTabActionProvider
instanceKlass com/mathworks/mde/editor/EditorViewClient$6
instanceKlass com/mathworks/mde/editor/EditorViewClient$5
instanceKlass com/mathworks/mde/editor/EditorViewClient$4
instanceKlass com/mathworks/mde/editor/EditorViewClient$3
instanceKlass com/mathworks/mde/editor/EditorViewListener
instanceKlass com/mathworks/mwswing/api/DirtyStateChangeListener
instanceKlass com/mathworks/mde/editor/EditorViewCallback
instanceKlass com/mathworks/mde/editor/EditorSyntaxTextPane$EditorDropTargetListener
instanceKlass com/mathworks/mwswing/api/ExtendedUndoManager
instanceKlass com/mathworks/mwswing/api/UndoabilityChangeListener
instanceKlass com/mathworks/widgets/SyntaxTextPane$UniqueKeyProvider
instanceKlass com/mathworks/widgets/text/ViewHierarchyChangeListener
instanceKlass com/mathworks/toolbox/difflink/server/AutoStart$1
instanceKlass com/mathworks/comparisons/util/Preconditions
instanceKlass com/mathworks/comparisons/prefs/SettingsPreferenceRetriever
instanceKlass com/mathworks/comparisons/prefs/PreferenceRetriever
instanceKlass com/mathworks/comparisons/prefs/ComparisonPreferenceManager
instanceKlass com/mathworks/toolbox/difflink/server/AutoStart$3
instanceKlass com/mathworks/comparisons/prefs/ComparisonPreference
instanceKlass com/mathworks/toolbox/difflink/server/AutoStart
instanceKlass com/mathworks/mde/appdesigner/AppDesignerDebugServices$1
instanceKlass com/mathworks/mde/appdesigner/AppDesignerDebugServices
instanceKlass com/mathworks/mde/appdesigner/AppDesignerStartup
instanceKlass com/mathworks/product/comparator/MatlabeticalProductNameComparator
instanceKlass com/mathworks/product/AbstractProduct
instanceKlass com/mathworks/product/Product
instanceKlass com/mathworks/product/dao/productdatafile/ProductDataFileDao
instanceKlass com/mathworks/product/dao/wrapper/WrapperDao
instanceKlass com/mathworks/product/dao/ProductDao
instanceKlass com/mathworks/product/dao/AbstractDaoFactoryInternal
instanceKlass com/mathworks/product/dao/DaoPluginFactory
instanceKlass com/mathworks/product/dao/DaoFactoryInternal
instanceKlass com/mathworks/product/dao/DaoFactory
instanceKlass com/mathworks/product/dao/DefaultDaoFactory
instanceKlass com/mathworks/product/dao/config/file/AbstractFileDaoConfig
instanceKlass com/mathworks/product/dao/config/file/FileDaoConfig
instanceKlass com/mathworks/helpsearch/HelpPathBuilder
instanceKlass com/mathworks/product/dao/config/DaoConfig
instanceKlass com/mathworks/mlwidgets/help/InstalledProductUtils
instanceKlass com/mathworks/mde/functionhints/FunctionHints
instanceKlass com/mathworks/page/plottool/StartupClasses
instanceKlass com/mathworks/mlwidgets/util/productinfo/InfoListener
instanceKlass com/mathworks/mlwidgets/util/productinfo/ProductItem
instanceKlass org/apache/xerces/impl/xs/models/XSAllCM
instanceKlass org/apache/xerces/impl/xs/AttributePSVImpl
instanceKlass org/apache/xerces/xs/AttributePSVI
instanceKlass org/apache/xerces/impl/dtd/models/CMStateSet
instanceKlass org/apache/xerces/impl/xs/models/XSDFACM
instanceKlass org/apache/xerces/xs/datatypes/XSQName
instanceKlass org/apache/xerces/impl/xs/XSConstraints$1
instanceKlass org/apache/xerces/impl/xs/XSConstraints
instanceKlass org/apache/xerces/impl/xs/util/XSObjectListImpl$1
instanceKlass org/apache/xerces/impl/xs/opti/NamedNodeMapImpl
instanceKlass org/apache/xerces/impl/xs/traversers/XSDAbstractParticleTraverser$ParticleArray
instanceKlass org/apache/xerces/xs/XSAnnotation
instanceKlass org/apache/xerces/impl/xs/traversers/XSDAbstractTraverser
instanceKlass org/apache/xerces/impl/xs/traversers/Container
instanceKlass org/apache/xerces/impl/xs/traversers/OneAttr
instanceKlass org/apache/xerces/impl/xs/util/XInt
instanceKlass org/apache/xerces/impl/xs/util/XIntPool
instanceKlass org/apache/xerces/impl/xs/traversers/XSAttributeChecker
instanceKlass org/apache/xerces/impl/xs/traversers/XSDHandler$XSDKey
instanceKlass org/apache/xerces/util/DOMUtil
instanceKlass org/apache/xerces/impl/xs/opti/DefaultNode
instanceKlass org/apache/xerces/impl/xs/XMLSchemaLoader$LocationArray
instanceKlass org/apache/xerces/impl/xs/XMLSchemaValidator$LocalIDKey
instanceKlass org/apache/xerces/impl/xs/identity/IdentityConstraint
instanceKlass org/apache/xerces/impl/xs/XMLSchemaValidator$ValueStoreCache
instanceKlass org/apache/xerces/util/IntStack
instanceKlass org/apache/xerces/impl/xs/identity/XPathMatcher
instanceKlass org/apache/xerces/impl/xs/XMLSchemaValidator$XPathMatcherStack
instanceKlass org/apache/xerces/impl/xs/XSNotationDecl
instanceKlass org/apache/xerces/impl/xs/opti/SchemaDOMParser$BooleanStack
instanceKlass org/apache/xerces/impl/xs/opti/DefaultXMLDocumentHandler
instanceKlass org/apache/xerces/impl/xs/traversers/XSDocumentInfo
instanceKlass org/apache/xerces/impl/xs/traversers/XSDHandler
instanceKlass org/apache/xerces/impl/xs/XSMessageFormatter
instanceKlass org/apache/xerces/util/DefaultErrorHandler
instanceKlass org/w3c/dom/DOMStringList
instanceKlass org/apache/xerces/impl/xs/XMLSchemaLoader
instanceKlass org/apache/xerces/xs/XSLoader
instanceKlass org/apache/xerces/xni/grammars/XMLGrammarLoader
instanceKlass org/apache/xerces/impl/xs/models/XSEmptyCM
instanceKlass org/apache/xerces/impl/xs/models/XSCMValidator
instanceKlass org/apache/xerces/impl/xs/models/CMBuilder
instanceKlass org/apache/xerces/impl/dtd/models/CMNode
instanceKlass org/apache/xerces/impl/xs/models/CMNodeFactory
instanceKlass org/apache/xerces/impl/xs/SubstitutionGroupHandler$OneSubGroup
instanceKlass org/apache/xerces/impl/xs/SubstitutionGroupHandler
instanceKlass org/apache/xerces/impl/xs/XSGrammarBucket
instanceKlass org/apache/xerces/impl/xs/XMLSchemaValidator$XSIErrorReporter
instanceKlass org/apache/xerces/impl/xs/ElementPSVImpl
instanceKlass org/apache/xerces/xs/ElementPSVI
instanceKlass org/apache/xerces/xs/ItemPSVI
instanceKlass org/apache/xerces/impl/xs/XSAttributeDecl
instanceKlass org/apache/xerces/xni/grammars/XMLSchemaDescription
instanceKlass org/apache/xerces/impl/xpath/regex/Token
instanceKlass org/apache/xerces/impl/xpath/regex/REUtil
instanceKlass org/apache/xerces/impl/xpath/regex/RegexParser
instanceKlass org/apache/xerces/impl/xpath/regex/Op
instanceKlass org/apache/xerces/impl/xpath/regex/RegularExpression
instanceKlass org/apache/xerces/impl/dv/xs/DecimalDV$XDecimal
instanceKlass org/apache/xerces/xs/datatypes/XSDecimal
instanceKlass org/apache/xerces/impl/dv/ValidatedInfo
instanceKlass org/apache/xerces/impl/dv/XSFacets
instanceKlass org/apache/xerces/impl/dv/xs/XSSimpleTypeDecl$4
instanceKlass org/apache/xerces/impl/dv/xs/XSSimpleTypeDecl$1
instanceKlass org/apache/xerces/impl/dv/xs/AbstractDateTimeDV$DateTimeData
instanceKlass org/apache/xerces/xs/datatypes/XSDateTime
instanceKlass javax/xml/datatype/XMLGregorianCalendar
instanceKlass javax/xml/datatype/Duration
instanceKlass javax/xml/datatype/DatatypeFactory
instanceKlass org/apache/xerces/impl/dv/xs/TypeValidator$1
instanceKlass org/apache/xerces/impl/dv/xs/TypeValidator
instanceKlass org/apache/xerces/xs/ShortList
instanceKlass org/apache/xerces/impl/dv/xs/XSSimpleTypeDecl
instanceKlass org/apache/xerces/util/SymbolHash$Entry
instanceKlass org/apache/xerces/util/SymbolHash
instanceKlass org/apache/xerces/impl/dv/XSSimpleType
instanceKlass org/apache/xerces/impl/dv/SchemaDVFactory
instanceKlass org/apache/xerces/impl/xs/XSElementDecl
instanceKlass org/apache/xerces/impl/xs/XSGroupDecl
instanceKlass org/apache/xerces/impl/xs/util/SimpleLocator
instanceKlass org/apache/xerces/impl/xs/XSAttributeUseImpl
instanceKlass org/apache/xerces/xs/XSAttributeUse
instanceKlass org/apache/xerces/impl/xs/XSAttributeGroupDecl
instanceKlass org/apache/xerces/impl/xs/XSModelGroupImpl
instanceKlass org/apache/xerces/xs/XSModelGroup
instanceKlass org/apache/xerces/impl/xs/XSParticleDecl
instanceKlass org/apache/xerces/impl/xs/XSWildcardDecl
instanceKlass org/apache/xerces/xs/XSWildcard
instanceKlass org/apache/xerces/impl/xs/SchemaSymbols
instanceKlass org/apache/xerces/xs/XSSimpleTypeDefinition
instanceKlass org/apache/xerces/xs/XSParticle
instanceKlass org/apache/xerces/xs/XSAttributeGroupDefinition
instanceKlass org/apache/xerces/xs/XSModelGroupDefinition
instanceKlass org/apache/xerces/xs/datatypes/ObjectList
instanceKlass org/apache/xerces/xs/XSIDCDefinition
instanceKlass org/apache/xerces/xs/XSModel
instanceKlass org/apache/xerces/xs/XSNamedMap
instanceKlass org/apache/xerces/xs/StringList
instanceKlass org/apache/xerces/xs/XSObjectList
instanceKlass org/apache/xerces/impl/xs/XSComplexTypeDecl
instanceKlass org/apache/xerces/xs/XSComplexTypeDefinition
instanceKlass org/apache/xerces/impl/xs/SchemaGrammar
instanceKlass org/apache/xerces/xs/XSNamespaceItem
instanceKlass org/apache/xerces/xni/grammars/XSGrammar
instanceKlass org/apache/xerces/impl/xs/identity/ValueStore
instanceKlass org/apache/xerces/xs/XSValue
instanceKlass org/apache/xerces/xs/XSAttributeDeclaration
instanceKlass org/apache/xerces/xs/XSNotationDeclaration
instanceKlass org/apache/xerces/xs/XSElementDeclaration
instanceKlass org/apache/xerces/xs/XSTerm
instanceKlass org/apache/xerces/impl/xs/XMLSchemaValidator
instanceKlass org/apache/xerces/impl/xs/XSElementDeclHelper
instanceKlass org/apache/xerces/impl/xs/identity/FieldActivator
instanceKlass com/mathworks/xml/XMLValidator$ValidationResults
instanceKlass com/mathworks/xml/XMLValidator
instanceKlass com/mathworks/mlwidgets/util/productinfo/Product
instanceKlass com/mathworks/mlwidgets/help/DocRootSetting
instanceKlass com/mathworks/mlwidgets/help/DocRootListener
instanceKlass com/mathworks/helpsearch/product/DocumentationSet
instanceKlass com/mathworks/helpsearch/product/DocProduct
instanceKlass com/mathworks/helpsearch/facets/FacetableDocSetItem
instanceKlass com/mathworks/helpsearch/product/DocSetItem
instanceKlass com/mathworks/mlwidgets/help/HelpPrefs$DefaultDependencyProvider
instanceKlass com/mathworks/mlwidgets/help/DocCenterRoot$InMemoryDependencyProvider
instanceKlass com/mathworks/mlwidgets/help/DocCenterRoot$SettingsDependencyProvider
instanceKlass com/mathworks/mlwidgets/html/HTMLUtils$ExternalUrlFilter
instanceKlass com/mathworks/html/UrlFilter
instanceKlass com/mathworks/mlwidgets/html/HTMLUtils
instanceKlass com/mathworks/mlwidgets/help/ReleaseNameParser
instanceKlass com/mathworks/mlwidgets/help/DocCenterRoot$DependencyProvider
instanceKlass com/mathworks/mlwidgets/help/DocCenterRoot
instanceKlass com/mathworks/mlwidgets/help/HelpPrefs$HelpPrefsDependencyProvider
instanceKlass com/mathworks/mlwidgets/help/HelpPrefs
instanceKlass com/mathworks/mlwidgets/help/LocalizationPrefs$DefaultDependencyProvider
instanceKlass com/mathworks/mlwidgets/help/LocalizationPrefs$DependencyProvider
instanceKlass com/mathworks/mlwidgets/help/LocalizationPrefs
instanceKlass com/mathworks/mlwidgets/help/DocCenterLocalizationPrefs$DefaultDependencyProvider
instanceKlass com/mathworks/mlwidgets/help/DocCenterLocalizationPrefs$DependencyProvider
instanceKlass com/mathworks/mlwidgets/help/DocCenterLocalizationPrefs
instanceKlass com/mathworks/mlwidgets/util/productinfo/ProductInfoUtils$MatlabSimulinkGroupOrderComparator
instanceKlass com/mathworks/mlwidgets/util/productinfo/ProductInfoUtils$DisplayOrderComparator
instanceKlass com/mathworks/mlwidgets/util/productinfo/ProductInfoUtils$ProductInfoManager
instanceKlass com/mathworks/mlwidgets/util/productinfo/ProductInfoUtils
instanceKlass com/mathworks/html/HtmlActions
instanceKlass com/mathworks/html/HtmlComponent
instanceKlass com/mathworks/html/HtmlCallbackProvider
instanceKlass com/mathworks/mlwidgets/html/HtmlComponentFactory
instanceKlass java/util/EnumMap$EntryIterator$Entry
instanceKlass java/util/AbstractList$1
instanceKlass com/mathworks/cmlink/management/cache/transaction/FolderCacheTransaction
instanceKlass com/mathworks/cmlink/management/cache/transaction/FileUpdateTransaction
instanceKlass com/mathworks/cmlink/implementations/git/GitExternalChangeDetector$2$1
instanceKlass com/mathworks/cmlink/util/status/ImmutableFileState
instanceKlass com/mathworks/toolbox/shared/computils/collections/DefaultMapFactory
instanceKlass com/mathworks/cmlink/implementations/git/GitAdapter$7
instanceKlass com/mathworks/toolbox/shared/computils/collections/SafeListFilter
instanceKlass com/mathworks/addons_common/util/AddonManagerUtils
instanceKlass sun/net/www/http/KeepAliveEntry
instanceKlass sun/net/www/http/KeepAliveCache$1
instanceKlass com/sun/imageio/plugins/common/ReaderUtil
instanceKlass sun/java2d/cmm/CMSManager
instanceKlass com/sun/imageio/plugins/png/PNGImageDataEnumeration
instanceKlass javax/imageio/IIOParam
instanceKlass javax/imageio/ImageIO$CanDecodeInputFilter
instanceKlass sun/net/www/http/KeepAliveStreamCleaner$2
instanceKlass sun/net/www/http/KeepAliveStreamCleaner$1
instanceKlass sun/net/www/http/Hurryable
instanceKlass sun/net/www/HeaderParser
instanceKlass com/mathworks/toolbox/cmlinkutils/file/FileLists$1
instanceKlass com/mathworks/toolbox/cmlinkutils/file/FileLists
instanceKlass com/mathworks/toolbox/cmlinkutils/file/filters/ExcludeListFilter
instanceKlass com/mathworks/cmlink/implementations/git/GitAdapter$SkipIgnoredFilesFilter
instanceKlass com/mathworks/toolbox/cmlinkutils/file/filters/AndFileFilter
instanceKlass com/mathworks/cmlink/implementations/git/GitAdapter$CancellableFileFilter
instanceKlass sun/security/ssl/SSLSocketImpl$NotifyHandshakeThread$1
instanceKlass sun/net/www/protocol/http/AuthCacheImpl
instanceKlass sun/net/www/protocol/http/AuthCache
instanceKlass java/util/concurrent/ConcurrentLinkedQueue$Itr
instanceKlass com/mathworks/cmlink/implementations/git/GitAdapter$StatusConverter$GitSbxExtractor
instanceKlass com/mathworks/mde/desk/MLNotificationUIProvider$1$1$1
instanceKlass sun/net/www/protocol/http/AuthCacheValue
instanceKlass com/mathworks/update_notification_subscriber/SubscriberStatusIndicator
instanceKlass com/mathworks/notification_client_util/MatlabNotificationUIQueue
instanceKlass com/mathworks/update_notification_subscriber/UpdateNotificationSubscriber$1
instanceKlass com/mathworks/cmlink/api/FileProperty
instanceKlass com/mathworks/cmlink/implementations/git/GitAdapter$StatusConverter
instanceKlass com/mathworks/update_notification_subscriber/UpdateNotificationSubscriber$2
instanceKlass com/mathworks/update_notification_subscriber/UpdateNotificationSubscriber$UpdateInfo
instanceKlass org/eclipse/jgit/api/Status
instanceKlass com/mathworks/eps/notificationclient/api/results/CloseResult
instanceKlass com/mathworks/notification_client_util/UINotification
instanceKlass com/mathworks/eps/notificationclient/impl/CloseResultTask
instanceKlass sun/security/util/HostnameChecker
instanceKlass org/eclipse/jgit/submodule/SubmoduleWalk
instanceKlass com/google/gson/internal/LinkedTreeMap$LinkedTreeMapIterator
instanceKlass com/mathworks/eps/notificationclient/messages/response/NotificationImpl
instanceKlass com/mathworks/eps/notificationclient/api/Notification
instanceKlass com/mathworks/eps/notificationclient/messages/response/metadata/GetNotificationsResponseMetadata
instanceKlass com/mathworks/eps/notificationclient/messages/response/AbstractResponseMessage
instanceKlass com/google/gson/internal/bind/TypeAdapters$34
instanceKlass sun/nio/cs/UTF_8$1
instanceKlass com/google/gson/internal/bind/TreeTypeAdapter$GsonContextImpl
instanceKlass java/net/Socket$3
instanceKlass java/net/Socket$2
instanceKlass com/mathworks/eps/notificationclient/messages/response/NotificationResponse
instanceKlass sun/net/spi/DefaultProxySelector$3
instanceKlass sun/net/spi/DefaultProxySelector$NonProxyInfo
instanceKlass sun/net/spi/DefaultProxySelector$1
instanceKlass java/net/ProxySelector
instanceKlass java/net/SocksSocketImpl$3
instanceKlass sun/net/www/http/KeepAliveKey
instanceKlass sun/net/NetworkClient$1
instanceKlass sun/net/NetworkClient
instanceKlass javax/net/ssl/HandshakeCompletedListener
instanceKlass java/net/ResponseCache
instanceKlass sun/net/www/protocol/http/HttpURLConnection$3
instanceKlass java/net/CookieHandler
instanceKlass sun/net/www/protocol/http/HttpURLConnection$2
instanceKlass sun/net/NetProperties$1
instanceKlass sun/net/NetProperties
instanceKlass sun/net/www/protocol/http/HttpURLConnection$$Lambda$54
instanceKlass java/lang/invoke/LambdaForm$DMH
instanceKlass sun/security/action/GetIntegerAction
instanceKlass javax/net/ssl/SSLSocketFactory$1
instanceKlass javax/net/ssl/HttpsURLConnection$DefaultHostnameVerifier
instanceKlass javax/net/SocketFactory
instanceKlass com/mathworks/net/ssl/NativeSystemTrustStore$1
instanceKlass org/eclipse/jgit/util/sha1/UbcCheck$DvInfo
instanceKlass org/eclipse/jgit/util/sha1/UbcCheck
instanceKlass org/eclipse/jgit/util/sha1/SHA1$State
instanceKlass org/eclipse/jgit/util/sha1/SHA1
instanceKlass org/eclipse/jgit/util/io/EolStreamTypeUtil
instanceKlass com/mathworks/net/ssl/NativeSystemTrustStore
instanceKlass org/eclipse/jgit/util/Holder
instanceKlass com/mathworks/net/ssl/SSLContextFactory
instanceKlass com/mathworks/toolboxmanagement/ToolboxAppGalleryServiceProvider
instanceKlass com/mathworks/addon_service_management_api/AddonServiceProvider
instanceKlass com/mathworks/addons_common/AdditionalAction
instanceKlass java/security/KeyStore$ProtectionParameter
instanceKlass com/mathworks/hwsmanagement/InstalledSupportPackage
instanceKlass java/security/KeyStore$Builder
instanceKlass org/eclipse/jgit/attributes/Attributes
instanceKlass com/mathworks/net/ssl/TrustStores
instanceKlass com/mathworks/net/url/URLStreamHandlers
instanceKlass com/mathworks/net/url/URL
instanceKlass com/mathworks/webproxy/AbstractCompositeProxyConfiguration$FindProxyForURLProxyConfigurationVisitor
instanceKlass com/mathworks/addons_common/util/URLConnectionFactory
instanceKlass org/eclipse/jgit/attributes/Attribute
instanceKlass org/eclipse/jgit/attributes/AttributesRule
instanceKlass org/eclipse/jgit/attributes/AttributesHandler
instanceKlass com/mathworks/addon_updates/UpdateNotificationClient
instanceKlass com/mathworks/addon_updates/NotificationsClientUpdatesRetriever
instanceKlass com/mathworks/addon_updates/UpdatesRetriever
instanceKlass com/mathworks/mlwidgets/graphics/PlotInfo
instanceKlass com/mathworks/mde/desk/MLToolstripFactory$1
instanceKlass com/mathworks/toolboxmanagement/ToolboxContributedToolsLoader$2
instanceKlass com/mathworks/addons_common/util/AddonsMatlabWorker$1
instanceKlass com/mathworks/hwsmanagement/GetInstalledSupportPackagesTask
instanceKlass com/mathworks/addons_common/util/AddonDateUtils
instanceKlass com/mathworks/hwsmanagement/SupportPackageUtils
instanceKlass com/mathworks/addons_common/ExplorerInstalledAddOnMetadata
instanceKlass com/mathworks/mde/desk/ContributedTools$ToolBoxToolSet$1
instanceKlass com/mathworks/addons_common/notificationframework/RegistrationManager$1
instanceKlass com/mathworks/addons_common/notificationframework/RegistrationManager
instanceKlass com/mathworks/mde/desk/MLDesktop$17
instanceKlass com/mathworks/mde/desk/MLDesktop$16
instanceKlass com/mathworks/mde/editor/EditorOptions
instanceKlass com/mathworks/addons_common/notificationframework/InstalledFolderRegistryObservers$2
instanceKlass com/mathworks/mde/desk/MLDesktop$15
instanceKlass com/mathworks/addon_updates/Updates
instanceKlass com/mathworks/mde/desk/MLDesktop$14
instanceKlass com/mathworks/toolboxmanagement/ToolboxContributedToolsLoader$1
instanceKlass com/mathworks/mde/desk/ToolsFetcher$3$1
instanceKlass com/mathworks/addons_common/notificationframework/InstalledFolderRegistryObservers
instanceKlass com/mathworks/mde/desk/ContributedToolsLoader$3$1
instanceKlass com/mathworks/appmanagement/UserAppToolSetFactory
instanceKlass com/mathworks/mde/apps/UserAppGuide$1
instanceKlass com/mathworks/appmanagement/AppGalleryPathConfiguration
instanceKlass com/mathworks/mde/apps/UserAppGuide
instanceKlass com/mathworks/appmanagement/model/InstalledAppMetadata
instanceKlass com/mathworks/appmanagement/model/AppMetadata
instanceKlass com/mathworks/appmanagement/AppManagementApiBuilder$1
instanceKlass com/mathworks/appmanagement/AppManagementApi
instanceKlass com/mathworks/appmanagement/AppManagementApiBuilder
instanceKlass com/mathworks/appmanagement/MlappinstallUtil
instanceKlass com/mathworks/addons_registry/MetadataFileUtils_Jni
instanceKlass com/mathworks/addons_app/tasks/GetInstalledTask
instanceKlass com/mathworks/addons_zip/tasks/GetInstalledTask
instanceKlass com/mathworks/addons_metadata/AddonMetadataProvider
instanceKlass com/mathworks/addons_common/util/MetadataFileUtils
instanceKlass com/mathworks/toolboxmanagement/util/ManagerUtils
instanceKlass com/mathworks/toolboxmanagement/tasks/GetInstalledTask
instanceKlass com/mathworks/addons_common/util/FolderNameUtils
instanceKlass com/mathworks/addons_common/util/settings/AddOnsSettingsUtils
instanceKlass com/mathworks/addons_common/util/settings/InstallLocation$LazyHolder
instanceKlass com/mathworks/addons_common/util/settings/InstallLocation
instanceKlass com/mathworks/addons_common/util/settings/GalleryUrlPref
instanceKlass com/mathworks/addons_common/util/ImageUtils
instanceKlass com/mathworks/addons_common/notificationframework/FolderRegistry
instanceKlass com/mathworks/addons_common/notificationframework/InstalledAddOnInformation
instanceKlass com/mathworks/eps/notificationclient/messages/request/NotificationRequest$1
instanceKlass com/mathworks/eps/notificationclient/messages/request/NotificationRequest
instanceKlass com/mathworks/addons_product/ProductManager$1
instanceKlass com/mathworks/addons_common/InstalledAddon$Builder$1
instanceKlass com/mathworks/eps/notificationclient/messages/request/NotificationRequest$Builder
instanceKlass com/mathworks/addons_common/InstalledAddon$Builder
instanceKlass com/mathworks/addons_product/ProductDocumentationProvider
instanceKlass com/mathworks/product/util/ProductIdentifierMap
instanceKlass com/mathworks/eps/notificationclient/api/results/GetLastMessageResult
instanceKlass com/mathworks/eps/notificationclient/messages/request/AbstractRequestMessage
instanceKlass com/fasterxml/jackson/core/io/NumberInput
instanceKlass com/mathworks/eps/notificationclient/messages/request/metadata/GetNotificationsRequestMetadata
instanceKlass com/mathworks/eps/notificationclient/messages/request/metadata/NotificationRequestMetadata
instanceKlass com/mathworks/eps/notificationclient/impl/GetNotificationsRequest
instanceKlass com/fasterxml/jackson/databind/deser/std/BaseNodeDeserializer$ContainerStack
instanceKlass com/fasterxml/jackson/databind/annotation/JsonTypeResolver
instanceKlass com/fasterxml/jackson/databind/util/LinkedNode
instanceKlass com/fasterxml/jackson/databind/util/internal/PrivateMaxEntriesMap$AddTask
instanceKlass com/fasterxml/jackson/databind/util/internal/PrivateMaxEntriesMap$WeightedValue
instanceKlass com/fasterxml/jackson/databind/util/ArrayIterator
instanceKlass com/fasterxml/jackson/core/util/JacksonFeatureSet
instanceKlass com/fasterxml/jackson/core/JsonStreamContext
instanceKlass com/fasterxml/jackson/core/json/ByteSourceJsonBootstrapper
instanceKlass com/fasterxml/jackson/core/util/BufferRecycler
instanceKlass com/fasterxml/jackson/core/util/BufferRecyclers
instanceKlass com/fasterxml/jackson/core/util/TextBuffer
instanceKlass com/fasterxml/jackson/core/io/IOContext
instanceKlass com/fasterxml/jackson/core/io/ContentReference
instanceKlass com/fasterxml/jackson/databind/ser/BeanSerializerModifier
instanceKlass com/fasterxml/jackson/databind/ser/Serializers
instanceKlass com/fasterxml/jackson/databind/cfg/SerializerFactoryConfig
instanceKlass com/fasterxml/jackson/databind/ser/std/StdJdkSerializers
instanceKlass com/fasterxml/jackson/databind/ser/std/NumberSerializers
instanceKlass com/google/gson/internal/LinkedTreeMap$Node
instanceKlass com/google/gson/internal/LinkedTreeMap$1
instanceKlass com/mathworks/eps/notificationclient/messages/response/authnz/GetTokenInfoResponseMetadata
instanceKlass com/fasterxml/jackson/databind/deser/DeserializerCache
instanceKlass com/fasterxml/jackson/databind/KeyDeserializer
instanceKlass com/fasterxml/jackson/databind/deser/std/StdKeyDeserializers
instanceKlass com/fasterxml/jackson/databind/deser/KeyDeserializers
instanceKlass com/fasterxml/jackson/databind/deser/ValueInstantiators
instanceKlass com/fasterxml/jackson/databind/AbstractTypeResolver
instanceKlass com/fasterxml/jackson/databind/deser/BeanDeserializerModifier
instanceKlass com/fasterxml/jackson/databind/cfg/DeserializerFactoryConfig
instanceKlass com/mathworks/eps/notificationclient/messages/response/authnz/GetAPSTokenResponseMsg$Application
instanceKlass com/fasterxml/jackson/databind/PropertyName
instanceKlass com/fasterxml/jackson/databind/deser/Deserializers
instanceKlass com/fasterxml/jackson/annotation/ObjectIdGenerator
instanceKlass com/mathworks/eps/notificationclient/messages/response/authnz/GetAPSTokenResponseMsg$Service
instanceKlass com/fasterxml/jackson/databind/deser/ResolvableDeserializer
instanceKlass com/mathworks/eps/notificationclient/messages/response/authnz/GetAPSTokenResponseMsg
instanceKlass com/fasterxml/jackson/databind/deser/ValueInstantiator$Gettable
instanceKlass com/google/gson/internal/$Gson$Types$GenericArrayTypeImpl
instanceKlass com/mathworks/eps/notificationclient/api/faults/FaultCondition
instanceKlass com/google/gson/internal/ConstructorConstructor$3
instanceKlass com/fasterxml/jackson/databind/deser/ContextualDeserializer
instanceKlass com/google/gson/internal/JsonReaderInternalAccess
instanceKlass com/mathworks/eps/notificationclient/messages/utils/GsonUtils$JsonMessageDeserializer
instanceKlass com/mathworks/eps/notificationclient/messages/response/NotificationResponseMessage
instanceKlass com/mathworks/eps/notificationclient/messages/response/authnz/GetAPSTokenResponse
instanceKlass com/fasterxml/jackson/databind/JsonDeserializer
instanceKlass com/fasterxml/jackson/databind/deser/NullValueProvider
instanceKlass org/apache/http/util/EntityUtils
instanceKlass org/apache/http/message/BasicHeaderElementIterator
instanceKlass com/fasterxml/jackson/databind/ser/SerializerCache
instanceKlass org/apache/http/message/BasicTokenIterator
instanceKlass com/fasterxml/jackson/databind/ser/ResolvableSerializer
instanceKlass org/apache/http/impl/cookie/BasicClientCookie
instanceKlass org/apache/http/cookie/ClientCookie
instanceKlass org/apache/http/impl/cookie/NetscapeDraftHeaderParser
instanceKlass org/apache/http/message/BasicHeaderElement
instanceKlass org/apache/http/message/BasicNameValuePair
instanceKlass com/fasterxml/jackson/databind/ser/ContextualSerializer
instanceKlass org/apache/http/message/TokenParser
instanceKlass org/apache/http/message/BasicHeaderValueParser
instanceKlass org/apache/http/message/HeaderValueParser
instanceKlass org/apache/http/impl/nio/codecs/AbstractContentDecoder
instanceKlass org/apache/http/nio/FileContentDecoder
instanceKlass org/apache/http/message/BufferedHeader
instanceKlass org/apache/http/message/BasicStatusLine
instanceKlass org/apache/http/protocol/HTTP
instanceKlass com/fasterxml/jackson/databind/jsonschema/SchemaAware
instanceKlass com/fasterxml/jackson/databind/JsonSerializer
instanceKlass com/fasterxml/jackson/databind/jsonFormatVisitors/JsonFormatVisitable
instanceKlass com/fasterxml/jackson/databind/node/JsonNodeFactory
instanceKlass com/fasterxml/jackson/databind/node/JsonNodeCreator
instanceKlass com/fasterxml/jackson/databind/cfg/ContextAttributes
instanceKlass com/fasterxml/jackson/databind/cfg/DatatypeFeature
instanceKlass com/fasterxml/jackson/databind/cfg/DatatypeFeatures$DefaultHolder
instanceKlass com/fasterxml/jackson/databind/cfg/DatatypeFeatures
instanceKlass com/fasterxml/jackson/core/util/Separators
instanceKlass com/fasterxml/jackson/core/util/DefaultPrettyPrinter$NopIndenter
instanceKlass com/fasterxml/jackson/databind/cfg/ConfigFeature
instanceKlass com/fasterxml/jackson/databind/cfg/ConfigOverride
instanceKlass com/fasterxml/jackson/annotation/JsonFormat$Features
instanceKlass com/fasterxml/jackson/annotation/JsonFormat$Value
instanceKlass com/fasterxml/jackson/databind/cfg/CoercionConfig
instanceKlass com/fasterxml/jackson/databind/cfg/CoercionConfigs
instanceKlass com/fasterxml/jackson/databind/introspect/VisibilityChecker$Std
instanceKlass com/fasterxml/jackson/annotation/JsonSetter$Value
instanceKlass com/fasterxml/jackson/annotation/JsonInclude$Value
instanceKlass com/fasterxml/jackson/annotation/JacksonAnnotationValue
instanceKlass com/fasterxml/jackson/databind/cfg/ConfigOverrides
instanceKlass com/fasterxml/jackson/databind/introspect/AnnotatedClass$Creators
instanceKlass com/fasterxml/jackson/databind/introspect/AnnotationCollector$NoAnnotations
instanceKlass com/fasterxml/jackson/databind/util/Annotations
instanceKlass com/fasterxml/jackson/databind/introspect/AnnotationCollector
instanceKlass com/fasterxml/jackson/databind/introspect/AnnotatedClassResolver
instanceKlass com/fasterxml/jackson/databind/BeanDescription
instanceKlass com/fasterxml/jackson/databind/cfg/MapperConfig
instanceKlass com/fasterxml/jackson/databind/introspect/SimpleMixInResolver
instanceKlass com/fasterxml/jackson/databind/introspect/ClassIntrospector$MixInResolver
instanceKlass com/fasterxml/jackson/databind/util/RootNameLookup
instanceKlass com/fasterxml/jackson/core/StreamReadConstraints
instanceKlass com/fasterxml/jackson/core/sym/ByteQuadsCanonicalizer$TableInfo
instanceKlass com/fasterxml/jackson/core/sym/ByteQuadsCanonicalizer
instanceKlass com/fasterxml/jackson/core/sym/CharsToNameCanonicalizer$Bucket
instanceKlass com/fasterxml/jackson/core/sym/CharsToNameCanonicalizer$TableInfo
instanceKlass com/fasterxml/jackson/core/sym/CharsToNameCanonicalizer
instanceKlass com/fasterxml/jackson/core/io/CharTypes
instanceKlass com/fasterxml/jackson/core/io/JsonStringEncoder
instanceKlass com/fasterxml/jackson/core/io/SerializedString
instanceKlass org/apache/http/conn/util/DnsUtils
instanceKlass org/apache/http/conn/ssl/DefaultHostnameVerifier$1
instanceKlass com/fasterxml/jackson/core/util/DefaultPrettyPrinter$Indenter
instanceKlass org/apache/http/conn/ssl/SubjectName
instanceKlass com/fasterxml/jackson/core/util/DefaultPrettyPrinter
instanceKlass com/fasterxml/jackson/core/util/Instantiatable
instanceKlass com/fasterxml/jackson/core/PrettyPrinter
instanceKlass org/apache/http/conn/util/InetAddressUtils
instanceKlass com/fasterxml/jackson/core/util/JacksonFeature
instanceKlass com/fasterxml/jackson/core/async/ByteBufferFeeder
instanceKlass com/fasterxml/jackson/core/async/ByteArrayFeeder
instanceKlass com/fasterxml/jackson/core/async/NonBlockingInputFeeder
instanceKlass com/fasterxml/jackson/core/TSFBuilder
instanceKlass com/fasterxml/jackson/core/SerializableString
instanceKlass com/fasterxml/jackson/databind/introspect/AccessorNamingStrategy
instanceKlass com/fasterxml/jackson/core/Base64Variant
instanceKlass com/fasterxml/jackson/core/Base64Variants
instanceKlass com/fasterxml/jackson/databind/type/TypeBindings
instanceKlass com/fasterxml/jackson/databind/type/TypeParser
instanceKlass com/fasterxml/jackson/databind/type/TypeFactory
instanceKlass com/fasterxml/jackson/databind/cfg/BaseSettings
instanceKlass com/fasterxml/jackson/databind/util/internal/Linked
instanceKlass com/fasterxml/jackson/databind/util/internal/PrivateMaxEntriesMap$Builder
instanceKlass com/fasterxml/jackson/databind/util/LRUMap
instanceKlass com/fasterxml/jackson/databind/util/LookupCache
instanceKlass java/beans/ConstructorProperties
instanceKlass com/sun/crypto/provider/GHASH
instanceKlass com/sun/crypto/provider/GCTR
instanceKlass com/fasterxml/jackson/databind/util/ClassUtil$Ctor
instanceKlass com/sun/crypto/provider/PKCS5Padding
instanceKlass com/fasterxml/jackson/databind/util/ClassUtil
instanceKlass com/fasterxml/jackson/databind/ext/Java7Support
instanceKlass com/fasterxml/jackson/annotation/JsonMerge
instanceKlass com/fasterxml/jackson/databind/annotation/JsonDeserialize
instanceKlass com/fasterxml/jackson/annotation/JsonManagedReference
instanceKlass com/fasterxml/jackson/annotation/JsonBackReference
instanceKlass com/fasterxml/jackson/annotation/JsonUnwrapped
instanceKlass com/fasterxml/jackson/annotation/JsonRawValue
instanceKlass com/fasterxml/jackson/annotation/JsonTypeInfo
instanceKlass com/fasterxml/jackson/annotation/JsonFormat
instanceKlass com/fasterxml/jackson/annotation/JsonView
instanceKlass com/fasterxml/jackson/databind/annotation/JsonSerialize
instanceKlass com/fasterxml/jackson/databind/introspect/ConcreteBeanPropertyBase
instanceKlass com/fasterxml/jackson/databind/BeanProperty
instanceKlass com/fasterxml/jackson/databind/introspect/BeanPropertyDefinition
instanceKlass com/fasterxml/jackson/databind/util/Named
instanceKlass com/fasterxml/jackson/databind/introspect/TypeResolutionContext
instanceKlass com/fasterxml/jackson/databind/introspect/Annotated
instanceKlass com/fasterxml/jackson/core/type/ResolvedType
instanceKlass com/fasterxml/jackson/core/JsonGenerator
instanceKlass com/fasterxml/jackson/databind/Module$SetupContext
instanceKlass com/fasterxml/jackson/databind/jsontype/TypeResolverBuilder
instanceKlass com/fasterxml/jackson/databind/introspect/ClassIntrospector
instanceKlass com/fasterxml/jackson/databind/introspect/VisibilityChecker
instanceKlass com/sun/crypto/provider/Padding
instanceKlass com/sun/crypto/provider/FeedbackCipher
instanceKlass com/sun/crypto/provider/CipherCore
instanceKlass com/sun/crypto/provider/AESConstants
instanceKlass com/sun/crypto/provider/SymmetricCipher
instanceKlass javax/crypto/CipherSpi
instanceKlass javax/crypto/spec/GCMParameterSpec
instanceKlass sun/security/ssl/CipherBox$1
instanceKlass javax/crypto/Cipher$Transform
instanceKlass sun/security/internal/spec/TlsPrfParameterSpec
instanceKlass sun/security/internal/spec/TlsKeyMaterialSpec
instanceKlass javax/crypto/spec/IvParameterSpec
instanceKlass sun/security/internal/spec/TlsKeyMaterialParameterSpec
instanceKlass com/sun/crypto/provider/TlsMasterSecretGenerator$TlsMasterSecretKey
instanceKlass sun/security/internal/interfaces/TlsMasterSecret
instanceKlass sun/security/internal/spec/TlsMasterSecretParameterSpec
instanceKlass javax/crypto/spec/SecretKeySpec
instanceKlass javax/crypto/KeyAgreementSpi
instanceKlass java/security/KeyPair
instanceKlass java/security/interfaces/ECPrivateKey
instanceKlass com/fasterxml/jackson/databind/jsontype/PolymorphicTypeValidator
instanceKlass com/fasterxml/jackson/databind/introspect/AccessorNamingStrategy$Provider
instanceKlass com/fasterxml/jackson/databind/AnnotationIntrospector
instanceKlass com/fasterxml/jackson/databind/ser/SerializerFactory
instanceKlass com/fasterxml/jackson/databind/deser/DeserializerFactory
instanceKlass com/fasterxml/jackson/databind/DatabindContext
instanceKlass sun/security/ssl/ECDHCrypt
instanceKlass java/security/spec/ECPublicKeySpec
instanceKlass com/fasterxml/jackson/databind/jsontype/SubtypeResolver
instanceKlass com/fasterxml/jackson/core/TokenStreamFactory
instanceKlass com/mathworks/product/util/ProductIdentifier
instanceKlass sun/security/ssl/ClientHandshaker$2
instanceKlass com/mathworks/services/lmgr/FeatureInfo
instanceKlass java/security/cert/PKIXCertPathValidatorResult
instanceKlass java/security/cert/CertPathValidatorResult
instanceKlass sun/security/provider/certpath/PKIXMasterCertPathValidator
instanceKlass sun/security/provider/certpath/PolicyNodeImpl
instanceKlass java/security/cert/PolicyNode
instanceKlass sun/security/provider/certpath/CertPathHelper
instanceKlass java/security/cert/X509CertSelector
instanceKlass java/security/cert/CertSelector
instanceKlass sun/security/provider/certpath/PKIX$ValidatorParams
instanceKlass sun/security/provider/certpath/PKIX
instanceKlass java/security/cert/CertPathValidatorSpi
instanceKlass java/security/cert/CertPathValidator
instanceKlass sun/security/ssl/SSLAlgorithmConstraints$SupportedSignatureAlgorithmConstraints
instanceKlass java/security/cert/PKIXParameters
instanceKlass java/security/cert/CertPathParameters
instanceKlass sun/security/ssl/Handshaker$DelegatedTask
instanceKlass sun/security/ssl/Handshaker$1
instanceKlass org/apache/http/impl/nio/codecs/AbstractContentEncoder
instanceKlass org/apache/http/nio/FileContentEncoder
instanceKlass org/apache/http/FormattedHeader
instanceKlass org/apache/http/message/BasicListHeaderIterator
instanceKlass org/apache/http/impl/auth/HttpAuthenticator$1
instanceKlass javax/net/ssl/SSLEngineResult
instanceKlass sun/security/ssl/EngineArgs
instanceKlass sun/security/ssl/ExtensionType
instanceKlass sun/security/ssl/RandomCookie
instanceKlass sun/security/ssl/HelloExtensions
instanceKlass sun/security/ssl/HandshakeMessage
instanceKlass sun/security/ssl/HandshakeHash
instanceKlass sun/security/ssl/HelloExtension
instanceKlass javax/net/ssl/SSLParameters
instanceKlass sun/security/ssl/HandshakeStateManager
instanceKlass javax/crypto/KeyGeneratorSpi
instanceKlass javax/crypto/KeyGenerator
instanceKlass sun/security/ssl/Handshaker
instanceKlass org/apache/http/nio/reactor/ssl/SSLIOSession$1
instanceKlass org/apache/http/nio/reactor/ssl/PermanentSSLBufferManagementStrategy$InternalBuffer
instanceKlass sun/security/ssl/EngineWriter
instanceKlass sun/security/ssl/Record
instanceKlass sun/security/ssl/Authenticator
instanceKlass sun/security/ssl/CipherBox
instanceKlass sun/text/normalizer/VersionInfo
instanceKlass sun/net/idn/StringPrep$StringPrepTrieImpl
instanceKlass sun/net/idn/StringPrepDataReader
instanceKlass sun/net/idn/StringPrep
instanceKlass java/net/IDN
instanceKlass javax/net/ssl/SNIServerName
instanceKlass sun/security/ssl/Utilities
instanceKlass sun/security/mscapi/SunMSCAPI$1
instanceKlass sun/security/smartcardio/SunPCSC$1
instanceKlass org/jcp/xml/dsig/internal/dom/XMLDSigRI$1
instanceKlass com/sun/security/sasl/Provider$1
instanceKlass sun/security/jgss/SunProvider$1
instanceKlass com/sun/crypto/provider/SunJCE$1
instanceKlass sun/security/ssl/SignatureAndHashAlgorithm
instanceKlass sun/security/ssl/SessionId
instanceKlass javax/net/ssl/ExtendedSSLSession
instanceKlass javax/net/ssl/SSLSession
instanceKlass javax/net/ssl/SSLEngine
instanceKlass org/apache/http/nio/reactor/ssl/SSLIOSession$InternalByteChannel
instanceKlass org/apache/http/nio/reactor/ssl/SSLBuffer
instanceKlass org/apache/http/nio/reactor/ssl/PermanentSSLBufferManagementStrategy
instanceKlass org/apache/http/nio/conn/ssl/SSLIOSessionStrategy$1
instanceKlass org/apache/http/nio/reactor/ssl/SSLBufferManagementStrategy
instanceKlass org/apache/http/nio/reactor/ssl/SSLIOSession
instanceKlass org/apache/http/conn/routing/RouteTracker
instanceKlass org/apache/http/nio/protocol/Pipelined
instanceKlass org/apache/http/nio/protocol/HttpAsyncRequestExecutor$State
instanceKlass org/apache/http/impl/nio/conn/CPoolProxy
instanceKlass org/apache/http/impl/nio/codecs/AbstractMessageParser
instanceKlass org/apache/http/impl/nio/codecs/AbstractMessageWriter
instanceKlass org/eclipse/jgit/lib/CoreConfig$$Lambda$53
instanceKlass org/apache/http/impl/nio/SessionHttpContext
instanceKlass org/eclipse/jgit/lib/CoreConfig
instanceKlass org/apache/http/impl/entity/StrictContentLengthStrategy
instanceKlass org/apache/http/impl/entity/LaxContentLengthStrategy
instanceKlass org/eclipse/jgit/ignore/internal/IMatcher$1
instanceKlass org/apache/http/impl/HttpConnectionMetricsImpl
instanceKlass org/apache/http/impl/io/HttpTransportMetricsImpl
instanceKlass org/apache/http/config/MessageConstraints$Builder
instanceKlass org/apache/http/config/MessageConstraints
instanceKlass org/apache/http/nio/util/ExpandableBuffer
instanceKlass org/apache/http/nio/util/BufferInfo
instanceKlass org/apache/http/io/BufferInfo
instanceKlass org/eclipse/jgit/ignore/internal/AbstractMatcher
instanceKlass org/eclipse/jgit/ignore/internal/IMatcher
instanceKlass org/apache/http/nio/ContentEncoder
instanceKlass org/apache/http/nio/ContentDecoder
instanceKlass org/apache/http/nio/reactor/SessionInputBuffer
instanceKlass org/apache/http/nio/reactor/SessionOutputBuffer
instanceKlass org/apache/http/HttpConnectionMetrics
instanceKlass org/apache/http/entity/ContentLengthStrategy
instanceKlass org/apache/http/io/HttpTransportMetrics
instanceKlass org/apache/http/config/ConnectionConfig$Builder
instanceKlass org/apache/http/config/ConnectionConfig
instanceKlass org/eclipse/jgit/ignore/internal/Strings
instanceKlass org/apache/http/impl/nio/reactor/IOSessionImpl
instanceKlass org/apache/http/impl/nio/reactor/AbstractIOReactor$1
instanceKlass org/apache/http/impl/nio/reactor/ChannelEntry
instanceKlass org/eclipse/jgit/ignore/FastIgnoreRule
instanceKlass sun/nio/ch/WindowsSelectorImpl$MapEntry
instanceKlass org/apache/http/impl/nio/reactor/SessionRequestHandle
instanceKlass org/apache/http/impl/nio/reactor/SessionRequestImpl
instanceKlass org/apache/http/util/LangUtils
instanceKlass org/apache/http/nio/pool/LeaseRequest
instanceKlass org/apache/http/impl/nio/conn/PoolingNHttpClientConnectionManager$InternalPoolEntryCallback
instanceKlass org/apache/http/impl/nio/client/AbstractClientExchangeHandler$1
instanceKlass org/apache/http/impl/cookie/DefaultCookieSpec
instanceKlass org/apache/http/impl/cookie/BasicDomainHandler
instanceKlass org/apache/http/impl/cookie/RFC2109DomainHandler
instanceKlass org/apache/http/impl/cookie/RFC2965DiscardAttributeHandler
instanceKlass org/apache/http/impl/cookie/RFC2965CommentUrlAttributeHandler
instanceKlass org/apache/http/impl/cookie/AbstractCookieAttributeHandler
instanceKlass org/apache/http/impl/cookie/RFC2965PortAttributeHandler
instanceKlass org/apache/http/impl/cookie/PublicSuffixDomainFilter
instanceKlass org/apache/http/impl/cookie/RFC2965DomainAttributeHandler
instanceKlass org/apache/http/impl/cookie/RFC2965VersionAttributeHandler
instanceKlass org/apache/http/cookie/SetCookie
instanceKlass org/apache/http/cookie/Cookie
instanceKlass org/apache/http/impl/cookie/AbstractCookieSpec
instanceKlass org/apache/http/cookie/CookieOrigin
instanceKlass org/apache/http/message/ParserCursor
instanceKlass org/apache/http/client/utils/URLEncodedUtils
instanceKlass org/apache/http/client/utils/URIBuilder
instanceKlass com/mathworks/sourcecontrol/sandboxcreation/statuswidget/progressindication/ProgressEventBroadcaster$2
instanceKlass org/apache/http/conn/routing/HttpRoute
instanceKlass org/apache/http/message/BasicRequestLine
instanceKlass org/apache/http/params/HttpProtocolParams
instanceKlass org/apache/http/params/CoreProtocolPNames
instanceKlass com/mathworks/sourcecontrol/sandboxcreation/statuswidget/progressindication/ProgressEventBroadcaster$3
instanceKlass org/eclipse/jgit/attributes/FilterCommandRegistry
instanceKlass org/eclipse/jgit/internal/storage/file/FileRepository$AttributesNodeProviderImpl
instanceKlass org/eclipse/jgit/treewalk/TreeWalk
instanceKlass org/eclipse/jgit/attributes/AttributesProvider
instanceKlass org/eclipse/jgit/dircache/DirCacheTree$1
instanceKlass org/eclipse/jgit/dircache/DirCacheTree
instanceKlass org/apache/http/impl/nio/client/InternalState
instanceKlass org/apache/http/impl/nio/client/AbstractClientExchangeHandler
instanceKlass org/apache/http/nio/protocol/HttpAsyncClientExchangeHandler
instanceKlass org/apache/http/auth/AuthState
instanceKlass java/nio/channels/spi/AbstractSelector$1
instanceKlass org/apache/http/impl/nio/reactor/InterestOpsCallback
instanceKlass org/apache/http/impl/nio/reactor/SessionClosedCallback
instanceKlass org/apache/http/concurrent/BasicFuture
instanceKlass org/apache/http/util/Asserts
instanceKlass org/apache/http/nio/util/ContentInputBuffer
instanceKlass org/apache/http/nio/protocol/AbstractAsyncResponseConsumer
instanceKlass org/apache/http/nio/entity/EntityAsyncContentProducer
instanceKlass org/apache/http/nio/protocol/BasicAsyncRequestProducer
instanceKlass org/apache/http/nio/entity/HttpAsyncContentProducer
instanceKlass org/apache/http/nio/protocol/HttpAsyncResponseConsumer
instanceKlass org/apache/http/nio/protocol/HttpAsyncRequestProducer
instanceKlass org/apache/http/nio/client/methods/HttpAsyncMethods
instanceKlass org/apache/http/HttpHost
instanceKlass org/apache/http/client/utils/URIUtils
instanceKlass org/apache/http/protocol/BasicHttpContext
instanceKlass org/apache/http/impl/nio/reactor/AbstractIODispatch
instanceKlass org/apache/http/protocol/HttpCoreContext
instanceKlass com/mathworks/eps/notificationclient/impl/results/AbstractResult
instanceKlass org/eclipse/jgit/dircache/DirCache$1
instanceKlass org/eclipse/jgit/dircache/DirCacheEntry
instanceKlass org/eclipse/jgit/dircache/DirCache
instanceKlass org/eclipse/jgit/lib/ObjectLoader
instanceKlass com/mathworks/eps/notificationclient/api/faults/MessageFault
instanceKlass com/mathworks/eps/notificationclient/api/results/SubscribeResult
instanceKlass com/mathworks/eps/notificationclient/api/results/Result
instanceKlass com/mathworks/eps/notificationclient/impl/results/ResultTypeFactory
instanceKlass com/mathworks/eps/notificationclient/impl/NotificationCallback
instanceKlass org/apache/http/nio/reactor/IOEventDispatch
instanceKlass org/eclipse/jgit/internal/storage/file/UnpackedObject
instanceKlass org/apache/http/impl/nio/client/CloseableHttpAsyncClientBase$1
instanceKlass org/apache/http/ExceptionLogger$2
instanceKlass org/apache/http/ExceptionLogger$1
instanceKlass org/apache/http/ExceptionLogger
instanceKlass org/apache/http/nio/protocol/HttpAsyncRequestExecutor
instanceKlass org/apache/http/impl/auth/HttpAuthenticator
instanceKlass org/apache/http/conn/routing/BasicRouteDirector
instanceKlass org/apache/http/conn/routing/RouteInfo
instanceKlass org/apache/http/conn/routing/HttpRouteDirector
instanceKlass org/apache/http/impl/nio/client/MainClientExec
instanceKlass org/apache/http/client/config/RequestConfig$Builder
instanceKlass org/apache/http/client/config/RequestConfig
instanceKlass org/apache/http/impl/client/DefaultRedirectStrategy
instanceKlass org/apache/http/impl/client/BasicCredentialsProvider
instanceKlass org/apache/http/cookie/CookieIdentityComparator
instanceKlass org/apache/http/impl/client/BasicCookieStore
instanceKlass org/apache/http/impl/cookie/IgnoreSpecProvider
instanceKlass org/apache/http/impl/cookie/NetscapeDraftSpecProvider
instanceKlass org/eclipse/jgit/internal/storage/file/ObjectDirectory$AlternateHandle$Id
instanceKlass org/apache/http/impl/cookie/RFC6265CookieSpecProvider
instanceKlass org/apache/http/cookie/CookieSpec
instanceKlass org/eclipse/jgit/lib/IndexDiff$1
instanceKlass org/apache/http/impl/cookie/BasicPathHandler
instanceKlass org/apache/http/cookie/CommonCookieAttributeHandler
instanceKlass org/apache/http/cookie/CookieAttributeHandler
instanceKlass org/apache/http/impl/cookie/DefaultCookieSpecProvider
instanceKlass org/apache/http/cookie/CookieSpecProvider
instanceKlass org/apache/http/impl/auth/KerberosSchemeFactory
instanceKlass org/apache/http/impl/auth/SPNegoSchemeFactory
instanceKlass org/apache/http/impl/auth/NTLMSchemeFactory
instanceKlass org/apache/http/impl/auth/DigestSchemeFactory
instanceKlass org/apache/http/auth/AuthScheme
instanceKlass org/apache/http/impl/auth/BasicSchemeFactory
instanceKlass org/apache/http/auth/AuthSchemeProvider
instanceKlass org/apache/http/auth/AuthSchemeFactory
instanceKlass org/apache/http/impl/conn/DefaultRoutePlanner
instanceKlass org/eclipse/jgit/lib/SymbolicRef
instanceKlass org/apache/http/protocol/ImmutableHttpProcessor
instanceKlass org/eclipse/jgit/lib/IndexDiff$WorkingTreeIteratorFactory
instanceKlass org/eclipse/jgit/lib/IndexDiff
instanceKlass org/apache/http/client/protocol/ResponseProcessCookies
instanceKlass org/apache/http/client/protocol/RequestAuthCache
instanceKlass org/eclipse/jgit/util/Paths
instanceKlass org/apache/http/protocol/HttpContext
instanceKlass org/apache/http/client/protocol/RequestAddCookies
instanceKlass org/apache/http/protocol/ChainBuilder
instanceKlass org/eclipse/jgit/lib/FileMode
instanceKlass org/apache/http/client/protocol/RequestExpectContinue
instanceKlass org/eclipse/jgit/util/FS$Attributes
instanceKlass org/apache/http/protocol/RequestUserAgent
instanceKlass org/apache/http/client/protocol/RequestClientConnControl
instanceKlass org/eclipse/jgit/treewalk/WorkingTreeIterator$IteratorState
instanceKlass org/eclipse/jgit/treewalk/FileTreeIterator$DefaultFileModeStrategy
instanceKlass org/eclipse/jgit/lib/Config$ConfigEnum
instanceKlass org/eclipse/jgit/treewalk/WorkingTreeOptions$$Lambda$52
instanceKlass org/apache/http/protocol/RequestTargetHost
instanceKlass org/apache/http/protocol/RequestContent
instanceKlass org/apache/http/client/protocol/RequestDefaultHeaders
instanceKlass org/apache/http/protocol/HttpProcessor
instanceKlass com/mathworks/toolbox/shared/computils/file/FileSorter$2
instanceKlass org/apache/http/protocol/HttpProcessorBuilder
instanceKlass com/mathworks/toolbox/shared/computils/file/FileSorter
instanceKlass com/mathworks/toolbox/shared/computils/file/ImmutableFileTree
instanceKlass com/mathworks/sourcecontrol/SCAdapterConnectionManager$3
instanceKlass org/apache/http/util/VersionInfo
instanceKlass org/apache/http/impl/nio/client/DefaultAsyncUserTokenHandler
instanceKlass com/mathworks/sourcecontrol/SourceControlUI$2
instanceKlass org/apache/http/client/AuthCache
instanceKlass org/apache/http/impl/client/AuthenticationStrategyImpl
instanceKlass com/mathworks/sourcecontrol/SourceControlUI$1
instanceKlass org/apache/http/HeaderElementIterator
instanceKlass com/mathworks/cmlink/management/cache/RolledUpStatusCache$2
instanceKlass org/apache/http/impl/client/DefaultConnectionKeepAliveStrategy
instanceKlass org/apache/http/TokenIterator
instanceKlass com/mathworks/cmlink/management/cache/RolledUpStatusCache$1
instanceKlass org/apache/http/impl/DefaultConnectionReuseStrategy
instanceKlass org/apache/http/nio/pool/AbstractNIOConnPool$InternalSessionRequestCallback
instanceKlass org/apache/http/impl/conn/SystemDefaultDnsResolver
instanceKlass org/apache/http/impl/conn/DefaultSchemePortResolver
instanceKlass org/apache/http/conn/DnsResolver
instanceKlass org/apache/http/impl/nio/conn/PoolingNHttpClientConnectionManager$InternalAddressResolver
instanceKlass org/apache/http/nio/util/HeapByteBufferAllocator
instanceKlass org/apache/http/impl/EnglishReasonPhraseCatalog
instanceKlass org/apache/http/HttpResponse
instanceKlass org/apache/http/ReasonPhraseCatalog
instanceKlass org/apache/http/impl/DefaultHttpResponseFactory
instanceKlass org/eclipse/jgit/lib/Config$SectionParser
instanceKlass org/apache/http/StatusLine
instanceKlass java/lang/invoke/LambdaForm$DMH
instanceKlass org/apache/http/ProtocolVersion
instanceKlass org/apache/http/message/BasicLineParser
instanceKlass org/apache/http/nio/NHttpMessageParser
instanceKlass org/apache/http/HttpResponseFactory
instanceKlass org/apache/http/message/LineParser
instanceKlass org/eclipse/jgit/treewalk/WorkingTreeOptions
instanceKlass org/apache/http/impl/nio/codecs/DefaultHttpResponseParserFactory
instanceKlass org/apache/http/message/BasicLineFormatter
instanceKlass org/eclipse/jgit/treewalk/WorkingTreeIterator$1
instanceKlass org/apache/http/nio/NHttpMessageWriter
instanceKlass org/apache/http/message/LineFormatter
instanceKlass org/eclipse/jgit/treewalk/FileTreeIterator$FileModeStrategy
instanceKlass org/apache/http/impl/nio/codecs/DefaultHttpRequestWriterFactory
instanceKlass org/apache/http/impl/nio/NHttpConnectionBase
instanceKlass org/apache/http/nio/reactor/SocketAccessor
instanceKlass org/apache/http/nio/reactor/SessionBufferStatus
instanceKlass org/apache/http/nio/NHttpClientIOTarget
instanceKlass org/apache/http/nio/conn/ManagedNHttpClientConnection
instanceKlass org/apache/http/HttpInetConnection
instanceKlass org/apache/http/nio/NHttpClientConnection
instanceKlass org/apache/http/nio/NHttpConnection
instanceKlass org/apache/http/nio/IOControl
instanceKlass org/eclipse/jgit/attributes/AttributesNode
instanceKlass org/eclipse/jgit/ignore/IgnoreNode
instanceKlass org/eclipse/jgit/treewalk/AbstractTreeIterator
instanceKlass com/mathworks/cmlink/implementations/git/GitExternalChangeDetector$2
instanceKlass com/mathworks/cmlink/implementations/git/ExternalEditManagingGitAdapter$12
instanceKlass com/mathworks/cmlink/util/decoration/CMAdapterRepetitiveDecorator$20
instanceKlass com/mathworks/cmlink/management/queue/CMAdapterQueued$4
instanceKlass org/apache/http/HttpConnection
instanceKlass org/apache/http/nio/util/ByteBufferAllocator
instanceKlass com/mathworks/cmlink/management/cache/transaction/CacheTransactionGenerator$1
instanceKlass java/util/concurrent/LinkedBlockingDeque$Node
instanceKlass com/mathworks/cmlink/management/cache/queue/jobs/CompletionStatus
instanceKlass com/mathworks/cmlink/management/cache/queue/jobs/BlockingCacheUpdateJob
instanceKlass com/mathworks/cmlink/management/cache/BlockingCmStatusCache$BlockingEntity
instanceKlass com/mathworks/toolbox/shared/computils/file/FileTree
instanceKlass com/mathworks/cmlink/management/cache/RolledUpStatusCache
instanceKlass com/mathworks/sourcecontrol/CaseCorrectRolledUpStatusCache
instanceKlass org/apache/http/nio/NHttpMessageParserFactory
instanceKlass org/apache/http/nio/NHttpMessageWriterFactory
instanceKlass org/apache/http/impl/nio/conn/ManagedNHttpClientConnectionFactory
instanceKlass org/apache/http/nio/conn/NHttpConnectionFactory
instanceKlass org/apache/http/impl/nio/conn/PoolingNHttpClientConnectionManager$InternalConnectionFactory
instanceKlass org/apache/http/pool/PoolEntryCallback
instanceKlass org/apache/http/nio/pool/RouteSpecificPool
instanceKlass org/apache/http/nio/reactor/SessionRequestCallback
instanceKlass org/apache/http/nio/pool/AbstractNIOConnPool
instanceKlass org/apache/http/pool/ConnPool
instanceKlass org/apache/http/impl/nio/conn/PoolingNHttpClientConnectionManager$ConfigData
instanceKlass org/apache/http/config/Registry
instanceKlass org/apache/http/nio/conn/NoopIOSessionStrategy
instanceKlass org/apache/http/config/RegistryBuilder
instanceKlass org/apache/http/pool/PoolEntry
instanceKlass org/apache/http/nio/pool/NIOConnFactory
instanceKlass org/apache/http/nio/pool/SocketAddressResolver
instanceKlass org/apache/http/impl/nio/conn/PoolingNHttpClientConnectionManager
instanceKlass org/apache/http/pool/ConnPoolControl
instanceKlass org/apache/http/impl/nio/reactor/AbstractMultiworkerIOReactor$Worker
instanceKlass org/apache/http/impl/nio/reactor/AbstractIOReactor
instanceKlass org/apache/http/impl/nio/reactor/AbstractMultiworkerIOReactor$DefaultThreadFactory
instanceKlass sun/nio/ch/OptionKey
instanceKlass sun/nio/ch/SocketOptionRegistry$LazyInitialization
instanceKlass sun/nio/ch/SocketOptionRegistry$RegistryKey
instanceKlass sun/nio/ch/SocketOptionRegistry
instanceKlass jdk/net/SocketFlow
instanceKlass sun/net/ExtendedOptionsImpl$$Lambda$51
instanceKlass sun/net/ExtendedOptionsImpl
instanceKlass sun/nio/ch/ExtendedSocketOption$1
instanceKlass sun/nio/ch/ExtendedSocketOption
instanceKlass sun/nio/ch/SocketChannelImpl$DefaultOptionsHolder
instanceKlass java/net/StandardSocketOptions$StdSocketOption
instanceKlass java/net/SocketOption
instanceKlass java/net/StandardSocketOptions
instanceKlass java/net/Socket
instanceKlass sun/net/NetHooks
instanceKlass java/net/PlainSocketImpl$1
instanceKlass java/net/AbstractPlainSocketImpl$1
instanceKlass java/net/SocketImpl
instanceKlass java/net/SocketOptions
instanceKlass java/net/SocksConsts
instanceKlass java/net/ServerSocket
instanceKlass sun/nio/ch/Net$3
instanceKlass sun/nio/ch/Net$4
instanceKlass sun/nio/ch/Net$1
instanceKlass java/net/ProtocolFamily
instanceKlass sun/nio/ch/Net
instanceKlass java/net/InetSocketAddress$InetSocketAddressHolder
instanceKlass sun/nio/ch/SelChImpl
instanceKlass java/nio/channels/NetworkChannel
instanceKlass sun/net/util/IPAddressUtil
instanceKlass sun/nio/ch/PipeImpl$Initializer$LoopbackConnector
instanceKlass sun/nio/ch/PipeImpl$Initializer
instanceKlass java/nio/channels/Pipe
instanceKlass sun/nio/ch/NativeObject
instanceKlass sun/nio/ch/PollArrayWrapper
instanceKlass sun/nio/ch/WindowsSelectorImpl$FinishLock
instanceKlass sun/nio/ch/WindowsSelectorImpl$StartLock
instanceKlass sun/nio/ch/WindowsSelectorImpl$SubSelector
instanceKlass java/nio/channels/SelectionKey
instanceKlass sun/nio/ch/Util$3
instanceKlass sun/nio/ch/DefaultSelectorProvider
instanceKlass java/nio/channels/spi/SelectorProvider$1
instanceKlass java/nio/channels/spi/SelectorProvider
instanceKlass java/nio/channels/Selector
instanceKlass org/apache/http/params/AbstractHttpParams
instanceKlass org/apache/http/params/HttpParamsNames
instanceKlass org/apache/http/nio/reactor/SessionRequest
instanceKlass org/apache/http/impl/nio/reactor/AbstractMultiworkerIOReactor
instanceKlass org/apache/http/nio/reactor/ConnectingIOReactor
instanceKlass org/apache/http/nio/reactor/IOReactor
instanceKlass org/apache/http/impl/nio/client/IOReactorUtils
instanceKlass org/apache/http/impl/nio/reactor/IOReactorConfig$Builder
instanceKlass org/apache/http/impl/nio/reactor/IOReactorConfig
instanceKlass org/apache/http/conn/ssl/AbstractVerifier
instanceKlass org/apache/http/nio/reactor/ssl/SSLSetupHandler
instanceKlass org/apache/http/nio/reactor/IOSession
instanceKlass org/apache/http/conn/ssl/X509HostnameVerifier
instanceKlass org/apache/http/nio/conn/ssl/SSLIOSessionStrategy
instanceKlass org/apache/commons/logging/impl/SimpleLog$1
instanceKlass org/apache/commons/logging/impl/SimpleLog
instanceKlass org/apache/commons/logging/Log
instanceKlass org/apache/commons/logging/impl/LogFactoryImpl$3
instanceKlass org/apache/commons/logging/impl/LogFactoryImpl$1
instanceKlass org/apache/commons/logging/impl/LogFactoryImpl$2
instanceKlass org/apache/commons/logging/LogFactory$2
instanceKlass org/apache/commons/logging/LogFactory$3
instanceKlass org/apache/commons/logging/LogFactory$4
instanceKlass org/apache/commons/logging/impl/WeakHashtable$Referenced
instanceKlass org/apache/commons/logging/LogFactory$1
instanceKlass com/mathworks/services/lmgr/NonDemoFeatureInfoList
instanceKlass org/apache/commons/logging/LogFactory$6
instanceKlass org/apache/commons/logging/LogFactory
instanceKlass com/mathworks/install/InstalledProduct
instanceKlass com/mathworks/mlwidgets/workspace/MatlabCustomClassRegistry
instanceKlass org/apache/http/conn/ssl/DefaultHostnameVerifier
instanceKlass javax/net/ssl/X509ExtendedKeyManager
instanceKlass javax/net/ssl/X509KeyManager
instanceKlass javax/net/ssl/KeyManager
instanceKlass javax/net/ssl/KeyManagerFactorySpi
instanceKlass javax/net/ssl/KeyManagerFactory$1
instanceKlass javax/net/ssl/KeyManagerFactory
instanceKlass sun/security/ssl/SSLContextImpl$DefaultManagersHolder$1
instanceKlass sun/security/validator/KeyStores
instanceKlass javax/net/ssl/X509ExtendedTrustManager
instanceKlass javax/net/ssl/X509TrustManager
instanceKlass javax/net/ssl/TrustManagerFactory$1
instanceKlass javax/net/ssl/TrustManagerFactory
instanceKlass sun/security/ssl/TrustManagerFactoryImpl$1
instanceKlass java/security/KeyStore$1
instanceKlass sun/security/ssl/TrustManagerFactoryImpl$2
instanceKlass javax/net/ssl/TrustManagerFactorySpi
instanceKlass com/mathworks/hg/util/HGUtils$ComponentImageRunnable
instanceKlass com/mathworks/hg/util/HGUtils
instanceKlass sun/security/ssl/SSLContextImpl$DefaultManagersHolder
instanceKlass sun/security/ssl/SSLSessionContextImpl$1
instanceKlass com/mathworks/widgets/spreadsheet/data/ComplexArray
instanceKlass com/mathworks/widgets/spreadsheet/data/ValueSummary
instanceKlass com/mathworks/widgets/spreadsheet/IReadOnlyData
instanceKlass sun/security/ssl/SSLSessionContextImpl
instanceKlass javax/net/ssl/SSLSessionContext
instanceKlass sun/security/ssl/EphemeralKeyManager$EphemeralKeyPair
instanceKlass sun/security/ssl/EphemeralKeyManager
instanceKlass sun/security/ssl/SSLContextImpl$CustomizedSSLProtocols
instanceKlass sun/security/ssl/CipherSuiteList
instanceKlass java/security/spec/ECGenParameterSpec
instanceKlass sun/security/util/ECKeySizeParameterSpec
instanceKlass sun/security/util/SecurityProviderConstants
instanceKlass java/security/KeyPairGeneratorSpi
instanceKlass sun/security/x509/CertificatePolicyMap
instanceKlass com/mathworks/mde/desk/StartupClassLoader$LoadInfo
instanceKlass org/apache/commons/io/Charsets
instanceKlass sun/security/util/ECUtil
instanceKlass java/security/interfaces/ECPublicKey
instanceKlass java/security/interfaces/ECKey
instanceKlass sun/security/provider/JavaKeyStore$TrustedCertEntry
instanceKlass sun/security/provider/KeyStoreDelegator$1
instanceKlass java/security/KeyStoreSpi
instanceKlass java/security/KeyStore
instanceKlass sun/security/util/AnchorCertificates$1
instanceKlass sun/security/util/AnchorCertificates
instanceKlass java/security/cert/TrustAnchor
instanceKlass sun/security/x509/X509CertImpl$$Lambda$50
instanceKlass sun/security/util/UntrustedCertificates$1
instanceKlass sun/security/util/UntrustedCertificates
instanceKlass java/security/cert/PKIXCertPathChecker
instanceKlass java/security/cert/CertPathChecker
instanceKlass javax/crypto/JarVerifier$JarHolder
instanceKlass javax/crypto/JarVerifier$2
instanceKlass javax/crypto/JceSecurity$2
instanceKlass javax/crypto/KeyAgreement
instanceKlass sun/security/ssl/JsseJce$EcAvailability
instanceKlass sun/security/ssl/SSLAlgorithmDecomposer$1
instanceKlass org/jdom2/ContentList$1
instanceKlass sun/security/ssl/CipherSuite$MacAlg
instanceKlass javax/crypto/JceSecurityManager$1
instanceKlass java/text/BreakIterator
instanceKlass java/security/spec/DSAParameterSpec
instanceKlass java/security/interfaces/DSAParams
instanceKlass javax/swing/text/GlyphView$GlyphPainter
instanceKlass com/mathworks/util/collections/CopyOnWriteList$MyIterator
instanceKlass com/mathworks/cmlink/util/decoration/CMAdapterRepetitiveDecorator$14
instanceKlass java/security/interfaces/DSAPrivateKey
instanceKlass com/mathworks/cmlink/management/queue/CMAdapterQueued$17
instanceKlass com/mathworks/cmlink/management/pool/PooledCmStatusCacheEntry$1
instanceKlass com/mathworks/toolbox/cmlinkutils/threads/lock/AcquiredLock
instanceKlass com/mathworks/install_impl/usage/CustomerFacingUsageStrategy
instanceKlass com/mathworks/util/FileSystemNotifier$2
instanceKlass com/mathworks/install/usage/UsageStrategy
instanceKlass com/mathworks/install_impl/usage/UsageStrategyFactory
instanceKlass com/mathworks/cmlink/management/cache/AsynchronousCmStatusCache$1
instanceKlass com/mathworks/cmlink/management/cache/AsynchronousCmStatusCache$CachePollingFileSystemListener
instanceKlass com/mathworks/cmlink/management/cache/AsynchronousCmStatusCache$ExceptionThrowingRunnable
instanceKlass com/mathworks/install_impl/InstallableProductImpl$InstallableComponentVisitor
instanceKlass com/mathworks/cmlink/management/cache/AsynchronousCmStatusCache$CacheFileSystemListener
instanceKlass com/mathworks/cmlink/management/cache/queue/JobQueuingCmStatusCache$1
instanceKlass com/mathworks/cmlink/management/cache/queue/JobQueuingCmStatusCache$2
instanceKlass com/mathworks/cmlink/management/cache/transaction/RepositoryUpdateTransaction
instanceKlass com/mathworks/cmlink/management/cache/transaction/CmStatusCacheUpdateTransaction
instanceKlass org/jdom2/output/support/WalkerTRIM$1
instanceKlass com/mathworks/cmlink/management/cache/transaction/CacheTransactionGenerator
instanceKlass org/jdom2/output/support/AbstractXMLOutputProcessor$1
instanceKlass com/mathworks/cmlink/util/internalapi/InternalFileState
instanceKlass org/jdom2/output/support/AbstractFormattedWalker$2
instanceKlass com/mathworks/cmlink/management/cache/transaction/TransactionBasedCache
instanceKlass com/mathworks/cmlink/management/cache/queue/CmCacheUpdateJob
instanceKlass org/jdom2/ContentList$CLIterator
instanceKlass com/mathworks/cmlink/management/cache/transaction/TransactionManagingCmCache
instanceKlass org/jdom2/output/support/AbstractFormattedWalker$MultiText
instanceKlass javax/swing/Autoscroller
instanceKlass org/jdom2/output/support/AbstractFormattedWalker$1
instanceKlass com/mathworks/cmlink/util/events/CMEventListener
instanceKlass com/mathworks/sourcecontrol/sandboxcreation/statuswidget/progressindication/ProgressEventBroadcaster$1
instanceKlass com/mathworks/util/PollingChangeListener
instanceKlass com/mathworks/mwswing/JEditorPaneHyperlinkHandler$7
instanceKlass com/mathworks/cmlink/util/events/EventBroadcastingCMAdapter$1
instanceKlass com/mathworks/cmlink/util/status/CMStatusChangeServer$Listener
instanceKlass org/jdom2/output/support/AbstractFormattedWalker
instanceKlass com/mathworks/sourcecontrol/ActionStatusDisplay$4
instanceKlass com/mathworks/sourcecontrol/SCInfoBar$2$2
instanceKlass com/mathworks/sourcecontrol/MLApplicationInteractor$1$1
instanceKlass org/jdom2/output/support/AbstractOutputProcessor$1
instanceKlass com/mathworks/cmlink/util/decoration/CMAdapterRepetitiveDecorator$13
instanceKlass org/jdom2/util/NamespaceStack$1
instanceKlass com/mathworks/sourcecontrol/ActionStatusDisplay$3
instanceKlass com/mathworks/sourcecontrol/SCInfoBar$2$1
instanceKlass org/jdom2/util/NamespaceStack$EmptyIterable
instanceKlass org/jdom2/util/NamespaceStack
instanceKlass org/jdom2/output/support/FormatStack
instanceKlass com/mathworks/widgets/desk/RecentFiles$Tool
instanceKlass com/mathworks/toolbox/slproject/project/GUI/canvas/toolstrip/ProjectIconSupplier
instanceKlass com/mathworks/toolbox/shared/computils/exceptions/ViewContext
instanceKlass com/mathworks/toolbox/slproject/project/GUI/canvas/toolstrip/ProjectOpener
instanceKlass org/jdom2/internal/SystemProperty
instanceKlass com/mathworks/toolbox/slproject/project/GUI/canvas/toolstrip/ProjectToolsetInitializer$1
instanceKlass org/jdom2/output/Format$1
instanceKlass com/mathworks/toolbox/slproject/project/GUI/canvas/toolstrip/ProjectToolsetInitializer
instanceKlass org/jdom2/output/Format$EscapeStrategy7Bits
instanceKlass org/jdom2/output/Format$EscapeStrategy8Bits
instanceKlass org/jdom2/output/Format$EscapeStrategyUTF
instanceKlass org/jdom2/output/EscapeStrategy
instanceKlass com/mathworks/cmlink/api/resources/CMResources
instanceKlass com/mathworks/cmlink/management/queue/CMQueue$Task
instanceKlass com/mathworks/cmlink/management/queue/CMQueue$2
instanceKlass com/mathworks/cmlink/management/queue/CMAdapterQueued$16
instanceKlass org/jdom2/output/Format
instanceKlass org/jdom2/output/support/Walker
instanceKlass org/jdom2/output/support/AbstractOutputProcessor
instanceKlass org/jdom2/output/support/XMLOutputProcessor
instanceKlass org/jdom2/output/XMLOutputter
instanceKlass com/mathworks/install_impl/ComponentContainerImpl$ComponentDataFlyweight
instanceKlass com/mathworks/install_impl/ProductImpl
instanceKlass com/mathworks/mde/desk/StartupClassLoader$2
instanceKlass com/mathworks/cmlink/management/logging/CmLinkLoggingCallableProcessor
instanceKlass org/apache/xerces/impl/dv/SecuritySupport$3
instanceKlass com/mathworks/cmlink/implementations/git/GitProgressResettingAdapter$1
instanceKlass org/apache/xerces/parsers/SecuritySupport$3
instanceKlass com/mathworks/cmlink/util/events/CMAdapterDecorator
instanceKlass com/mathworks/install_impl/UninstallerComponentContainerHandler
instanceKlass com/mathworks/cmlink/util/decoration/CallableProcessor
instanceKlass org/eclipse/jgit/api/ListTagCommand$1
instanceKlass org/eclipse/jgit/lib/InflaterCache
instanceKlass com/mathworks/install_impl/AbstractFileListParser
instanceKlass com/mathworks/install/FileListParser
instanceKlass org/eclipse/jgit/util/RefMap$SetIterator
instanceKlass java/util/AbstractMap$2$1
instanceKlass java/util/stream/ReduceOps$Box
instanceKlass java/util/stream/ReduceOps$AccumulatingSink
instanceKlass java/util/stream/TerminalSink
instanceKlass java/util/stream/ReduceOps$ReduceOp
instanceKlass java/util/stream/ReduceOps
instanceKlass java/util/stream/Collectors$$Lambda$49
instanceKlass java/util/stream/Collectors$$Lambda$48
instanceKlass java/util/stream/Collectors$$Lambda$47
instanceKlass java/lang/invoke/LambdaForm$DMH
instanceKlass java/util/stream/Collectors$$Lambda$46
instanceKlass java/util/stream/Collectors$CollectorImpl
instanceKlass java/util/stream/Collector
instanceKlass java/util/stream/Collectors
instanceKlass java/util/Spliterators$IteratorSpliterator
instanceKlass org/eclipse/jgit/lib/RefComparator
instanceKlass org/eclipse/jgit/internal/storage/file/LockFile$1
instanceKlass org/eclipse/jgit/internal/storage/file/LockFile
instanceKlass org/eclipse/jgit/util/RefList$Builder
instanceKlass org/eclipse/jgit/internal/storage/file/RefDirectory$LooseScanner
instanceKlass org/eclipse/jgit/treewalk/filter/TreeFilter
instanceKlass com/mathworks/util/NativeJava$StatEntry
instanceKlass com/mathworks/install/OwningProductResponse
instanceKlass com/mathworks/install_impl/InstalledProductDataImpl$FileCollectionVisitor
instanceKlass com/mathworks/install_impl/InstalledProductDataImpl
instanceKlass com/google/inject/internal/InjectorImpl$2$1
instanceKlass com/google/inject/internal/CircularDependencyProxy
instanceKlass com/google/inject/internal/ProviderToInternalFactoryAdapter$1
instanceKlass org/eclipse/jgit/revwalk/filter/RevFilter
instanceKlass org/eclipse/jgit/lib/ObjectIdOwnerMap
instanceKlass org/eclipse/jgit/lib/ObjectIdSet
instanceKlass org/eclipse/jgit/internal/storage/file/DeltaBaseCache
instanceKlass org/eclipse/jgit/internal/storage/file/WindowCache$Lock
instanceKlass org/eclipse/jgit/storage/file/WindowCacheConfig
instanceKlass org/eclipse/jgit/internal/storage/file/ByteWindow
instanceKlass com/google/common/collect/TransformedIterator
instanceKlass org/eclipse/jgit/internal/storage/file/WindowCache
instanceKlass com/google/common/collect/AbstractMapBasedMultimap$AsMap$AsMapIterator
instanceKlass org/eclipse/jgit/lib/BitmapIndex
instanceKlass com/google/inject/internal/InternalContext$DependencyStack
instanceKlass com/google/inject/internal/InternalContext
instanceKlass com/google/inject/internal/InternalInjectorCreator$1
instanceKlass com/google/common/collect/Iterators$ConcatenatedIterator
instanceKlass com/google/common/collect/FluentIterable
instanceKlass com/google/common/collect/Iterables
instanceKlass org/eclipse/jgit/lib/AsyncObjectSizeQueue
instanceKlass org/eclipse/jgit/lib/AsyncObjectLoaderQueue
instanceKlass java/lang/reflect/WeakCache$LookupValue
instanceKlass com/google/inject/internal/InjectorImpl$2
instanceKlass org/eclipse/jgit/revwalk/AsyncRevObjectQueue
instanceKlass org/eclipse/jgit/lib/AsyncOperation
instanceKlass com/mathworks/install/command/NativeDotNet
instanceKlass java/lang/Process
instanceKlass java/lang/ProcessBuilder
instanceKlass com/mathworks/instutil/licensefiles/LicenseFileLocation
instanceKlass com/mathworks/install/input/DeltaData
instanceKlass com/mathworks/install/input/ComponentData
instanceKlass com/mathworks/install/input/ProductData
instanceKlass com/mathworks/install/input/ComponentURLProvider
instanceKlass com/mathworks/install/input/InstallationInputFile
instanceKlass org/eclipse/jgit/revwalk/Generator
instanceKlass org/eclipse/jgit/revwalk/RevWalk
instanceKlass com/mathworks/install/udc/UdcResourceKey
instanceKlass org/eclipse/jgit/api/GitCommand
instanceKlass com/mathworks/cmlink/implementations/git/branch/RemoteInfo
instanceKlass com/mathworks/instutil/InstallerDownloadURLInfo
instanceKlass com/mathworks/cmlink/implementations/git/exception/GitExceptionHandler
instanceKlass com/mathworks/toolbox/shared/computils/exceptions/ExceptionHandler
instanceKlass com/mathworks/toolbox/shared/computils/collections/ListTransformer$DefaultListFactory
instanceKlass com/mathworks/toolbox/shared/computils/collections/ListTransformer$1
instanceKlass org/apache/commons/collections15/Factory
instanceKlass com/mathworks/toolbox/shared/computils/collections/ListTransformer
instanceKlass com/mathworks/cmlink/management/path/OsgiDirectoryUpdateController$$Lambda$45
instanceKlass com/mathworks/cmlink/management/path/PathTrimmer
instanceKlass com/mathworks/cmlink/management/path/PathDisablingAction
instanceKlass com/mathworks/cmlink/management/path/DirectoryUpdateControllerFactory
instanceKlass com/mathworks/cmlink/management/path/OsgiDirectoryUpdateController
instanceKlass com/mathworks/cmlink/implementations/git/branch/BranchPointer
instanceKlass com/mathworks/cmlink/implementations/git/branch/BasicBranchManager
instanceKlass com/mathworks/install/InputStreamProvider
instanceKlass com/mathworks/install/input/Contents
instanceKlass com/mathworks/cmlink/implementations/git/branch/ExternalEditManagingBranchManager$Task
instanceKlass com/mathworks/cmlink/management/path/ExceptionSpecificCallable
instanceKlass com/mathworks/addons/launchers/InitializeCacheAndRegisterAddonsAndAddSupportPackages
instanceKlass com/mathworks/mde/liveeditor/LiveEditorClientFactory$3
instanceKlass com/mathworks/mde/liveeditor/LiveEditorClientFactory$1
instanceKlass com/mathworks/mde/liveeditor/LiveEditorClientFactory
instanceKlass com/mathworks/mde/liveeditor/LiveEditorTabManager$16
instanceKlass com/mathworks/mde/liveeditor/plugins/execution/LiveEditorExecutionDockingManager$2
instanceKlass com/mathworks/cmlink/management/path/DirectoryUpdateController
instanceKlass com/mathworks/mde/liveeditor/plugins/execution/LiveEditorExecutionDockingManager$1
instanceKlass com/mathworks/mde/liveeditor/plugins/execution/LiveEditorExecutionDockingManager
instanceKlass com/mathworks/mde/desk/MLDesktop$7$1
instanceKlass com/mathworks/cmlink/implementations/git/branch/BranchManagerDecorator
instanceKlass com/mathworks/cmlink/implementations/git/customizations/GitActionSet
instanceKlass com/mathworks/cmlink/implementations/git/branch/BranchManager
instanceKlass com/mathworks/cmlink/implementations/git/GitAdapter$1
instanceKlass com/mathworks/cmlink/implementations/git/event/StatusChangeBroadcaster
instanceKlass com/mathworks/cmlink/implementations/git/head/HeadCommitInformationProviderBase
instanceKlass com/mathworks/cmlink/implementations/git/GitExternalChangeDetector$1
instanceKlass com/mathworks/cmlink/implementations/git/GitExternalChangeDetector$Listener
instanceKlass com/mathworks/cmlink/implementations/git/task/GitTaskScheduler$1
instanceKlass com/mathworks/cmlink/implementations/git/task/GitTaskScheduler
instanceKlass com/mathworks/cmlink/implementations/git/GitExternalChangeDetector$GitExternalChangeResponse
instanceKlass com/mathworks/toolbox/cmlinkutils/file/watch/KeyHandlingFolderWatchDecorator
instanceKlass com/mathworks/toolbox/cmlinkutils/util/UUIDGenerator
instanceKlass com/mathworks/mde/cmdwin/CmdWinSyntaxWrapper
instanceKlass com/mathworks/mde/cmdwin/CmdWinMLIF$8
instanceKlass com/mathworks/mde/cmdwin/FunctionBrowserRowHeader$4$1
instanceKlass com/mathworks/mde/desk/MLDesktop$18
instanceKlass com/mathworks/mlservices/MLExecutionEvent$1
instanceKlass com/google/inject/internal/cglib/core/$EmitUtils$16
instanceKlass com/google/inject/internal/cglib/core/$EmitUtils$15
instanceKlass java/lang/Deprecated
instanceKlass java/util/function/BiConsumer
instanceKlass com/google/inject/util/Types
instanceKlass com/mathworks/install/ComponentAggregator
instanceKlass com/mathworks/install_impl/ProductInstallerImpl$ComponentVisitor
instanceKlass com/mathworks/install_impl/XMLParserImpl
instanceKlass com/mathworks/install/XMLParser
instanceKlass com/mathworks/install/ComponentContainerHandler
instanceKlass sun/reflect/annotation/AnnotationInvocationHandler$1
instanceKlass com/google/inject/internal/DefaultConstructionProxyFactory$2
instanceKlass com/mathworks/install/input/ComponentSourceProvider
instanceKlass com/mathworks/install/InstallableComponent
instanceKlass com/mathworks/install_impl/InstallableProductImpl
instanceKlass com/mathworks/install/InstallableProduct
instanceKlass com/mathworks/install/ComponentData
instanceKlass com/google/inject/internal/SingleParameterInjector
instanceKlass com/google/inject/internal/DefaultConstructionProxyFactory$1
instanceKlass com/google/inject/internal/cglib/reflect/$FastMember
instanceKlass com/google/inject/internal/DefaultConstructionProxyFactory
instanceKlass com/google/inject/internal/ConstructorInjector
instanceKlass com/google/inject/internal/ConstructionProxy
instanceKlass com/google/inject/internal/cglib/proxy/$CallbackFilter
instanceKlass com/google/inject/internal/ProxyFactory
instanceKlass com/google/inject/internal/MembersInjectorImpl
instanceKlass com/google/inject/internal/EncounterImpl
instanceKlass com/google/inject/internal/ConstructorBindingImpl$Factory
instanceKlass com/google/inject/ProvidedBy
instanceKlass com/google/inject/ImplementedBy
instanceKlass com/google/inject/internal/ProvisionListenerStackCallback$ProvisionCallback
instanceKlass com/google/inject/internal/ProviderInternalFactory
instanceKlass com/google/inject/spi/ProvidesMethodTargetVisitor
instanceKlass com/google/inject/internal/ProvisionListenerStackCallback
instanceKlass com/google/inject/internal/ProvisionListenerCallbackStore$KeyBinding
instanceKlass com/google/inject/internal/InternalFactoryToProviderAdapter
instanceKlass com/google/inject/internal/CycleDetectingLock$CycleDetectingLockFactory$ReentrantCycleDetectingLock
instanceKlass com/google/inject/internal/ConstructionContext
instanceKlass com/mathworks/widgets/spreadsheet/IntervalSet$Interval
instanceKlass com/google/inject/internal/SingletonScope$1
instanceKlass com/mathworks/widgets/recordlist/RecordlistModelEvent$RLEventType
instanceKlass com/google/inject/internal/ProviderToInternalFactoryAdapter
instanceKlass com/mathworks/widgets/recordlist/RecordlistModelEvent
instanceKlass com/google/inject/internal/FactoryProxy
instanceKlass com/mathworks/mlwidgets/workspace/MatlabWorkspaceModel$2
instanceKlass com/google/inject/internal/util/Classes
instanceKlass com/mathworks/mlwidgets/workspace/MatlabWorkspaceListener$2
instanceKlass com/mathworks/mlwidgets/workspace/MatlabWorkspaceListener$1
instanceKlass com/google/inject/spi/ExposedBinding
instanceKlass com/google/inject/internal/CreationListener
instanceKlass com/mathworks/widgets/grouptable/DisplayEffects$CombinedToolTipGenerator
instanceKlass com/google/inject/internal/InjectorShell$LoggerFactory
instanceKlass com/google/inject/internal/InjectorShell$InjectorFactory
instanceKlass com/google/inject/internal/Initializables$1
instanceKlass com/google/inject/internal/Initializables
instanceKlass com/google/inject/internal/ConstantFactory
instanceKlass com/google/inject/internal/InjectorShell
instanceKlass com/google/inject/internal/ProvisionListenerCallbackStore
instanceKlass com/google/inject/internal/SingleMemberInjector
instanceKlass com/google/inject/spi/TypeEncounter
instanceKlass com/mathworks/mlwidgets/explorer/model/table/PathAffordance$PathToolTipGenerator
instanceKlass com/google/inject/internal/MembersInjectorStore
instanceKlass com/mathworks/mlwidgets/explorer/util/FileSystemFilter
instanceKlass com/mathworks/mlwidgets/explorer/util/FileSystemUtils
instanceKlass com/icl/saxon/om/Name
instanceKlass com/icl/saxon/ContentEmitter
instanceKlass com/icl/saxon/charcode/UnicodeCharacterSet
instanceKlass com/google/inject/internal/TypeConverterBindingProcessor$4
instanceKlass com/icl/saxon/charcode/CharacterSetFactory
instanceKlass com/google/inject/internal/TypeConverterBindingProcessor$2
instanceKlass com/google/inject/internal/TypeConverterBindingProcessor$1
instanceKlass com/google/inject/spi/TypeConverterBinding
instanceKlass com/google/inject/matcher/AbstractMatcher
instanceKlass com/google/inject/matcher/Matchers
instanceKlass com/google/inject/internal/TypeConverterBindingProcessor$5
instanceKlass com/icl/saxon/tree/AttributeCollection
instanceKlass com/icl/saxon/charcode/CharacterSet
instanceKlass com/google/inject/internal/ConstructionProxyFactory
instanceKlass com/google/inject/internal/FailableCache
instanceKlass com/google/inject/internal/ConstructorInjectorStore
instanceKlass com/google/inject/internal/DeferredLookups
instanceKlass com/google/inject/internal/InjectorImpl$BindingsMultimap
instanceKlass com/google/inject/spi/ConvertedConstantBinding
instanceKlass com/google/inject/spi/ProviderBinding
instanceKlass com/google/inject/internal/InjectorImpl
instanceKlass com/google/inject/internal/Lookups
instanceKlass com/google/inject/internal/InjectorImpl$InjectorOptions
instanceKlass javax/xml/transform/sax/SAXResult
instanceKlass org/xml/sax/helpers/AttributesImpl
instanceKlass com/google/inject/spi/DefaultBindingScopingVisitor
instanceKlass org/xml/sax/helpers/NamespaceSupport$Context
instanceKlass org/xml/sax/helpers/NamespaceSupport
instanceKlass javax/xml/transform/sax/SAXSource
instanceKlass javax/xml/transform/stream/StreamResult
instanceKlass javax/xml/transform/dom/DOMSource
instanceKlass net/sf/saxon/dom/DOMNodeList
instanceKlass com/mathworks/install_impl/InstalledProductFactory$InstallerWorkSpace$1$5
instanceKlass com/mathworks/instutil/IOObserver
instanceKlass com/mathworks/install_impl/InstalledProductFactory$InstallerWorkSpace$1$4
instanceKlass com/mathworks/install_impl/InstalledProductFactory$InstallerWorkSpace$1$3
instanceKlass com/mathworks/install/InstallFlowControlHandler
instanceKlass com/mathworks/install_impl/InstalledProductFactory$InstallerWorkSpace$1$2
instanceKlass com/mathworks/install/archive/Archive
instanceKlass com/mathworks/install_impl/InstalledProductFactory$InstallerWorkSpace$1$1
instanceKlass net/sf/saxon/om/ArrayIterator
instanceKlass net/sf/saxon/expr/FilterIterator
instanceKlass net/sf/saxon/om/EmptyIterator
instanceKlass net/sf/saxon/om/AxisIteratorImpl
instanceKlass net/sf/saxon/expr/ContextMappingIterator
instanceKlass net/sf/saxon/expr/StackFrame
instanceKlass net/sf/saxon/om/SingletonIterator
instanceKlass net/sf/saxon/om/LookaheadIterator
instanceKlass net/sf/saxon/om/GroundedIterator
instanceKlass net/sf/saxon/expr/LastPositionFinder
instanceKlass net/sf/saxon/expr/ReversibleIterator
instanceKlass net/sf/saxon/StandardErrorListener
instanceKlass sun/util/locale/provider/TimeZoneNameUtility$TimeZoneNameGetter
instanceKlass sun/util/locale/provider/TimeZoneNameUtility
instanceKlass sun/security/validator/EndEntityChecker
instanceKlass net/sf/saxon/trans/StandardUnparsedTextResolver
instanceKlass com/mathworks/instutil/logging/AbstractAppLogger
instanceKlass net/sf/saxon/event/StandardOutputResolver
instanceKlass net/sf/saxon/instruct/Bindery
instanceKlass net/sf/saxon/trans/UnparsedTextURIResolver
instanceKlass sun/security/validator/Validator
instanceKlass com/mathworks/instutil/ExecutorServiceManagerImpl
instanceKlass net/sf/saxon/instruct/TailCall
instanceKlass net/sf/saxon/trans/Mode
instanceKlass net/sf/saxon/expr/XPathContextMinor
instanceKlass sun/security/util/Pem
instanceKlass javax/crypto/JarVerifier$1
instanceKlass javax/crypto/JarVerifier
instanceKlass javax/crypto/CryptoPolicyParser$CryptoPermissionEntry
instanceKlass javax/crypto/CryptoPolicyParser$GrantEntry
instanceKlass java/io/StreamTokenizer
instanceKlass net/sf/saxon/om/AxisIterator
instanceKlass net/sf/saxon/dom/NodeWrapper
instanceKlass net/sf/saxon/om/SiblingCountingNode
instanceKlass net/sf/saxon/om/VirtualNode
instanceKlass javax/crypto/CryptoPolicyParser
instanceKlass java/util/zip/ZipFile$ZipEntryIterator
instanceKlass java/util/jar/JarFile$JarEntryIterator
instanceKlass com/mathworks/instutil/Downloader
instanceKlass javax/crypto/JceSecurity$1
instanceKlass javax/crypto/JceSecurity
instanceKlass javax/crypto/Cipher
instanceKlass sun/security/krb5/Realm
instanceKlass sun/security/krb5/PrincipalName
instanceKlass sun/security/ssl/JsseJce$1
instanceKlass sun/security/ssl/JsseJce
instanceKlass sun/security/ssl/CipherSuite$BulkCipher
instanceKlass javax/xml/namespace/QName$1
instanceKlass javax/xml/namespace/QName
instanceKlass sun/security/ssl/CipherSuite
instanceKlass sun/misc/ProxyGenerator$1
instanceKlass javax/xml/xpath/XPathConstants
instanceKlass net/sf/saxon/xpath/XPathExpressionImpl
instanceKlass net/sf/saxon/sort/LocalOrderComparer
instanceKlass sun/security/ssl/SSLAlgorithmConstraints
instanceKlass net/sf/saxon/sort/CodepointCollatingComparer
instanceKlass net/sf/saxon/sort/GenericAtomicComparer
instanceKlass net/sf/saxon/expr/EarlyEvaluationContext
instanceKlass net/sf/saxon/sxpath/XPathStaticContext
instanceKlass sun/security/ssl/ProtocolVersion
instanceKlass net/sf/saxon/expr/CollationMap
instanceKlass sun/security/ssl/ProtocolList
instanceKlass net/sf/saxon/expr/Token
instanceKlass net/sf/saxon/type/ExternalObjectType
instanceKlass sun/security/ssl/Debug
instanceKlass net/sf/saxon/expr/MonoIterator
instanceKlass net/sf/saxon/expr/PromotionOffer
instanceKlass com/mathworks/instutil/ExecutorServiceManager
instanceKlass com/mathworks/install_impl/command/DotNetFrameworkImpl
instanceKlass net/sf/saxon/type/TypeHierarchy$ItemTypePair
instanceKlass com/mathworks/install/command/DotNetFramework
instanceKlass net/sf/saxon/value/Cardinality
instanceKlass com/mathworks/instutil/ProcessExecutorImpl
instanceKlass sun/security/ssl/SunJSSE$1
instanceKlass com/mathworks/instutil/ProcessExecutor
instanceKlass com/mathworks/instutil/MWNativeLibraryLoader
instanceKlass net/sf/saxon/expr/TypeChecker
instanceKlass net/sf/saxon/expr/RoleLocator
instanceKlass net/sf/saxon/type/TypeHierarchy
instanceKlass net/sf/saxon/expr/ExpressionVisitor
instanceKlass java/security/spec/ECFieldF2m
instanceKlass com/mathworks/instutil/logging/AppLogger
instanceKlass java/security/spec/ECParameterSpec
instanceKlass java/security/spec/AlgorithmParameterSpec
instanceKlass com/mathworks/instutil/WinTaskSchedulerImpl
instanceKlass java/security/spec/ECPoint
instanceKlass java/security/spec/EllipticCurve
instanceKlass com/mathworks/instutil/WinTaskScheduler
instanceKlass net/sf/saxon/expr/PairIterator
instanceKlass com/mathworks/instutil/licensefiles/LicenseLocationFactoryImpl
instanceKlass java/security/spec/ECFieldFp
instanceKlass java/security/spec/ECField
instanceKlass sun/security/ec/CurveDB
instanceKlass com/mathworks/install_impl/ApplicationSpecificCommandAdapter
instanceKlass com/mathworks/install/ApplicationSpecificCommand
instanceKlass com/mathworks/install_impl/InstallOptionProviderImpl
instanceKlass sun/security/ec/SunECEntries
instanceKlass com/mathworks/install/InstallOptionProvider
instanceKlass com/mathworks/install/CommandContainer
instanceKlass com/mathworks/instutil/LicenseNumberProvider
instanceKlass net/sf/saxon/expr/Optimizer
instanceKlass sun/nio/fs/WindowsWatchService$FileKey
instanceKlass sun/nio/fs/AbstractPoller$2
instanceKlass net/sf/saxon/charcode/XMLCharacterData
instanceKlass net/sf/saxon/om/Axis
instanceKlass sun/security/ec/SunEC$1
instanceKlass net/sf/saxon/sort/IntHashSet
instanceKlass net/sf/saxon/sort/IntSet
instanceKlass java/security/interfaces/DSAPublicKey
instanceKlass java/security/interfaces/DSAKey
instanceKlass net/sf/saxon/expr/ExpressionParser$TemporaryContainer
instanceKlass java/security/spec/DSAPublicKeySpec
instanceKlass net/sf/saxon/expr/Tokenizer
instanceKlass com/mathworks/install_impl/input/UpdateComponentContainerImpl
instanceKlass sun/nio/fs/AbstractPoller$Request
instanceKlass com/mathworks/install/UpdateComponentContainer
instanceKlass com/mathworks/install_impl/input/UpdateProductContainerImpl
instanceKlass java/security/AlgorithmParametersSpi
instanceKlass java/security/AlgorithmParameters
instanceKlass com/mathworks/install/UpdateProductContainer
instanceKlass com/mathworks/install_impl/input/JSONInstallationFileParserImpl
instanceKlass com/mathworks/install/JSONInstallationFileParser
instanceKlass com/mathworks/install_impl/input/AbstractInstallationInputFileStrategy
instanceKlass java/nio/file/WatchEvent$Modifier
instanceKlass java/nio/file/Files$3
instanceKlass java/nio/file/FileTreeWalker$Event
instanceKlass java/nio/file/FileTreeWalker$DirectoryNode
instanceKlass com/mathworks/install/input/InstallationInputFileStrategy
instanceKlass com/mathworks/install_impl/input/InstallationInputFileFactoryImpl
instanceKlass com/mathworks/install/input/InstallationInputFileFactory
instanceKlass com/mathworks/install/input/ComponentSourceFactory
instanceKlass java/nio/file/FileTreeWalker
instanceKlass com/google/inject/internal/MoreTypes$WildcardTypeImpl
instanceKlass com/mathworks/toolbox/cmlinkutils/file/watch/BasicKeyHandlingFolderWatch
instanceKlass com/mathworks/toolbox/cmlinkutils/file/watch/KeyHandlingFolderWatch
instanceKlass com/google/inject/internal/MoreTypes$GenericArrayTypeImpl
instanceKlass com/mathworks/toolbox/shared/computils/threads/WrappingExecutorService$WrappedRunnable
instanceKlass sun/reflect/generics/reflectiveObjects/GenericArrayTypeImpl
instanceKlass com/mathworks/cmlink/implementations/git/GitSingletonFileWatcherService$1
instanceKlass com/mathworks/toolbox/cmlinkutils/file/watch/FileWatcherExecutor$1
instanceKlass sun/reflect/generics/tree/VoidDescriptor
instanceKlass sun/reflect/generics/tree/ArrayTypeSignature
instanceKlass com/mathworks/toolbox/cmlinkutils/file/watch/FileWatcherExecutor
instanceKlass sun/nio/fs/AbstractPoller$1
instanceKlass sun/nio/fs/AbstractPoller
instanceKlass com/google/inject/internal/MoreTypes$ParameterizedTypeImpl
instanceKlass com/google/inject/internal/MoreTypes$CompositeType
instanceKlass java/nio/file/StandardWatchEventKinds$StdWatchEventKind
instanceKlass java/nio/file/WatchEvent$Kind
instanceKlass java/nio/file/StandardWatchEventKinds
instanceKlass sun/nio/fs/AbstractWatchKey$Event
instanceKlass java/nio/file/WatchEvent
instanceKlass sun/nio/fs/AbstractWatchKey
instanceKlass java/nio/file/WatchKey
instanceKlass sun/security/x509/RFC822Name
instanceKlass java/util/concurrent/BlockingDeque
instanceKlass sun/security/x509/NetscapeCertTypeExtension$MapEntry
instanceKlass com/google/inject/internal/asm/$Handler
instanceKlass sun/nio/fs/AbstractWatchService
instanceKlass java/nio/file/WatchService
instanceKlass net/sf/saxon/pattern/Pattern
instanceKlass net/sf/saxon/pattern/PatternFinder
instanceKlass net/sf/saxon/expr/ComparisonExpression
instanceKlass com/google/inject/internal/cglib/reflect/$FastClassEmitter$4
instanceKlass com/google/inject/internal/cglib/core/$Block
instanceKlass com/google/inject/internal/cglib/core/$EmitUtils$14
instanceKlass com/google/inject/internal/cglib/core/$EmitUtils$13
instanceKlass com/google/inject/internal/cglib/core/$EmitUtils$12
instanceKlass com/google/inject/internal/cglib/core/$EmitUtils$11
instanceKlass com/mathworks/toolbox/cmlinkutils/logging/LogWriter
instanceKlass com/mathworks/toolbox/cmlinkutils/logging/FileBasedLogWriterFactory
instanceKlass com/google/inject/internal/cglib/core/$EmitUtils$10
instanceKlass com/google/inject/internal/cglib/reflect/$FastClassEmitter$GetIndexCallback
instanceKlass com/mathworks/toolbox/cmlinkutils/logging/CompUtilsLogger
instanceKlass com/google/inject/internal/cglib/core/$MethodInfoTransformer
instanceKlass com/mathworks/cmlink/util/logging/CmLinkLoggingPreference$1
instanceKlass net/sf/saxon/expr/ContextMappingFunction
instanceKlass com/google/inject/internal/cglib/core/$EmitUtils$6
instanceKlass com/google/inject/internal/cglib/core/$EmitUtils$5
instanceKlass com/mathworks/cmlink/util/logging/CmLinkLoggerContainer
instanceKlass com/google/inject/internal/cglib/reflect/$FastClassEmitter$3
instanceKlass com/mathworks/toolbox/cmlinkutils/file/watch/PooledFileWatcherProvider
instanceKlass com/google/inject/internal/cglib/reflect/$FastClassEmitter$1
instanceKlass net/sf/saxon/expr/ExpressionParser
instanceKlass com/mathworks/toolbox/cmlinkutils/logging/LogWriterFactory
instanceKlass com/mathworks/toolbox/cmlinkutils/file/watch/FileWatcherService
instanceKlass com/google/inject/internal/asm/$Context
instanceKlass com/mathworks/cmlink/implementations/git/GitSingletonFileWatcherService
instanceKlass javax/net/ssl/SSLContextSpi
instanceKlass com/mathworks/toolbox/cmlinkutils/file/watch/FolderWatch
instanceKlass com/google/inject/internal/asm/$Attribute
instanceKlass com/mathworks/toolbox/cmlinkutils/file/watch/FolderWatch$Listener
instanceKlass com/mathworks/cmlink/implementations/git/GitExternalChangeDetector
instanceKlass com/mathworks/toolbox/cmlinkutils/file/watch/Disableable
instanceKlass com/google/inject/internal/cglib/core/$ClassNameReader
instanceKlass com/mathworks/toolbox/shared/computils/file/FileUtil$$Lambda$44
instanceKlass java/util/Spliterators$ArraySpliterator
instanceKlass javax/net/ssl/SSLContext
instanceKlass java/util/Spliterators$EmptySpliterator
instanceKlass net/sf/saxon/expr/BindingReference
instanceKlass java/util/Spliterators
instanceKlass com/google/inject/internal/asm/$ClassReader
instanceKlass org/apache/http/ssl/SSLContexts
instanceKlass com/google/inject/internal/cglib/core/$DebuggingClassWriter$1
instanceKlass com/google/inject/internal/cglib/core/$EmitUtils$9
instanceKlass com/mathworks/toolbox/shared/computils/file/FileUtil$FileParts
instanceKlass com/google/inject/internal/cglib/core/$EmitUtils$8
instanceKlass com/mathworks/toolbox/shared/computils/file/FileUtil
instanceKlass com/google/inject/internal/cglib/core/$Local
instanceKlass com/mathworks/cmlink/implementations/git/GitPathInfo
instanceKlass com/mathworks/cmlink/implementations/git/progress/GitProgressMonitor$1
instanceKlass com/mathworks/cmlink/implementations/git/progress/GitProgressMonitor
instanceKlass net/sf/saxon/instruct/TailCallReturner
instanceKlass com/google/inject/internal/cglib/core/$EmitUtils$7
instanceKlass net/sf/saxon/instruct/Procedure
instanceKlass com/google/inject/internal/asm/$Edge
instanceKlass net/sf/saxon/expr/ExpressionTool
instanceKlass com/google/inject/internal/cglib/core/$ClassEmitter$FieldInfo
instanceKlass com/mathworks/cmlink/management/queue/CMAdapterFactoryQueued$2
instanceKlass com/mathworks/cmlink/util/slx/MdlToSlxAwareCMAdapterFactoryProvider$1
instanceKlass com/mathworks/cmlink/util/adapter/InternalCMAdapterFactoryDecorator
instanceKlass net/sf/saxon/xpath/XPathFunctionLibrary
instanceKlass com/google/inject/internal/cglib/core/$EmitUtils$ArrayDelimiters
instanceKlass org/apache/http/conn/util/PublicSuffixMatcher
instanceKlass org/apache/http/conn/util/PublicSuffixList
instanceKlass net/sf/saxon/functions/ConstructorFunctionLibrary
instanceKlass com/google/inject/internal/cglib/core/$ProcessArrayCallback
instanceKlass com/google/inject/internal/cglib/core/$EmitUtils$ParameterTyper
instanceKlass org/eclipse/jgit/lib/RepositoryCache$1
instanceKlass org/eclipse/jgit/lib/internal/WorkQueue$2
instanceKlass org/eclipse/jgit/lib/internal/WorkQueue$1
instanceKlass com/google/inject/internal/cglib/core/$EmitUtils
instanceKlass org/eclipse/jgit/lib/internal/WorkQueue
instanceKlass org/eclipse/jgit/lib/RepositoryCacheConfig
instanceKlass org/eclipse/jgit/lib/RepositoryCache$Lock
instanceKlass com/google/inject/internal/cglib/core/$KeyFactory$2
instanceKlass org/eclipse/jgit/lib/RepositoryCache
instanceKlass net/sf/saxon/sort/IntToIntMap
instanceKlass com/google/inject/internal/cglib/core/$KeyFactory$1
instanceKlass org/eclipse/jgit/internal/storage/file/UnpackedObjectCache$Table
instanceKlass com/google/inject/internal/cglib/core/$Customizer
instanceKlass org/eclipse/jgit/internal/storage/file/UnpackedObjectCache
instanceKlass com/google/inject/internal/cglib/core/$KeyFactory
instanceKlass com/google/inject/internal/cglib/core/$MethodWrapper$MethodWrapperKey
instanceKlass com/google/inject/internal/cglib/core/$MethodWrapper
instanceKlass org/eclipse/jgit/internal/storage/file/PackFile
instanceKlass com/google/inject/internal/cglib/core/$DuplicatesPredicate
instanceKlass com/google/inject/spi/ProvisionListener
instanceKlass com/google/inject/spi/TypeListener
instanceKlass org/aopalliance/intercept/MethodInterceptor
instanceKlass org/aopalliance/intercept/Interceptor
instanceKlass org/aopalliance/aop/Advice
instanceKlass org/eclipse/jgit/internal/storage/file/ObjectDirectory$PackList
instanceKlass org/apache/http/conn/util/PublicSuffixListParser
instanceKlass com/google/inject/spi/TypeConverter
instanceKlass org/apache/http/conn/util/PublicSuffixMatcherLoader
instanceKlass org/eclipse/jgit/internal/storage/file/ObjectDirectory$AlternateHandle
instanceKlass com/google/inject/matcher/Matcher
instanceKlass com/google/inject/spi/Message
instanceKlass org/eclipse/jgit/internal/storage/pack/StoredObjectRepresentation
instanceKlass org/apache/http/impl/nio/client/InternalClientExec
instanceKlass com/google/inject/MembersInjector
instanceKlass org/apache/http/nio/NHttpClientEventHandler
instanceKlass java/lang/AssertionStatusDirectives
instanceKlass org/apache/http/client/RedirectStrategy
instanceKlass org/apache/http/client/CookieStore
instanceKlass org/apache/http/config/Lookup
instanceKlass org/apache/http/conn/routing/HttpRoutePlanner
instanceKlass org/apache/http/HttpResponseInterceptor
instanceKlass org/apache/http/HttpRequestInterceptor
instanceKlass com/google/inject/internal/cglib/core/$ReflectUtils$2
instanceKlass com/google/inject/internal/cglib/core/$ReflectUtils$1
instanceKlass org/apache/http/conn/SchemePortResolver
instanceKlass org/apache/http/client/UserTokenHandler
instanceKlass org/apache/http/client/AuthenticationStrategy
instanceKlass org/apache/http/conn/ConnectionKeepAliveStrategy
instanceKlass org/apache/http/ConnectionReuseStrategy
instanceKlass org/eclipse/jgit/lib/ObjectInserter
instanceKlass org/apache/http/nio/conn/SchemeIOSessionStrategy
instanceKlass com/google/inject/internal/cglib/core/$ReflectUtils
instanceKlass org/eclipse/jgit/internal/storage/pack/ObjectReuseAsIs
instanceKlass com/google/inject/internal/cglib/core/$VisibilityPredicate
instanceKlass com/google/inject/internal/asm/$Frame
instanceKlass com/google/inject/internal/cglib/core/$LocalVariablesSorter$State
instanceKlass javax/net/ssl/HostnameVerifier
instanceKlass org/apache/http/impl/nio/client/HttpAsyncClientBuilder
instanceKlass net/sf/saxon/sort/AtomicComparer
instanceKlass org/eclipse/jgit/lib/ObjectReader
instanceKlass com/google/inject/internal/cglib/core/$MethodInfo
instanceKlass com/google/inject/internal/asm/$Label
instanceKlass org/apache/http/nio/conn/NHttpClientConnectionManager
instanceKlass org/apache/http/nio/client/HttpPipeliningClient
instanceKlass org/eclipse/jgit/lib/RefUpdate
instanceKlass net/sf/saxon/sort/DocumentOrderIterator
instanceKlass net/sf/saxon/sort/Sortable
instanceKlass org/eclipse/jgit/lib/RefRename
instanceKlass com/google/inject/internal/cglib/core/$AbstractClassGenerator$1
instanceKlass org/eclipse/jgit/lib/ObjectIdRef
instanceKlass com/google/inject/internal/cglib/core/$Constants
instanceKlass com/google/inject/internal/asm/$Opcodes
instanceKlass org/apache/http/impl/nio/client/CloseableHttpAsyncClient
instanceKlass org/apache/http/nio/client/HttpAsyncClient
instanceKlass org/apache/http/impl/nio/client/HttpAsyncClients
instanceKlass org/apache/http/util/CharArrayBuffer
instanceKlass org/apache/http/util/TextUtils
instanceKlass org/apache/http/Consts
instanceKlass com/google/inject/internal/asm/$Type
instanceKlass com/google/inject/internal/cglib/core/$Signature
instanceKlass org/apache/http/entity/ContentType
instanceKlass com/google/inject/internal/cglib/core/$CollectionUtils
instanceKlass org/apache/http/entity/AbstractHttpEntity
instanceKlass org/apache/http/HeaderElement
instanceKlass org/apache/http/message/BasicHeader
instanceKlass com/google/inject/internal/cglib/core/$TypeUtils
instanceKlass com/google/inject/internal/cglib/core/$ObjectSwitchCallback
instanceKlass com/google/inject/internal/cglib/core/$ProcessSwitchCallback
instanceKlass org/apache/http/util/Args
instanceKlass com/google/inject/internal/cglib/core/$Transformer
instanceKlass org/apache/http/HeaderIterator
instanceKlass org/apache/http/message/HeaderGroup
instanceKlass org/apache/http/RequestLine
instanceKlass org/eclipse/jgit/lib/BatchRefUpdate
instanceKlass org/apache/http/concurrent/Cancellable
instanceKlass org/apache/http/Header
instanceKlass org/apache/http/NameValuePair
instanceKlass java/util/regex/Pattern$CharPropertyNames$CharPropertyFactory
instanceKlass org/eclipse/jgit/internal/storage/file/RefDirectory$LooseRef
instanceKlass org/apache/http/params/HttpParams
instanceKlass java/util/regex/Pattern$CharPropertyNames
instanceKlass org/apache/http/message/AbstractHttpMessage
instanceKlass org/eclipse/jgit/util/RefList
instanceKlass org/apache/http/client/methods/AbortableHttpRequest
instanceKlass org/apache/http/client/methods/HttpExecutionAware
instanceKlass net/sf/saxon/type/ValidationFailure
instanceKlass net/sf/saxon/om/UnfailingIterator
instanceKlass org/apache/http/client/methods/Configurable
instanceKlass org/eclipse/jgit/lib/Ref
instanceKlass org/apache/http/HttpEntityEnclosingRequest
instanceKlass org/eclipse/jgit/events/ListenerHandle
instanceKlass org/eclipse/jgit/internal/storage/file/FileRepository$2
instanceKlass com/google/inject/internal/cglib/core/$ClassInfo
instanceKlass com/google/inject/internal/asm/$Item
instanceKlass com/google/inject/internal/asm/$ByteVector
instanceKlass com/google/inject/internal/asm/$FieldVisitor
instanceKlass com/google/inject/internal/asm/$MethodVisitor
instanceKlass com/google/inject/internal/asm/$AnnotationVisitor
instanceKlass com/google/inject/internal/asm/$ClassVisitor
instanceKlass com/google/inject/internal/cglib/core/$DefaultGeneratorStrategy
instanceKlass com/google/inject/internal/cglib/reflect/$FastClass
instanceKlass net/sf/saxon/om/StructuredQName
instanceKlass com/google/inject/internal/cglib/core/$AbstractClassGenerator$Source
instanceKlass net/sf/saxon/functions/XSLTFunction
instanceKlass com/google/inject/internal/cglib/core/$Predicate
instanceKlass com/google/inject/internal/cglib/core/$GeneratorStrategy
instanceKlass org/eclipse/jgit/util/FS$Holder
instanceKlass net/sf/saxon/sort/CodepointCollator
instanceKlass net/sf/saxon/sort/SubstringMatcher
instanceKlass org/eclipse/jgit/util/StringUtils
instanceKlass org/eclipse/jgit/lib/ConfigSnapshot$LineComparator
instanceKlass org/eclipse/jgit/lib/ConfigLine
instanceKlass org/eclipse/jgit/lib/Config$StringReader
instanceKlass net/sf/saxon/expr/Negatable
instanceKlass org/eclipse/jgit/util/NB
instanceKlass com/google/gson/internal/ConstructorConstructor$8
instanceKlass net/sf/saxon/expr/StaticProperty
instanceKlass com/google/gson/internal/ConstructorConstructor$13
instanceKlass com/mathworks/eps/notificationclient/messages/request/authnz/GetAPSTokenRequestMsg$1
instanceKlass net/sf/saxon/type/Untyped
instanceKlass net/sf/saxon/type/AnyType
instanceKlass net/sf/saxon/type/ComplexType
instanceKlass net/sf/saxon/sort/IntIterator
instanceKlass net/sf/saxon/sort/IntHashMap
instanceKlass com/google/gson/internal/$Gson$Types$ParameterizedTypeImpl
instanceKlass com/google/gson/internal/Primitives
instanceKlass com/google/gson/annotations/SerializedName
instanceKlass net/sf/saxon/type/BuiltInType
instanceKlass net/sf/saxon/type/AnySimpleType
instanceKlass com/google/gson/internal/UnsafeAllocator
instanceKlass com/google/gson/internal/ConstructorConstructor$14
instanceKlass com/google/gson/annotations/JsonAdapter
instanceKlass net/sf/saxon/type/BuiltInAtomicType
instanceKlass net/sf/saxon/value/SequenceType
instanceKlass com/google/gson/internal/Streams
instanceKlass net/sf/saxon/functions/StandardFunction$Entry
instanceKlass com/google/gson/internal/bind/ReflectiveTypeAdapterFactory$BoundField
instanceKlass com/google/gson/internal/bind/ReflectiveTypeAdapterFactory
instanceKlass com/google/gson/internal/bind/JsonAdapterAnnotationTypeAdapterFactory
instanceKlass com/google/gson/internal/bind/MapTypeAdapterFactory
instanceKlass com/google/inject/internal/cglib/core/$DefaultNamingPolicy
instanceKlass com/google/gson/internal/bind/CollectionTypeAdapterFactory
instanceKlass com/google/gson/internal/bind/ArrayTypeAdapter$1
instanceKlass com/google/inject/internal/cglib/core/$AbstractClassGenerator
instanceKlass com/google/inject/internal/cglib/core/$ClassGenerator
instanceKlass com/google/gson/internal/bind/DateTypeAdapter$1
instanceKlass org/eclipse/jgit/util/FileUtils
instanceKlass net/sf/saxon/functions/StandardFunction
instanceKlass com/google/gson/internal/bind/NumberTypeAdapter$1
instanceKlass com/google/gson/internal/bind/ObjectTypeAdapter$1
instanceKlass net/sf/saxon/type/AnyItemType
instanceKlass com/google/gson/internal/bind/TypeAdapters$28
instanceKlass org/eclipse/jgit/internal/storage/file/FileSnapshot
instanceKlass net/sf/saxon/type/Type
instanceKlass com/google/gson/internal/bind/TypeAdapters$32
instanceKlass org/eclipse/jgit/lib/ConfigSnapshot
instanceKlass com/google/gson/internal/bind/TypeAdapters$33
instanceKlass org/eclipse/jgit/lib/DefaultTypedConfigGetter
instanceKlass com/google/inject/internal/cglib/core/$NamingPolicy
instanceKlass net/sf/saxon/functions/VendorFunctionLibrary
instanceKlass com/google/inject/internal/BytecodeGen
instanceKlass com/google/gson/internal/bind/TypeAdapters$31
instanceKlass net/sf/saxon/functions/SystemFunctionLibrary
instanceKlass com/google/gson/internal/bind/TypeAdapters$30
instanceKlass net/sf/saxon/functions/FunctionLibraryList
instanceKlass net/sf/saxon/query/XQueryFunctionBinder
instanceKlass org/eclipse/jgit/lib/TypedConfigGetter
instanceKlass com/google/inject/Exposed
instanceKlass net/sf/saxon/instruct/SlotManager
instanceKlass net/sf/saxon/instruct/Executable
instanceKlass org/eclipse/jgit/events/ListenerList
instanceKlass net/sf/saxon/xpath/JAXPXPathStaticContext$MinimalNamespaceContext
instanceKlass org/eclipse/jgit/lib/ReflogReader
instanceKlass net/sf/saxon/instruct/LocationMap
instanceKlass org/eclipse/jgit/attributes/AttributesNodeProvider
instanceKlass net/sf/saxon/sxpath/AbstractStaticContext
instanceKlass org/eclipse/jgit/events/RepositoryEvent
instanceKlass com/google/inject/internal/ProviderMethod
instanceKlass com/google/inject/spi/ProvidesMethodBinding
instanceKlass javax/xml/xpath/XPathExpression
instanceKlass com/google/gson/internal/bind/TypeAdapters
instanceKlass com/google/inject/spi/ProviderWithExtensionVisitor
instanceKlass net/sf/saxon/expr/Container
instanceKlass net/sf/saxon/expr/StaticContext
instanceKlass com/google/gson/internal/JavaVersion
instanceKlass net/sf/saxon/xpath/XPathEvaluator
instanceKlass com/google/gson/internal/reflect/ReflectionAccessor
instanceKlass javax/xml/xpath/XPathFactoryFinder$1
instanceKlass com/google/gson/internal/ObjectConstructor
instanceKlass net/sf/saxon/exslt/Random
instanceKlass com/google/gson/internal/ConstructorConstructor
instanceKlass com/google/inject/spi/ProviderLookup$1
instanceKlass com/google/inject/spi/ProviderWithDependencies
instanceKlass net/sf/saxon/exslt/Date
instanceKlass com/google/inject/spi/ProviderLookup
instanceKlass com/google/gson/Gson
instanceKlass org/eclipse/jgit/lib/RefDatabase
instanceKlass com/google/inject/spi/Dependency
instanceKlass org/eclipse/jgit/events/ConfigChangedListener
instanceKlass net/sf/saxon/type/ConversionResult
instanceKlass com/google/inject/internal/Nullability
instanceKlass com/google/gson/internal/sql/SqlTimestampTypeAdapter$1
instanceKlass com/google/gson/internal/sql/SqlTimeTypeAdapter$1
instanceKlass org/eclipse/jgit/events/IndexChangedListener
instanceKlass org/eclipse/jgit/events/RepositoryListener
instanceKlass com/google/gson/internal/sql/SqlDateTypeAdapter$1
instanceKlass com/mathworks/install_impl/archive/zip/commonscompress/CommonsCompressArchiveFactory
instanceKlass com/mathworks/mlwidgets/array/ArrayDialog
instanceKlass com/mathworks/install/archive/ArchiveFactory
instanceKlass com/google/gson/internal/bind/DefaultDateTypeAdapter$DateType
instanceKlass com/mathworks/install_impl/DefaultProductCorrelatorImpl
instanceKlass net/sf/saxon/exslt/Math
instanceKlass com/google/gson/internal/sql/SqlTypesSupport
instanceKlass com/google/gson/JsonDeserializer
instanceKlass net/sf/saxon/sort/NodeOrderComparer
instanceKlass com/google/gson/internal/bind/TreeTypeAdapter$SingleTypeFactory
instanceKlass net/sf/saxon/exslt/Sets
instanceKlass com/mathworks/install/ProductCorrelator
instanceKlass com/google/gson/JsonDeserializationContext
instanceKlass net/sf/saxon/exslt/Common
instanceKlass com/mathworks/install/udc/NoOpUsageDataCollectorImpl
instanceKlass com/google/gson/JsonSerializationContext
instanceKlass net/sf/saxon/sort/SortKeyEvaluator
instanceKlass com/mathworks/install/udc/UsageDataCollector
instanceKlass com/google/gson/stream/JsonReader
instanceKlass net/sf/saxon/sort/StringCollator
instanceKlass com/mathworks/install_impl/InstallerDownloadInfoContainerImpl
instanceKlass com/mathworks/install/InstallerDownloadInfoContainer
instanceKlass net/sf/saxon/om/GroundedValue
instanceKlass net/sf/saxon/value/Value
instanceKlass com/google/gson/stream/JsonWriter
instanceKlass com/mathworks/install_impl/XMLParseStrategyForInstall
instanceKlass com/mathworks/install/XMLParseStrategy
instanceKlass net/sf/saxon/type/AtomicType
instanceKlass net/sf/saxon/type/SimpleType
instanceKlass com/google/gson/internal/$Gson$Types
instanceKlass com/mathworks/install_impl/ProductDownloaderImpl
instanceKlass org/eclipse/jgit/lib/BaseRepositoryBuilder
instanceKlass com/google/gson/reflect/TypeToken
instanceKlass net/sf/saxon/expr/XPathContext
instanceKlass com/google/gson/InstanceCreator
instanceKlass com/google/gson/internal/$Gson$Preconditions
instanceKlass com/mathworks/install/ProductDownloader
instanceKlass net/sf/saxon/functions/Extensions
instanceKlass com/mathworks/install_impl/ContentOptimizerImpl
instanceKlass com/mathworks/eps/notificationclient/messages/utils/GsonUtils$LoginMessageSerializer
instanceKlass com/google/gson/JsonSerializer
instanceKlass com/mathworks/install/ContentOptimizer
instanceKlass com/mathworks/eps/notificationclient/messages/request/authnz/LoginRequestMsg
instanceKlass com/mathworks/install_impl/XMLInstallationFileParserImpl
instanceKlass com/mathworks/install/input/XMLInstallationFileParser
instanceKlass com/mathworks/install_impl/InstalledProductDataVersionImpl
instanceKlass com/mathworks/install/InstalledProductDataVersion
instanceKlass net/sf/saxon/functions/JavaExtensionLibrary
instanceKlass com/mathworks/install/AbstractInstallConfigurationPersistence
instanceKlass net/sf/saxon/om/NamePool$NameEntry
instanceKlass net/sf/saxon/om/NamePool
instanceKlass com/mathworks/instutil/OnlineLicensingDataProvider
instanceKlass com/mathworks/install/Installer
instanceKlass com/mathworks/install/SoftwareManager
instanceKlass com/mathworks/install/InstallConfigurationPersistence
instanceKlass com/google/gson/JsonElement
instanceKlass com/mathworks/install/service/ServiceFactory
instanceKlass org/eclipse/jgit/util/IO
instanceKlass com/google/gson/TypeAdapter
instanceKlass com/mathworks/install/command/CommandFactory
instanceKlass com/google/gson/internal/Excluder
instanceKlass com/mathworks/install/Product
instanceKlass com/google/gson/TypeAdapterFactory
instanceKlass javax/xml/transform/dom/DOMResult
instanceKlass com/google/gson/ToNumberStrategy
instanceKlass javax/xml/namespace/NamespaceContext
instanceKlass com/mathworks/install/InstallerRequirements
instanceKlass org/eclipse/jgit/lib/RepositoryCache$FileKey
instanceKlass com/google/gson/FieldNamingStrategy
instanceKlass org/eclipse/jgit/lib/RepositoryCache$Key
instanceKlass com/google/inject/util/Providers$ConstantProvider
instanceKlass com/google/inject/util/Providers
instanceKlass com/google/gson/GsonBuilder
instanceKlass com/mathworks/eps/notificationclient/messages/utils/GsonUtils
instanceKlass com/google/inject/Inject
instanceKlass javax/inject/Inject
instanceKlass com/google/inject/spi/InjectionPoint$InjectableMembers
instanceKlass org/eclipse/jgit/util/FS_Win32_Cygwin$1
instanceKlass net/sf/saxon/om/DocumentInfo
instanceKlass net/sf/saxon/om/NodeInfo
instanceKlass org/apache/http/client/methods/HttpUriRequest
instanceKlass org/apache/http/HttpRequest
instanceKlass org/apache/http/HttpMessage
instanceKlass org/eclipse/jgit/util/SystemReader$1
instanceKlass net/sf/saxon/dom/DOMObjectModel
instanceKlass net/sf/saxon/expr/PJConverter
instanceKlass net/sf/saxon/expr/JPConverter
instanceKlass net/sf/saxon/dom/DOMEnvelope
instanceKlass net/sf/saxon/dom/NodeOverNodeInfo
instanceKlass org/apache/http/concurrent/FutureCallback
instanceKlass com/mathworks/eps/notificationclient/impl/NotificationHttpTransporter
instanceKlass org/eclipse/jgit/util/MutableInteger
instanceKlass com/mathworks/eps/notificationclient/messages/request/authnz/GetAPSTokenRequest
instanceKlass net/sf/saxon/trace/ExpressionPresenter
instanceKlass com/google/inject/spi/InjectionPoint$InjectableMember
instanceKlass net/sf/saxon/expr/PathMap$PathMapNode
instanceKlass com/google/inject/spi/InjectionPoint
instanceKlass com/mathworks/eps/notificationclient/messages/request/authnz/GetAPSTokenRequestMsg$Service
instanceKlass net/sf/saxon/evpull/EventIterator
instanceKlass net/sf/saxon/expr/Binding
instanceKlass com/mathworks/install_impl/ProductInstallerImpl
instanceKlass com/mathworks/eps/notificationclient/messages/request/authnz/GetAPSTokenRequestMsg$Application
instanceKlass com/mathworks/eps/notificationclient/messages/request/authnz/GetAPSTokenRequestMsg
instanceKlass net/sf/saxon/expr/Expression
instanceKlass net/sf/saxon/trace/InstructionInfo
instanceKlass net/sf/saxon/event/SaxonLocator
instanceKlass net/sf/saxon/event/LocationProvider
instanceKlass com/mathworks/install_impl/status/InstallStatusObserverAdapter
instanceKlass net/sf/saxon/expr/EvaluableItem
instanceKlass com/mathworks/eps/notificationclient/messages/request/authnz/GetTokenRequestMetadata
instanceKlass net/sf/saxon/expr/SequenceIterable
instanceKlass javax/inject/Named
instanceKlass net/sf/saxon/functions/JavaExtensionFunctionFactory
instanceKlass org/eclipse/jgit/util/RawParseUtils
instanceKlass com/mathworks/fl/i18n/MwLocaleManagementSystem
instanceKlass net/sf/saxon/trace/TraceListener
instanceKlass com/google/inject/Key$AnnotationInstanceStrategy
instanceKlass net/sf/saxon/event/Emitter
instanceKlass net/sf/saxon/event/SerializerFactory
instanceKlass net/sf/saxon/trans/DynamicLoader
instanceKlass org/eclipse/jgit/lib/Constants
instanceKlass net/sf/saxon/om/DocumentPool
instanceKlass net/sf/saxon/om/DocumentNumberAllocator
instanceKlass com/google/common/cache/LocalCache$StrongValueReference
instanceKlass net/sf/saxon/query/StandardModuleURIResolver
instanceKlass com/google/common/util/concurrent/AbstractFuture$Failure
instanceKlass com/google/common/util/concurrent/AbstractFuture$Cancellation
instanceKlass com/google/common/util/concurrent/AbstractFuture$SetFuture
instanceKlass net/sf/saxon/expr/MappingFunction
instanceKlass com/google/common/util/concurrent/Uninterruptibles
instanceKlass com/mathworks/eps/notificationclient/api/ProxyDetails
instanceKlass net/sf/saxon/om/Item
instanceKlass net/sf/saxon/evpull/PullEvent
instanceKlass com/mathworks/mlwidgets/graphics/PlotToolSetHandler$Extension
instanceKlass com/google/common/base/Stopwatch
instanceKlass com/google/common/util/concurrent/AbstractFuture$Waiter
instanceKlass com/google/common/util/concurrent/AbstractFuture$Listener
instanceKlass com/google/common/util/concurrent/AbstractFuture$UnsafeAtomicHelper$1
instanceKlass org/eclipse/jgit/lib/ObjectChecker
instanceKlass org/eclipse/jgit/lib/Config
instanceKlass com/google/common/util/concurrent/AbstractFuture$AtomicHelper
instanceKlass com/google/common/util/concurrent/internal/InternalFutureFailureAccess
instanceKlass org/eclipse/jgit/util/time/MonotonicClock
instanceKlass com/google/common/util/concurrent/AbstractFuture$Trusted
instanceKlass com/mathworks/widgets/spreadsheet/data/ComplexArrayFactory
instanceKlass com/google/common/util/concurrent/ListenableFuture
instanceKlass org/eclipse/jgit/util/SystemReader
instanceKlass org/eclipse/jgit/util/FS$FSFactory
instanceKlass org/eclipse/jgit/treewalk/WorkingTreeIterator$Entry
instanceKlass javax/inject/Qualifier
instanceKlass com/mathworks/notification_client_util/MATLABNotificationClientParams$UtilityParamsProxyConfigurationVisitor
instanceKlass com/google/inject/BindingAnnotation
instanceKlass org/apache/logging/log4j/spi/AbstractLoggerAdapter
instanceKlass org/apache/logging/log4j/spi/LoggerAdapter
instanceKlass com/mathworks/widgets/spreadsheet/data/ComplexScalarFactory
instanceKlass javax/inject/Scope
instanceKlass com/mathworks/mlwidgets/graphics/PlotToolSetHandler
instanceKlass com/google/inject/ScopeAnnotation
instanceKlass net/sf/saxon/om/ValueRepresentation
instanceKlass org/apache/log4j/Category
instanceKlass com/google/inject/internal/Annotations$AnnotationChecker
instanceKlass com/google/inject/internal/Annotations$3
instanceKlass net/sf/saxon/expr/ItemMappingFunction
instanceKlass org/apache/log4j/LogManager$Repository
instanceKlass org/apache/log4j/or/RendererSupport
instanceKlass com/google/common/base/Joiner$MapJoiner
instanceKlass net/sf/saxon/om/SequenceIterator
instanceKlass org/apache/log4j/spi/LoggerRepository
instanceKlass org/apache/log4j/LogManager
instanceKlass com/google/common/base/Joiner
instanceKlass org/slf4j/helpers/NamedLoggerBase
instanceKlass com/google/inject/internal/Annotations
instanceKlass net/sf/saxon/pattern/NodeTest
instanceKlass com/google/inject/name/NamedImpl
instanceKlass net/sf/saxon/type/ItemType
instanceKlass org/slf4j/spi/LocationAwareLogger
instanceKlass com/google/inject/name/Named
instanceKlass net/sf/saxon/functions/StandardCollectionURIResolver
instanceKlass com/google/inject/name/Names
instanceKlass net/sf/saxon/sort/StandardCollationURIResolver
instanceKlass org/slf4j/impl/Log4jLoggerFactory
instanceKlass net/sf/saxon/om/NamespaceResolver
instanceKlass org/apache/log4j/Priority
instanceKlass com/mathworks/install/status/InstallStatusObserver
instanceKlass net/sf/saxon/event/SequenceReceiver
instanceKlass org/slf4j/impl/StaticLoggerBinder
instanceKlass org/slf4j/spi/LoggerFactoryBinder
instanceKlass com/mathworks/install_impl/XMLParserFactoryImpl
instanceKlass com/mathworks/install/XMLParserFactory
instanceKlass net/sf/saxon/StandardURIResolver
instanceKlass net/sf/saxon/NonDelegatingURIResolver
instanceKlass com/mathworks/install_impl/ComponentInstallerImpl
instanceKlass org/slf4j/helpers/Util
instanceKlass org/xml/sax/ext/EntityResolver2
instanceKlass net/sf/saxon/functions/ExtensionFunctionFactory
instanceKlass org/slf4j/helpers/NOPLoggerFactory
instanceKlass com/mathworks/install/ComponentInstaller
instanceKlass net/sf/saxon/regex/RegularExpression
instanceKlass org/slf4j/Logger
instanceKlass com/mathworks/install_impl/ComponentContainerImpl
instanceKlass net/sf/saxon/functions/FunctionLibrary
instanceKlass org/slf4j/helpers/SubstituteLoggerFactory
instanceKlass net/sf/saxon/java/JavaPlatform
instanceKlass com/mathworks/install/ComponentContainer
instanceKlass org/slf4j/event/LoggingEvent
instanceKlass com/mathworks/install_impl/ProductContainerImpl
instanceKlass net/sf/saxon/query/ModuleURIResolver
instanceKlass org/slf4j/ILoggerFactory
instanceKlass net/sf/saxon/CollectionURIResolver
instanceKlass net/sf/saxon/sort/CollationURIResolver
instanceKlass net/sf/saxon/Platform
instanceKlass org/slf4j/LoggerFactory
instanceKlass net/sf/saxon/type/SchemaType
instanceKlass net/sf/saxon/type/SchemaComponent
instanceKlass net/sf/saxon/om/NameChecker
instanceKlass com/google/inject/internal/Scoping
instanceKlass net/sf/saxon/event/Builder
instanceKlass net/sf/saxon/event/Receiver
instanceKlass com/google/inject/internal/InternalFactory
instanceKlass com/google/inject/spi/ConstructorBinding
instanceKlass net/sf/saxon/OutputURIResolver
instanceKlass com/google/inject/internal/DelayedInitialize
instanceKlass net/sf/saxon/om/ExternalObjectModel
instanceKlass com/google/inject/spi/ProviderKeyBinding
instanceKlass com/mathworks/cmlink/implementations/git/customizations/pull/HybridPullActionFactory
instanceKlass net/sf/saxon/Configuration
instanceKlass net/sf/saxon/SourceResolver
instanceKlass com/google/inject/spi/ProviderInstanceBinding
instanceKlass com/google/inject/spi/InstanceBinding
instanceKlass com/google/inject/spi/HasDependencies
instanceKlass javax/xml/xpath/XPath
instanceKlass javax/xml/xpath/XPathFactoryFinder$2
instanceKlass com/google/inject/spi/LinkedKeyBinding
instanceKlass javax/xml/xpath/SecuritySupport$8
instanceKlass javax/xml/xpath/SecuritySupport$2
instanceKlass javax/xml/xpath/XPathFactoryFinder
instanceKlass javax/xml/xpath/SecuritySupport$1
instanceKlass javax/xml/xpath/SecuritySupport
instanceKlass com/google/inject/spi/UntargettedBinding
instanceKlass com/google/inject/internal/BindingImpl
instanceKlass javax/xml/xpath/XPathFactory
instanceKlass com/mathworks/widgets/spreadsheet/data/ValueSummaryFactory
instanceKlass com/icl/saxon/output/SaxonOutputKeys
instanceKlass com/icl/saxon/om/DocumentPool
instanceKlass com/icl/saxon/style/StandardNames
instanceKlass com/icl/saxon/om/NamePool$NameEntry
instanceKlass com/icl/saxon/om/NamePool
instanceKlass com/icl/saxon/om/DocumentInfo
instanceKlass com/icl/saxon/expr/StaticContext
instanceKlass com/icl/saxon/expr/Expression
instanceKlass javax/xml/transform/SourceLocator
instanceKlass com/google/common/base/Suppliers$NonSerializableMemoizingSupplier$$Lambda$43
instanceKlass com/icl/saxon/om/AxisEnumeration
instanceKlass com/icl/saxon/expr/LastPositionFinder
instanceKlass com/google/common/base/Suppliers$MemoizingSupplier
instanceKlass com/icl/saxon/om/NodeEnumeration
instanceKlass com/icl/saxon/pattern/Pattern
instanceKlass com/google/common/base/Suppliers$NonSerializableMemoizingSupplier
instanceKlass com/icl/saxon/om/NodeInfo
instanceKlass com/icl/saxon/output/Outputter
instanceKlass com/icl/saxon/output/Emitter
instanceKlass com/icl/saxon/StandardErrorListener
instanceKlass com/google/inject/Key$1
instanceKlass org/eclipse/jgit/api/Git
instanceKlass com/google/inject/Key$AnnotationStrategy
instanceKlass org/xml/sax/helpers/XMLFilterImpl
instanceKlass com/mathworks/install/ProductContainer
instanceKlass com/icl/saxon/StandardURIResolver
instanceKlass javax/xml/transform/ErrorListener
instanceKlass javax/xml/transform/URIResolver
instanceKlass javax/xml/transform/sax/TransformerHandler
instanceKlass javax/xml/transform/sax/TemplatesHandler
instanceKlass com/google/common/base/Optional
instanceKlass com/icl/saxon/sort/NodeOrderComparer
instanceKlass com/mathworks/cmlink/implementations/git/GitAdapter$FilePattern
instanceKlass com/google/inject/Provides
instanceKlass com/mathworks/toolbox/shared/computils/collections/SafeTransformer
instanceKlass com/google/inject/internal/ProviderMethodsModule$Signature
instanceKlass javax/xml/transform/Transformer
instanceKlass org/xml/sax/XMLFilter
instanceKlass javax/xml/transform/Templates
instanceKlass com/icl/saxon/DOMDriver
instanceKlass com/mathworks/cmlink/api/ConflictedRevisions
instanceKlass org/eclipse/jgit/lib/ProgressMonitor
instanceKlass com/mathworks/cmlink/implementations/git/submodule/SubmoduleManager
instanceKlass com/mathworks/cmlink/api/Revision
instanceKlass com/mathworks/eps/notificationclient/impl/utils/NotificationLog
instanceKlass org/eclipse/jgit/lib/AnyObjectId
instanceKlass javax/xml/transform/SecuritySupport$1
instanceKlass javax/xml/transform/SecuritySupport$2
instanceKlass com/mathworks/eps/notificationclient/impl/NotificationClientParamsMLWrapper$1
instanceKlass javax/xml/transform/SecuritySupport
instanceKlass com/google/common/collect/ImmutableMap$Builder
instanceKlass com/mathworks/mlservices/WorkspaceVariable
instanceKlass java/net/Proxy
instanceKlass java/net/PasswordAuthentication
instanceKlass com/google/inject/internal/MoreTypes
instanceKlass javax/xml/transform/FactoryFinder
instanceKlass javax/xml/transform/TransformerFactory
instanceKlass com/google/inject/TypeLiteral
instanceKlass com/mathworks/notification_client_util/ProxyInfo
instanceKlass com/mathworks/widgets/desk/DTSelectionManager$OrderComparator
instanceKlass com/mathworks/cmlink/implementations/git/customizations/GitCoreAction
instanceKlass com/mathworks/cmlink/api/customization/CoreAction
instanceKlass com/mathworks/notification_client_util/MATLABNotificationClientParams
instanceKlass com/google/inject/spi/ModuleAnnotatedMethodScanner
instanceKlass javax/inject/Singleton
instanceKlass java/text/DontCareFieldPosition$1
instanceKlass com/mathworks/eps/notificationclient/impl/NotificationClientParamsMLWrapper
instanceKlass com/mathworks/eps/notificationclient/impl/utils/LogMessageTask
instanceKlass com/mathworks/toolbox/shared/computils/collections/Transformer
instanceKlass com/google/inject/spi/ElementSource
instanceKlass com/mathworks/cmlink/implementations/git/customizations/GitCoreActionFactory
instanceKlass com/mathworks/cmlink/implementations/git/head/HeadCommitInformationProvider
instanceKlass com/google/inject/spi/ScopeBinding
instanceKlass com/mathworks/cmlink/implementations/git/GitInteractor
instanceKlass com/mathworks/supportsoftwarematlabmanagement/utilities/SsiSettings
instanceKlass com/mathworks/widgets/desk/DTBorderContainer$OccupantState
instanceKlass com/google/inject/Scopes$2
instanceKlass com/mathworks/widgets/desk/DTBorderContainer$State
instanceKlass com/google/inject/Scopes$1
instanceKlass com/mathworks/supportsoftwarematlabmanagement/upgrade/SsiUpgradePreChecksUtils
instanceKlass com/mathworks/eps/notificationclient/impl/executors/LabelledThreadFactory
instanceKlass com/google/common/collect/AbstractMapEntry
instanceKlass com/mathworks/eps/notificationclient/impl/executors/ExecutorServiceGroup
instanceKlass com/google/common/collect/LinkedHashMultimap$ValueSetLink
instanceKlass com/mathworks/eps/notificationclient/messages/utils/APSConstants
instanceKlass org/apache/http/HttpEntity
instanceKlass org/apache/http/client/CredentialsProvider
instanceKlass org/apache/http/auth/Credentials
instanceKlass com/google/common/collect/SetMultimap
instanceKlass com/mathworks/eps/notificationclient/impl/utils/APSUtils
instanceKlass com/google/inject/internal/CycleDetectingLock
instanceKlass com/google/inject/internal/CycleDetectingLock$CycleDetectingLockFactory
instanceKlass com/mathworks/eps/notificationclient/impl/NotificationTransporter
instanceKlass com/google/inject/Provider
instanceKlass javax/inject/Provider
instanceKlass com/google/inject/internal/SingletonScope
instanceKlass com/google/inject/Scope
instanceKlass com/google/inject/Scopes
instanceKlass com/google/inject/Singleton
instanceKlass com/mathworks/eps/notificationclient/messages/request/NotificationRequestMessage
instanceKlass com/google/inject/spi/Elements$ModuleInfo
instanceKlass com/mathworks/eps/notificationclient/impl/NotificationClientImpl
instanceKlass com/google/inject/PrivateModule
instanceKlass com/google/common/collect/MapMaker
instanceKlass com/mathworks/eps/notificationclient/api/filters/NotificationFilterClient
instanceKlass com/mathworks/eps/notificationclient/api/NotificationClient
instanceKlass com/mathworks/eps/notificationclient/impl/RemoteClientCreator
instanceKlass com/mathworks/eps/notificationclient/api/ClientCreator
instanceKlass com/google/inject/internal/util/StackTraceElements$InMemoryStackTraceElement
instanceKlass com/google/inject/internal/util/StackTraceElements
instanceKlass com/google/inject/spi/ModuleSource
instanceKlass com/google/inject/internal/InternalFlags$1
instanceKlass com/google/inject/internal/InternalFlags
instanceKlass com/google/inject/internal/ProviderMethodsModule
instanceKlass com/google/common/collect/Hashing
instanceKlass com/google/inject/internal/AbstractBindingBuilder
instanceKlass com/google/inject/binder/ConstantBindingBuilder
instanceKlass com/google/inject/binder/AnnotatedConstantBindingBuilder
instanceKlass com/google/inject/binder/AnnotatedElementBuilder
instanceKlass com/google/inject/binder/AnnotatedBindingBuilder
instanceKlass com/google/inject/binder/LinkedBindingBuilder
instanceKlass com/google/inject/binder/ScopedBindingBuilder
instanceKlass com/google/inject/spi/Elements$RecordingBinder
instanceKlass com/google/inject/PrivateBinder
instanceKlass com/google/inject/Binding
instanceKlass com/google/inject/spi/DefaultBindingTargetVisitor
instanceKlass com/google/inject/spi/BindingTargetVisitor
instanceKlass com/google/inject/spi/Elements
instanceKlass com/google/inject/internal/InjectorShell$RootModule
instanceKlass com/google/inject/internal/WeakKeySet$1
instanceKlass com/google/inject/internal/WeakKeySet
instanceKlass com/google/inject/internal/State$1
instanceKlass com/google/inject/internal/InheritingState
instanceKlass com/google/inject/internal/ProcessedBindingData
instanceKlass com/google/inject/spi/Element
instanceKlass com/google/inject/spi/DefaultElementVisitor
instanceKlass com/mathworks/eps/notificationclient/api/utils/ClassLoaderUtils
instanceKlass com/mathworks/eps/notificationclient/api/classloader/ClassLoaderHelper
instanceKlass com/google/inject/internal/State
instanceKlass com/google/inject/internal/InjectorShell$Builder
instanceKlass com/google/inject/internal/Initializable
instanceKlass com/google/inject/internal/Initializer
instanceKlass com/google/common/collect/ImmutableCollection$Builder
instanceKlass com/google/inject/internal/util/SourceProvider
instanceKlass com/google/inject/Key
instanceKlass com/mathworks/mde/desk/LoginStatusIndicator$8
instanceKlass com/google/inject/internal/Errors$Converter
instanceKlass com/mathworks/mde/desk/LoginStatusIndicator$5
instanceKlass com/mathworks/eps/notificationclient/api/ClientFactory
instanceKlass com/mathworks/eps/notificationclient/api/ClientParamsBuilder
instanceKlass com/mathworks/mde/desk/LoginStatusIndicator$4
instanceKlass com/mathworks/mde/desk/LoginStatusIndicator$6
instanceKlass com/google/inject/internal/Errors
instanceKlass com/google/inject/internal/util/Stopwatch
instanceKlass com/google/inject/internal/ContextualCallable
instanceKlass com/google/inject/Injector
instanceKlass com/google/inject/internal/InternalInjectorCreator
instanceKlass com/google/inject/Guice
instanceKlass com/google/inject/Binder
instanceKlass com/mathworks/matlab_upgrade/MatlabUpgrade
instanceKlass com/google/inject/spi/BindingScopingVisitor
instanceKlass com/mathworks/mde/desk/LoginStatusIndicator$3
instanceKlass com/google/common/math/IntMath$1
instanceKlass com/google/common/math/MathPreconditions
instanceKlass com/mathworks/widgets/desk/PreferencePanel
instanceKlass com/google/common/math/IntMath
instanceKlass com/google/common/collect/ImmutableSet$SetBuilderImpl
instanceKlass com/mathworks/mde/desk/ContributedTools$ToolBoxInfo
instanceKlass com/mathworks/instutil/ResourceDefaultLocaleImpl
instanceKlass com/mathworks/instutil/ResourceLocale
instanceKlass com/mathworks/instutil/ResourceLocaleFactory
instanceKlass org/jdom2/ContentList$FilterListIterator
instanceKlass org/jdom2/filter/AbstractFilter
instanceKlass org/jdom2/internal/ArrayCopy
instanceKlass org/jdom2/filter/Filter
instanceKlass org/jdom2/Namespace
instanceKlass org/jdom2/Verifier
instanceKlass org/apache/xerces/parsers/AbstractSAXParser$LocatorProxy
instanceKlass org/xml/sax/ext/Locator2
instanceKlass com/google/inject/util/Modules$RealOverriddenModuleBuilder
instanceKlass org/apache/xerces/util/URI
instanceKlass com/google/inject/util/Modules$EmptyModule
instanceKlass com/google/inject/spi/ElementVisitor
instanceKlass org/jdom2/input/sax/SAXBuilderEngine
instanceKlass com/google/inject/util/Modules$OverriddenModuleBuilder
instanceKlass com/google/inject/util/Modules
instanceKlass org/jdom2/input/sax/BuilderErrorHandler
instanceKlass com/mathworks/install/archive/ArchiveInputStreamExtractor
instanceKlass com/mathworks/install/archive/zip/commonscompress/ArchiveEntryExtractor
instanceKlass com/mathworks/install/archive/ArchiveFileExtractor
instanceKlass org/xml/sax/DocumentHandler
instanceKlass com/mathworks/install/InstallOption
instanceKlass javax/xml/parsers/SAXParser
instanceKlass com/mathworks/install/command/Command
instanceKlass com/mathworks/install_impl/InstallConfigurationAdapter
instanceKlass com/mathworks/install/InstalledProductDataFactory
instanceKlass javax/xml/parsers/SAXParserFactory
instanceKlass com/mathworks/instutil/MinimalProducts
instanceKlass com/mathworks/install/DownloaderBuilderFactory
instanceKlass com/mathworks/install/InstalledProductData
instanceKlass com/mathworks/install/ProductInstaller
instanceKlass com/mathworks/install/DefaultDirectoryProvider
instanceKlass com/mathworks/install/InstallerBuilder
instanceKlass com/mathworks/install/SoftwareManagerBuilder
instanceKlass com/mathworks/install/InstallerFactory
instanceKlass com/mathworks/install/InstallConfiguration
instanceKlass com/mathworks/install_impl/InstalledProductFactory$InstallerWorkSpace
instanceKlass com/mathworks/install_impl/InstalledProductFactory$1
instanceKlass com/mathworks/install_impl/InstalledProductFactory$Task
instanceKlass com/mathworks/install_impl/InstalledProductFactory
instanceKlass com/mathworks/addons_product/ProductManagerUtils
instanceKlass com/mathworks/addons_product/MatlabDesktopStrategy
instanceKlass com/mathworks/addons_product/MatlabPlatformStrategyFactory
instanceKlass org/jdom2/util/IteratorIterable
instanceKlass org/jdom2/input/sax/TextBuffer
instanceKlass org/jdom2/CloneBase
instanceKlass org/jdom2/Parent
instanceKlass org/jdom2/NamespaceAware
instanceKlass org/jdom2/input/sax/XMLReaders$FactorySupplier
instanceKlass org/jdom2/DefaultJDOMFactory
instanceKlass com/mathworks/mlwidgets/explorer/extensions/basic/ImageFileDetailPanel
instanceKlass org/xml/sax/ext/DeclHandler
instanceKlass org/xml/sax/ext/LexicalHandler
instanceKlass com/mathworks/mlwidgets/explorer/model/FileDecorationModel$3
instanceKlass com/mathworks/mlwidgets/explorer/extensions/basic/ImageFileInfoProvider$1
instanceKlass com/mathworks/addons_common/notificationframework/AddOnCollectionUtils$1
instanceKlass com/mathworks/explorer/MATFileDetailPanel
instanceKlass com/mathworks/addons_common/notificationframework/AddOnCollectionUtils
instanceKlass org/jdom2/input/sax/DefaultSAXHandlerFactory
instanceKlass org/jdom2/JDOMFactory
instanceKlass org/jdom2/input/sax/SAXHandlerFactory
instanceKlass com/mathworks/addons_common/notificationframework/UnifiedUninstallerHelper$1
instanceKlass com/mathworks/addons_common/notificationframework/UnifiedUninstallerHelper
instanceKlass org/jdom2/input/sax/XMLReaderJDOMFactory
instanceKlass com/mathworks/addons_common/notificationframework/StartupCacheInitializationTask
instanceKlass com/mathworks/addons_common/notificationframework/InstalledAddOnsCache$LazyHolder
instanceKlass com/mathworks/addons/action/GetInstalledAddonsAction
instanceKlass com/mathworks/addons/action/Action
instanceKlass com/mathworks/mlwidgets/explorer/model/FileDecorationModel$4
instanceKlass com/mathworks/mlwidgets/explorer/model/FileDecorationModel$DecorationResolvingInstantiator
instanceKlass org/jdom2/input/SAXBuilder
instanceKlass org/jdom2/input/sax/SAXEngine
instanceKlass com/mathworks/mlwidgets/explorer/extensions/matlab/MatlabCodeFileDetailPanel
instanceKlass com/mathworks/matlab/api/explorer/DetailPanel
instanceKlass com/mathworks/addons/ActionHandler
instanceKlass com/mathworks/mlwidgets/explorer/extensions/matlab/MFileInfoProvider$3
instanceKlass com/mathworks/mlwidgets/explorer/model/FileDecorationModel$1$2
instanceKlass com/mathworks/mlwidgets/explorer/extensions/matlab/MFileInfoProvider$2
instanceKlass com/mathworks/mlwidgets/explorer/extensions/matlab/MFileInfoProvider$1
instanceKlass com/mathworks/instutil/VersionInfo
instanceKlass com/mathworks/update_notification_subscriber/UpdateNotificationSubscriber$InternalServiceCaller
instanceKlass com/mathworks/notification_client_util/UIMessage
instanceKlass com/mathworks/notification_client_util/UICallback
instanceKlass com/mathworks/notification_client_util/NotificationServiceCaller
instanceKlass com/mathworks/mlwidgets/explorer/widgets/table/FileTable$5$1
instanceKlass com/mathworks/update_notification_subscriber/UpdateNotificationSubscriber
instanceKlass com/mathworks/update_notification_subscriber/NotificationSubscriber
instanceKlass com/mathworks/mlwidgets/explorer/model/table/UiFileList$5
instanceKlass com/mathworks/widgets/grouptable/GroupingTable$4
instanceKlass com/mathworks/resources_folder/ResourcesFolderUtils
instanceKlass com/mathworks/mlwidgets/explorer/widgets/address/LocationTypingModeComponent$7$1
instanceKlass com/mathworks/mde/explorer/Explorer$18$2
instanceKlass com/mathworks/mde/desk/ContributedTools
instanceKlass com/mathworks/mde/desk/MLNotificationUIProvider$1$1
instanceKlass com/mathworks/supportsoftwarematlabmanagement/upgrade/TriggerSsiUpgrade$1
instanceKlass com/mathworks/supportsoftwarematlabmanagement/upgrade/TriggerSsiUpgrade
instanceKlass com/mathworks/addons/upgrade/MLUpgradeNotification$1
instanceKlass com/mathworks/addons/upgrade/MLUpgradeNotification
instanceKlass com/mathworks/mde/desk/ContributedToolsLoader$3
instanceKlass com/mathworks/mde/desk/MLDesktop$10
instanceKlass com/mathworks/net/hyperlink/AbstractHyperlinkProvider
instanceKlass com/mathworks/instwiz/resources/ComponentName
instanceKlass com/mathworks/instutil/wizard/ComponentName
instanceKlass com/mathworks/mde/vrd/ProxyLicenseActions
instanceKlass com/mathworks/webintegration/vrd/PostActionHandler
instanceKlass com/mathworks/webintegration/vrd/VRDController
instanceKlass com/mathworks/vrd/command/ValidateCommand
instanceKlass com/mathworks/vrd/command/ValidateCommandFactoryDefault
instanceKlass com/mathworks/vrd/command/RefreshCommand
instanceKlass com/mathworks/vrd/command/RefreshCommandFactoryDefault
instanceKlass com/mathworks/vrd/command/DeactivateCommand
instanceKlass com/mathworks/vrd/command/DeactivateCommandFactoryDefault
instanceKlass com/mathworks/webintegration/vrd/CurrentMatlabSearchPathLicenseFactory
instanceKlass com/mathworks/instutil/DefaultSecurityOverrideImpl
instanceKlass com/mathworks/instutil/licensefiles/LicenseInfo
instanceKlass com/mathworks/instutil/licensefiles/LicenseLocationFactory
instanceKlass com/mathworks/vrd/model/VRDModelImpl
instanceKlass com/mathworks/mlwebservices/WSSwingWorker
instanceKlass com/mathworks/mlwebservices/DefaultService
instanceKlass java/util/logging/LogRecord
instanceKlass com/mathworks/vrd/model/VRDModel
instanceKlass com/mathworks/mlwebservices/ValidationService
instanceKlass com/mathworks/mlwebservices/Service
instanceKlass com/mathworks/vrd/model/VRDModelFactoryDefault
instanceKlass com/mathworks/webproxy/AbstractSystemProxyConfiguration
instanceKlass com/mathworks/webproxy/SystemProxyConfiguration
instanceKlass com/mathworks/webproxy/PropertiesProxyConfigurationImpl
instanceKlass com/mathworks/webproxy/SystemPropertiesProxyConfiguration
instanceKlass com/mathworks/webproxy/ProxyConfigurationVisitor
instanceKlass com/mathworks/webproxy/AbstractCompositeProxyConfiguration
instanceKlass com/mathworks/webproxy/NativeProxySettings
instanceKlass com/mathworks/webproxy/ProxyAuthenticator
instanceKlass com/mathworks/webproxy/PropertiesProxyConfiguration
instanceKlass com/mathworks/webproxy/ProxyConfiguration
instanceKlass com/mathworks/webproxy/SystemProxySettings
instanceKlass com/mathworks/webproxy/WebproxyFactory
instanceKlass com/mathworks/instutil/FolderUtilsImpl
instanceKlass com/mathworks/instutil/WinSecurity
instanceKlass com/mathworks/instutil/WindowsSecurityOverride
instanceKlass com/mathworks/instutil/FilePermissionsUtil
instanceKlass com/mathworks/instutil/ParentFolderOperation
instanceKlass com/mathworks/instutil/FileIO
instanceKlass com/mathworks/instutil/services/ServiceThread
instanceKlass com/mathworks/instutil/services/ServiceThreadFactoryImpl
instanceKlass com/mathworks/webintegration/vrd/NativeLmgrLicenseAdapter
instanceKlass com/mathworks/vrd/license/LicenseFileFilterImpl
instanceKlass com/mathworks/instutil/licensefiles/LicenseFileParserImpl
instanceKlass com/mathworks/instutil/SystemEnvironment
instanceKlass com/mathworks/instutil/licensefiles/LicenseFileFinderDefault
instanceKlass com/mathworks/instutil/Environment
instanceKlass com/mathworks/webintegration/vrd/NativeLmgrLicenseFileFinder
instanceKlass sun/font/SunFontManager$9
instanceKlass com/mathworks/instutil/wizard/CJKFontSize
instanceKlass com/mathworks/instutil/wizard/FontSizeStrategy
instanceKlass com/mathworks/instutil/FontHandlerImpl
instanceKlass com/mathworks/instwiz/AutoCreateLogFileWILogger$InitialState
instanceKlass com/mathworks/instwiz/AutoCreateLogFileWILogger$LoggerState
instanceKlass com/mathworks/mde/desk/LoginStatusIndicator$2$1
instanceKlass com/mathworks/matlab_login/LoginInfo
instanceKlass java/util/function/UnaryOperator
instanceKlass com/mathworks/instwiz/WIResourceBundle
instanceKlass com/mathworks/instwiz/arch/ArchGuiBase
instanceKlass com/mathworks/instwiz/arch/ArchGui
instanceKlass com/mathworks/instwiz/arch/ArchGuiFactoryImpl
instanceKlass com/mathworks/webintegration/vrd/VRDViewMATLAB$8
instanceKlass com/mathworks/instutil/services/ProxyTester
instanceKlass com/mathworks/net/hyperlink/HyperlinkProvider
instanceKlass com/mathworks/instutil/InstUtilResourceBundle
instanceKlass com/mathworks/instutil/FontHandler
instanceKlass com/mathworks/instwiz/arch/ArchGuiFactory
instanceKlass com/mathworks/webintegration/vrd/VRDViewMATLAB
instanceKlass javax/xml/stream/XMLStreamReader
instanceKlass javax/xml/stream/XMLStreamConstants
instanceKlass org/apache/axiom/om/OMElement
instanceKlass org/apache/axiom/om/OMNamedInformationItem
instanceKlass org/apache/axiom/om/OMContainer
instanceKlass org/apache/axiom/om/OMNode
instanceKlass org/apache/axiom/om/OMSerializable
instanceKlass org/apache/axiom/om/OMInformationItem
instanceKlass org/apache/axiom/om/OMDataSource
instanceKlass com/mathworks/internal/activationws/client/MWAMachineAttribute
instanceKlass org/apache/axis2/databinding/ADBBean
instanceKlass com/mathworks/instutil/RegistryImpl
instanceKlass com/mathworks/instutil/NativeUtility
instanceKlass com/mathworks/instutil/DisplayProperties
instanceKlass com/mathworks/instutil/MachineInfo
instanceKlass com/mathworks/vrd/command/ValidateCommandFactory
instanceKlass com/mathworks/vrd/command/RefreshCommandFactory
instanceKlass com/mathworks/vrd/command/DeactivateCommandFactory
instanceKlass com/mathworks/vrd/license/LicenseFactory
instanceKlass com/mathworks/vrd/license/License
instanceKlass com/mathworks/vrd/model/VRDModelFactory
instanceKlass com/mathworks/instutil/Machine
instanceKlass com/mathworks/instutil/Registry
instanceKlass com/mathworks/jmi/MatlabPath$CwdChangeWhenAtPrompt$1
instanceKlass com/mathworks/instutil/system/HostIdProvider
instanceKlass com/mathworks/jmi/MatlabPath$CwdChangeWhenAtPrompt
instanceKlass com/mathworks/instutil/licensefiles/LicenseFileFinder
instanceKlass com/mathworks/vrd/license/LicenseFileFilter
instanceKlass com/mathworks/instutil/services/ServiceThreadFactory
instanceKlass com/mathworks/instutil/IO
instanceKlass com/mathworks/instutil/FolderUtils
instanceKlass com/mathworks/instutil/FilePermissions
instanceKlass com/mathworks/instutil/licensefiles/LicenseFileParser
instanceKlass com/mathworks/vrd/view/VRDView
instanceKlass com/mathworks/instutil/services/ServiceThreadView
instanceKlass com/mathworks/webintegration/vrd/VRDConfigMATLAB
instanceKlass com/mathworks/vrd/config/VRDConfig
instanceKlass com/mathworks/vrd/config/VRDConfigFactory
instanceKlass com/mathworks/webintegration/vrd/LicenseActions$ActionList
instanceKlass com/mathworks/webintegration/vrd/LicenseActions
instanceKlass com/mathworks/webintegration/vrd/LicenseActionsFactory$LazyHolder
instanceKlass com/mathworks/mde/vrd/NoOpLicenseActions
instanceKlass com/mathworks/webintegration/vrd/LicenseActionsFactory
instanceKlass com/mathworks/mde/vrd/LicenseActions
instanceKlass com/mathworks/mde/vrd/LicenseActionsFactory
instanceKlass com/google/gson/JsonParser
instanceKlass com/mathworks/mde/desk/MLTechPreviewNotificationRequestor$1
instanceKlass com/mathworks/matlab_login/UserLoginInfo
instanceKlass com/google/inject/AbstractModule
instanceKlass com/mathworks/toolbox/matlab/webwindow/FocusManager$WindowEventListener
instanceKlass com/mathworks/mde/desk/LoginStatusIndicator$2
instanceKlass com/mathworks/instutil/SecurityOverride
instanceKlass com/mathworks/instutil/LocalizedHelpPathFinder
instanceKlass com/mathworks/instutil/PlatformImpl
instanceKlass com/mathworks/instutil/Platform
instanceKlass com/mathworks/matlab_login/NativeLogin
instanceKlass com/mathworks/matlab_login/JniUtil
instanceKlass com/mathworks/matlab_login/LoginLevel4Impl
instanceKlass com/mathworks/matlab_login/LoginLevel3Impl
instanceKlass com/mathworks/matlab_login/LoginLevel2Impl
instanceKlass com/mathworks/matlab_login/LoginLevel1Impl
instanceKlass com/mathworks/matlab_login/LoginLevel0Impl
instanceKlass com/mathworks/matlab_login/LoginLevel
instanceKlass com/mathworks/matlab_login/LoginMessages
instanceKlass com/google/inject/Module
instanceKlass com/mathworks/matlab_login/MatlabLogin
instanceKlass com/mathworks/mde/desk/LoginStatusIndicator$1
instanceKlass com/mathworks/mde/desk/MLTechPreviewNotificationRequestor
instanceKlass com/mathworks/mde/desk/MLTechPreviewDduxLogger
instanceKlass com/mathworks/mde/desk/MLTechPreviewUtil
instanceKlass com/mathworks/mde/desk/StartupClassLoader$1
instanceKlass com/mathworks/mde/desk/StartupClassLoader
instanceKlass com/mathworks/mde/desk/LoginStatusIndicatorLoader$3
instanceKlass com/mathworks/mde/desk/LoginStatusIndicatorLoader$1
instanceKlass com/mathworks/mde/desk/LoginStatusIndicatorLoader$2
instanceKlass com/mathworks/mde/desk/LoginStatusIndicatorLoader
instanceKlass com/mathworks/mlservices/MLLicenseChecker
instanceKlass com/mathworks/jmi/MatlabWorker$2
instanceKlass com/mathworks/jmi/MatlabWorker$1
instanceKlass com/mathworks/mde/desk/MLDesktop$9$1
instanceKlass com/mathworks/jmi/MatlabEvent
instanceKlass com/mathworks/hg/peer/DebugUtilities$Logger$MyActionListener
instanceKlass com/mathworks/hg/peer/DebugUtilities$Logger
instanceKlass com/mathworks/jmi/MatlabMCR$AWTReplyEvent
instanceKlass com/mathworks/mlwidgets/workspace/WorkspaceLog
instanceKlass com/mathworks/mlwidgets/workspace/WorkspaceCommands
instanceKlass com/mathworks/mde/editor/breakpoints/MatlabDebugger$2
instanceKlass com/mathworks/mde/editor/breakpoints/MatlabDebugger$4
instanceKlass com/mathworks/hg/peer/DebugUtilities$1
instanceKlass com/mathworks/hg/peer/DebugUtilities
instanceKlass com/mathworks/hg/peer/FigureRenderLocker
instanceKlass com/mathworks/hg/peer/FigurePeer$BreakpointDispatch$1
instanceKlass com/mathworks/mde/editor/plugins/matlab/ErrorHandlingRunMenu$$Lambda$42
instanceKlass java/lang/invoke/LambdaForm$DMH
instanceKlass com/mathworks/util/Disposable$Parent
instanceKlass com/mathworks/mde/editor/debug/EditorToolstripRefreshManager$DebugStateListener$1
instanceKlass com/mathworks/mlwidgets/debug/DebugActions$2
instanceKlass com/mathworks/toolbox/matlab/webwindow/FocusManager
instanceKlass com/mathworks/hg/util/JavaSystemScreenInfoProvider
instanceKlass com/mathworks/hg/util/AbstractSystemScreenInfoProvider
instanceKlass com/mathworks/addons_common/UpdateMetadata
instanceKlass com/mathworks/addons_common/OpenUrlMessage
instanceKlass com/mathworks/addons/ExplorerUINotifier
instanceKlass com/mathworks/addons_toolbox/AddOnInstallationObserverAdapter
instanceKlass com/mathworks/addons_zip/tasks/AddOnInstallationObservers
instanceKlass com/mathworks/appmanagement/addons/AppManagerUtils
instanceKlass com/mathworks/addons_common/AddonCustomMetadata
instanceKlass java/nio/file/SimpleFileVisitor
instanceKlass com/mathworks/addons_zip/utils/ZipManagerUtils
instanceKlass com/mathworks/addons_mlconnector/MLConnectorManager
instanceKlass com/mathworks/supportsoftwarematlabmanagement/api/UninstallAPI
instanceKlass com/mathworks/install_task/BackgroundTask
instanceKlass com/mathworks/supportsoftwareinstaller/api/InstallAPI
instanceKlass com/mathworks/hwsmanagement/HwsManager
instanceKlass com/mathworks/supportsoftwareinstaller/addons/SupportSoftwareInstallerObserver
instanceKlass com/mathworks/addons_zip/ZipManager
instanceKlass com/mathworks/addons_app/AppManager
instanceKlass com/mathworks/services/lmgr/FeatureInfoList
instanceKlass com/mathworks/addons_product/CommandBuilder
instanceKlass com/mathworks/addons_common/DocumentationProvider
instanceKlass com/mathworks/addons_product/ProductManager
instanceKlass com/mathworks/toolboxmanagement/ToolboxContributedToolsLoader
instanceKlass com/mathworks/toolboxmanagement/ToolboxManagementObserverCollection
instanceKlass com/mathworks/toolboxmanagement/DefaultToolboxManagementObserver
instanceKlass com/mathworks/toolboxmanagement/ExecutorServiceFactory
instanceKlass com/mathworks/toolboxmanagement/CustomToolboxManager
instanceKlass com/mathworks/toolboxmanagement/ToolboxManagementObserver
instanceKlass com/mathworks/addons_toolbox/ToolboxManagerForAddOns
instanceKlass com/mathworks/addons_common/notificationframework/AddOnInstallationObserverImpl
instanceKlass com/mathworks/addons/AddonsCommunicator$1
instanceKlass com/mathworks/addons_common/util/MatlabDesktopUtils
instanceKlass com/mathworks/addons_common/util/settings/InstallationFolderUtils
instanceKlass com/mathworks/addons_common/notificationframework/AddOnInstallationObserver
instanceKlass com/mathworks/addons_common/notificationframework/InstalledAddOnsCache
instanceKlass com/mathworks/addons_common/notificationframework/AddonManagement
instanceKlass com/mathworks/addons/AddonsCommunicator
instanceKlass com/mathworks/addons_common/notificationframework/UINotifierRegistry
instanceKlass com/mathworks/addons_common/notificationframework/UINotifier
instanceKlass com/mathworks/addons/CommunicationMessage
instanceKlass com/mathworks/mde/editor/debug/DebuggerInstaller$1
instanceKlass com/mathworks/mde/editor/debug/MatlabDebuggerActionsProvider
instanceKlass com/mathworks/mde/editor/DebugFileOpeningService$2
instanceKlass com/mathworks/mde/editor/DebugFileOpeningService
instanceKlass com/mathworks/mlservices/MatlabDebugServices$DebugEventTranslator
instanceKlass com/mathworks/jmi/Matlab$6
instanceKlass com/mathworks/fileutils/MatlabPath$CwdChangeWhenAtPrompt$1
instanceKlass com/mathworks/jmi/MatlabPath$PathEntry
instanceKlass com/mathworks/mde/editor/debug/DebuggerInstaller
instanceKlass com/mathworks/jmi/ComponentBridge
instanceKlass com/mathworks/jmi/AutoConvertStringToMatlabChar
instanceKlass sun/awt/EventQueueDelegate$Delegate
instanceKlass com/mathworks/mde/editor/plugins/matlab/RunMenuInfoCache$RunInfoData
instanceKlass com/mathworks/mde/liveeditor/LiveEditorStatusBar$3
instanceKlass com/mathworks/mde/liveeditor/LiveEditorStatusBar$6
instanceKlass com/mathworks/mde/liveeditor/LiveEditorStatusBar$5
instanceKlass com/mathworks/mde/liveeditor/LiveEditorStatusBar$2
instanceKlass com/mathworks/mde/liveeditor/plugins/editordataservice/LiveEditorStatusBarService$1
instanceKlass com/mathworks/mde/liveeditor/plugins/editordataservice/LiveEditorStatusBarServiceProvider
instanceKlass java/security/DomainCombiner
instanceKlass com/mathworks/mde/liveeditor/plugins/editordataservice/LiveEditorSectionsService$1
instanceKlass com/mathworks/mde/liveeditor/plugins/editordataservice/LiveEditorSectionsServiceProvider
instanceKlass com/mathworks/mde/liveeditor/plugins/editordataservice/LiveEditorFunctionsService$1
instanceKlass com/mathworks/mde/liveeditor/plugins/editordataservice/LiveEditorFunctionsServiceProvider
instanceKlass com/mathworks/mde/liveeditor/ActionManager$12
instanceKlass com/mathworks/mde/liveeditor/widget/rtc/RichTextComponent$4
instanceKlass com/mathworks/mde/liveeditor/widget/rtc/RichTextComponent$7
instanceKlass com/mathworks/widgets/desk/DTClient$DeferredPropertyChange
instanceKlass com/mathworks/peermodel/synchronizer/utils/EventCoalescer$3$1
instanceKlass com/mathworks/peermodel/synchronizer/utils/EventCoalescer$3
instanceKlass com/mathworks/peermodel/synchronizer/utils/PropertyEventImpl
instanceKlass com/google/gson/internal/$Gson$Types$GenericArrayTypeImpl
instanceKlass com/mathworks/mde/embeddedoutputs/evaluation/LifeCycle
instanceKlass com/mathworks/mde/embeddedoutputs/evaluation/LifeCycleProvider$LifeCycleFeature$1
instanceKlass com/mathworks/mde/embeddedoutputs/evaluation/LifeCycleProvider
instanceKlass com/mathworks/mde/editor/plugins/editordataservice/refactoring/RefactorFunctionFeature$GetFunctionNameSubscriber
instanceKlass com/mathworks/mwswing/FileExtensionFilterUtils
instanceKlass com/mathworks/mlwidgets/dialog/filters/AbstractToolboxFileFilterContributor
instanceKlass javax/swing/filechooser/FileFilter
instanceKlass com/mathworks/mlwidgets/dialog/filters/MatlabProductFileExtensionFilter
instanceKlass com/mathworks/mde/editor/plugins/editordataservice/refactoring/RefactorFunctionFeatureProvider
instanceKlass com/mathworks/mde/editor/plugins/editordataservice/MatlabPreferencesFeature$2
instanceKlass com/google/gson/internal/ConstructorConstructor$8
instanceKlass com/mathworks/mde/liveeditor/LiveEditorPreferences
instanceKlass com/mathworks/mde/editor/plugins/editordataservice/MatlabPreferencesFeatureProvider
instanceKlass com/mathworks/services/editordataservice/EditorNode$1
instanceKlass com/mathworks/mde/editor/plugins/editordataservice/CustomKeyboardShortcutsFeature$2
instanceKlass com/mathworks/mde/liveeditor/LiveEditorKeyBindingManagerListener
instanceKlass com/mathworks/mde/editor/plugins/editordataservice/CustomKeyboardShortcutsFeatureProvider
instanceKlass com/mathworks/widgets/text/mcode/MLintPrefsUtils
instanceKlass com/mathworks/mde/editor/plugins/editordataservice/CodeAnalyzerFeature$1
instanceKlass com/mathworks/services/editordataservice/EditorDataServiceBroadcastImpl
instanceKlass java/util/PriorityQueue$Itr
instanceKlass com/mathworks/mde/editor/plugins/editordataservice/CodeAnalyzerFeatureProvider
instanceKlass com/mathworks/services/editordataservice/EditorDataServiceFeatureProvider
instanceKlass com/mathworks/services/editordataservice/EditorNode$PriorityCompare
instanceKlass com/mathworks/peermodel/impl/PeerNodeImpl$1
instanceKlass com/mathworks/services/editordataservice/EditorNode$2
instanceKlass com/mathworks/services/editordataservice/EditorNode$4
instanceKlass com/mathworks/peermodel/impl/ObservableImpl$PeerEventObserver
instanceKlass com/mathworks/services/editordataservice/EditorNode$3
instanceKlass com/mathworks/services/editordataservice/Document$2
instanceKlass com/mathworks/services/editordataservice/EditorNodeUtilities
instanceKlass com/mathworks/services/editordataservice/Document
instanceKlass com/mathworks/services/editordataservice/EditorDataServiceBroadcast
instanceKlass com/mathworks/services/editordataservice/EditorNode
instanceKlass com/mathworks/peermodel/events/PeerNodeAdapter
instanceKlass com/mathworks/mde/liveeditor/ShortcutUtils
instanceKlass java/util/concurrent/locks/ReentrantReadWriteLock$Sync$HoldCounter
instanceKlass java/util/concurrent/CopyOnWriteArrayList$1
instanceKlass com/mathworks/mde/liveeditor/ActionManager$7$1
instanceKlass com/mathworks/services/actiondataservice/AbstractActionDataService$1
instanceKlass com/mathworks/peermodel/impl/PeerNodeImpl$2
instanceKlass com/mathworks/mde/liveeditor/ActionManager$7$2
instanceKlass com/mathworks/peermodel/impl/PeerModelManagerImpl$3
instanceKlass com/mathworks/services/actiondataservice/AbstractActionDataService$6
instanceKlass org/cef/callback/CefQueryCallback
instanceKlass com/jidesoft/plaf/vsnet/VsnetUtils
instanceKlass com/mathworks/cmlink/management/cache/CmStatusCacheDecorator
instanceKlass com/mathworks/cmlink/management/cache/NullCmStatusCache
instanceKlass com/mathworks/cmlink/management/queue/CMQueue
instanceKlass com/mathworks/cmlink/implementations/svncore/SVNCoreAdapterFactoryDecorator
instanceKlass com/mathworks/toolbox/shared/computils/threads/WrappingExecutorService$WrappedCallable
instanceKlass com/mathworks/cmlink/util/CMExecutorService$2
instanceKlass com/mathworks/cmlink/util/CMExecutorService$1
instanceKlass com/mathworks/cmlink/util/CMExecutorService
instanceKlass com/mathworks/cmlink/management/queue/CMAdapterFactoryQueued$1
instanceKlass com/mathworks/cmlink/implementations/svnkitintegration/resources/SVNKitResources
instanceKlass com/mathworks/cmlink/util/adapter/AdapterFactoryComparator
instanceKlass com/mathworks/cmlink/util/adapter/wrappers/CMAdapterFactoryWrapper
instanceKlass com/mathworks/cmlink/util/CMAdapterFactoryDecorator
instanceKlass com/mathworks/cmlink/management/registration/CMAdapterFactoryListCollection
instanceKlass com/mathworks/cmlink/management/registration/FactoryHidingFactoryList
instanceKlass com/mathworks/cmlink/management/registration/QueuedCMAdapterFactoryList
instanceKlass com/mathworks/cmlink/api/version/r14a/CMAdapterFactory
instanceKlass com/mathworks/cmlink/api/version/r16b/CMAdapterFactory
instanceKlass org/apache/logging/log4j/core/config/Configurator
instanceKlass org/apache/logging/log4j/core/util/Booleans
instanceKlass org/apache/logging/log4j/core/layout/PatternLayout$NoFormatPatternSerializer
instanceKlass org/eclipse/jgit/transport/Transport
instanceKlass org/eclipse/jgit/transport/PackTransport
instanceKlass org/eclipse/jgit/transport/WalkTransport
instanceKlass org/eclipse/jgit/lib/ObjectDatabase
instanceKlass org/eclipse/jgit/lib/Repository
instanceKlass org/eclipse/jgit/transport/PacketLineIn
instanceKlass org/eclipse/jgit/transport/PacketLineOut
instanceKlass javax/swing/tree/TreeCellRenderer
instanceKlass com/mathworks/mwswing/plaf/PlafUtils$ContrastingWindowsExpandedIconV11
instanceKlass com/mathworks/mwswing/plaf/PlafUtils$ContrastingWindowsCollapsedIconV11
instanceKlass com/mathworks/mwswing/plaf/PlafUtils$ContrastingLinuxExpandedIcon
instanceKlass com/mathworks/mwswing/plaf/PlafUtils$ContrastingLinuxCollapsedIcon
instanceKlass com/jidesoft/jdk/JdkSpecificClass
instanceKlass org/eclipse/jgit/util/FS
instanceKlass com/jidesoft/grid/IFilterableTableModel
instanceKlass com/jidesoft/grid/AutoFilterTableModel
instanceKlass com/jidesoft/grid/AutoFilterTableHeaderAdapter
instanceKlass org/eclipse/jgit/transport/CredentialsProvider
instanceKlass sun/security/util/ManifestEntryVerifier$SunProviderHolder
instanceKlass org/cef/browser/CefBrowserWr$1$1
instanceKlass sun/nio/cs/Surrogate
instanceKlass sun/nio/cs/Surrogate$Parser
instanceKlass java/util/Base64$Encoder
instanceKlass java/util/Base64$Decoder
instanceKlass java/util/Base64
instanceKlass java/security/Timestamp
instanceKlass sun/security/timestamp/TimestampToken
instanceKlass java/security/cert/CertPath
instanceKlass sun/security/rsa/RSAPadding
instanceKlass sun/security/rsa/RSACore
instanceKlass java/security/interfaces/RSAPrivateCrtKey
instanceKlass sun/security/pkcs/PKCS8Key
instanceKlass java/security/interfaces/RSAPrivateKey
instanceKlass java/security/PrivateKey
instanceKlass sun/security/jca/ServiceId
instanceKlass java/security/SignatureSpi
instanceKlass javax/crypto/SecretKey
instanceKlass javax/security/auth/Destroyable
instanceKlass java/awt/Event
instanceKlass com/mathworks/mwswing/AppearanceFocusEvent
instanceKlass sun/security/util/Length
instanceKlass sun/security/util/KeyUtil
instanceKlass sun/text/normalizer/NormalizerBase$1
instanceKlass java/text/Normalizer
instanceKlass sun/security/x509/AVAKeyword
instanceKlass javax/swing/text/JTextComponent$InputMethodRequestsHandler
instanceKlass sun/security/util/ConstraintsParameters
instanceKlass java/text/AttributedString$AttributedStringIterator
instanceKlass java/text/AttributedCharacterIterator
instanceKlass java/text/AttributedString
instanceKlass sun/awt/im/CompositionAreaHandler
instanceKlass sun/security/pkcs/PKCS9Attribute
instanceKlass sun/security/pkcs/PKCS9Attributes
instanceKlass sun/security/pkcs/SignerInfo
instanceKlass java/awt/KeyboardFocusManager$3
instanceKlass java/awt/KeyboardFocusManager$4
instanceKlass java/security/cert/PolicyQualifierInfo
instanceKlass com/mathworks/widgets/find/FindClientRegistry$6
instanceKlass sun/security/x509/CertificatePolicyId
instanceKlass sun/security/x509/PolicyInformation
instanceKlass com/mathworks/widgets/find/LookinItem
instanceKlass com/mathworks/widgets/find/FindClientRegistry$RegisteredComponent
instanceKlass com/mathworks/widgets/find/FindClientRegistry$3
instanceKlass com/mathworks/widgets/find/FindClientRegistry
instanceKlass sun/security/x509/DistributionPoint
instanceKlass sun/security/x509/DNSName
instanceKlass com/mathworks/widgets/grouptable/GroupingTableRow$4
instanceKlass sun/security/x509/URIName
instanceKlass java/awt/LightweightDispatcher$2
instanceKlass sun/security/x509/GeneralName
instanceKlass com/mathworks/widgets/grouptable/GroupingTableRow$2
instanceKlass com/mathworks/widgets/grouptable/GroupingTableRow$1$1
instanceKlass sun/security/x509/AccessDescription
instanceKlass sun/security/util/MemoryCache$CacheEntry
instanceKlass sun/security/x509/X509AttributeName
instanceKlass sun/security/x509/GeneralNames
instanceKlass sun/security/x509/KeyIdentifier
instanceKlass sun/security/x509/OIDMap$OIDInfo
instanceKlass sun/security/x509/PKIXExtensions
instanceKlass sun/security/x509/OIDMap
instanceKlass sun/security/x509/Extension
instanceKlass java/security/cert/Extension
instanceKlass sun/security/x509/CertificateExtensions
instanceKlass java/security/interfaces/RSAPublicKey
instanceKlass java/security/interfaces/RSAKey
instanceKlass java/security/spec/RSAPrivateKeySpec
instanceKlass java/security/spec/RSAPublicKeySpec
instanceKlass java/security/KeyFactorySpi
instanceKlass sun/security/rsa/SunRsaSignEntries
instanceKlass sun/security/jca/ProviderList$ServiceList$1
instanceKlass java/security/KeyFactory
instanceKlass java/security/spec/EncodedKeySpec
instanceKlass java/security/spec/KeySpec
instanceKlass sun/security/util/BitArray
instanceKlass sun/security/x509/X509Key
instanceKlass java/security/PublicKey
instanceKlass java/security/Key
instanceKlass sun/security/x509/CertificateX509Key
instanceKlass sun/security/x509/CertificateValidity
instanceKlass sun/security/x509/AVA
instanceKlass sun/security/x509/RDN
instanceKlass javax/security/auth/x500/X500Principal
instanceKlass com/mathworks/widgets/grouptable/ColorStyle$1
instanceKlass sun/security/x509/X500Name$1
instanceKlass sun/security/x509/X500Name
instanceKlass sun/security/x509/GeneralNameInterface
instanceKlass sun/security/x509/CertificateAlgorithmId
instanceKlass sun/security/x509/SerialNumber
instanceKlass sun/security/x509/CertificateSerialNumber
instanceKlass com/mathworks/widgets/grouptable/AffordanceManager$7
instanceKlass com/mathworks/sourcecontrol/StatusToolTipAffordance$StatusToolTipGenerator
instanceKlass com/mathworks/widgets/grouptable/DisplayEffects
instanceKlass sun/security/x509/CertificateVersion
instanceKlass sun/security/x509/X509CertInfo
instanceKlass sun/security/x509/CertAttrSet
instanceKlass com/mathworks/toolstrip/factory/TSRegistry$UpdateEvent
instanceKlass sun/security/util/Cache$EqualByteArray
instanceKlass java/security/cert/X509Extension
instanceKlass com/mathworks/toolstrip/accessories/TSRobot
instanceKlass sun/security/util/Cache
instanceKlass java/security/cert/CertificateFactorySpi
instanceKlass java/security/cert/CertificateFactory
instanceKlass sun/security/x509/AlgorithmId
instanceKlass sun/security/util/ByteArrayTagOrder
instanceKlass sun/security/util/ByteArrayLexOrder
instanceKlass sun/security/util/DerEncoder
instanceKlass sun/security/util/DerValue
instanceKlass java/awt/AWTEvent$2
instanceKlass java/awt/LightweightDispatcher$1
instanceKlass sun/security/util/ObjectIdentifier
instanceKlass java/awt/Container$MouseEventTargetFilter
instanceKlass java/awt/Container$EventTargetFilter
instanceKlass sun/security/pkcs/ContentInfo
instanceKlass com/mathworks/widgets/desk/DTMultipleClientFrame$LocalWindowListener$1
instanceKlass sun/security/util/DerIndefLenConverter
instanceKlass com/mathworks/widgets/grouptable/GroupingTable$28$1
instanceKlass sun/security/util/DerInputStream
instanceKlass sun/security/pkcs/PKCS7
instanceKlass java/awt/KeyboardFocusManager$LightweightFocusRequest
instanceKlass java/awt/DefaultKeyboardFocusManager$TypeAheadMarker
instanceKlass java/awt/KeyboardFocusManager$HeavyweightFocusRequest
instanceKlass com/mathworks/widgets/desk/DTMultipleClientFrame$LocalWindowListener$2
instanceKlass sun/security/util/ManifestDigester$Section
instanceKlass sun/security/util/ManifestDigester$Entry
instanceKlass sun/security/util/ManifestDigester$Position
instanceKlass sun/security/util/ManifestDigester
instanceKlass com/mathworks/widgets/grouptable/GroupingTable$38
instanceKlass com/mathworks/util/tree/TreeUtils$1
instanceKlass com/mathworks/cmlink/implementations/git/GitAdapterFactory
instanceKlass org/tmatesoft/svn/core/wc/DefaultSVNRepositoryPool$TimeoutTask
instanceKlass com/mathworks/mlwidgets/explorer/DetailViewer$6
instanceKlass org/tmatesoft/svn/core/wc/DefaultSVNRepositoryPool$DaemonThreadFactory
instanceKlass com/mathworks/mlwidgets/explorer/ExplorerSplitPane$3
instanceKlass org/tmatesoft/svn/core/wc/DefaultSVNRepositoryPool
instanceKlass org/tmatesoft/svn/core/io/ISVNConnectionListener
instanceKlass org/tmatesoft/svn/core/io/ISVNSession
instanceKlass com/mathworks/mlwidgets/explorer/widgets/address/AddressBar$11
instanceKlass org/tmatesoft/svn/core/wc/admin/SVNAdminBasicClient
instanceKlass org/tmatesoft/svn/core/wc/ISVNEventHandler
instanceKlass org/tmatesoft/svn/core/wc/SVNBasicClient
instanceKlass org/tmatesoft/svn/core/wc/SVNClientManager
instanceKlass org/tmatesoft/svn/core/wc/ISVNRepositoryPool
instanceKlass org/tmatesoft/svn/core/internal/wc/DefaultSVNPersistentAuthenticationProvider$SimplePasswordStorage
instanceKlass java/awt/geom/Path2D$Iterator
instanceKlass sun/dc/pr/Rasterizer$ConsumerDisposer
instanceKlass org/tmatesoft/svn/core/internal/util/jna/SVNGnomeKeyring$3
instanceKlass sun/dc/pr/PathDasher$1
instanceKlass sun/dc/pr/PathDasher
instanceKlass org/tmatesoft/svn/core/internal/util/jna/SVNGnomeKeyring$2
instanceKlass org/tmatesoft/svn/core/internal/util/jna/SVNGnomeKeyring$1
instanceKlass sun/dc/pr/PathStroker$1
instanceKlass sun/dc/pr/PathStroker
instanceKlass org/tmatesoft/svn/core/internal/util/jna/ISVNGnomeKeyringLibrary$GnomeKeyringOperationGetStringCallback
instanceKlass org/tmatesoft/svn/core/internal/util/jna/ISVNGnomeKeyringLibrary$GnomeKeyringOperationGetKeyringInfoCallback
instanceKlass org/tmatesoft/svn/core/internal/util/jna/ISVNGnomeKeyringLibrary$GnomeKeyringOperationDoneCallback
instanceKlass org/tmatesoft/svn/core/internal/util/jna/SVNGnomeKeyring
instanceKlass sun/dc/pr/PathFiller$1
instanceKlass sun/dc/pr/PathFiller
instanceKlass sun/dc/path/PathConsumer
instanceKlass org/tmatesoft/svn/core/internal/util/jna/SVNMacOsKeychain
instanceKlass sun/dc/pr/Rasterizer
instanceKlass org/tmatesoft/svn/core/internal/wc/DefaultSVNPersistentAuthenticationProvider$WinCryptPasswordStorage
instanceKlass sun/java2d/pipe/AATileGenerator
instanceKlass org/tmatesoft/svn/core/internal/wc/DefaultSVNPersistentAuthenticationProvider$IPasswordStorage
instanceKlass org/tmatesoft/svn/core/internal/util/jna/SVNWinCrypt
instanceKlass org/openide/ErrorManager
instanceKlass org/tmatesoft/svn/core/internal/wc/ISVNHostOptions
instanceKlass org/tmatesoft/svn/core/internal/wc/DefaultSVNHostOptionsProvider
instanceKlass org/netbeans/editor/Finder
instanceKlass org/netbeans/editor/Utilities
instanceKlass org/tmatesoft/svn/core/internal/wc/DefaultSVNPersistentAuthenticationProvider
instanceKlass org/tmatesoft/svn/core/internal/wc/ISVNPersistentAuthenticationProvider
instanceKlass org/tmatesoft/svn/core/internal/wc/DefaultSVNAuthenticationManager$1
instanceKlass org/tmatesoft/svn/core/internal/wc/DefaultSVNAuthenticationManager$CacheAuthenticationProvider
instanceKlass org/tmatesoft/svn/core/internal/wc/DefaultSVNAuthenticationManager$DumbAuthenticationProvider
instanceKlass javax/net/ssl/TrustManager
instanceKlass org/tmatesoft/svn/core/auth/ISVNProxyManager
instanceKlass org/tmatesoft/svn/core/internal/wc/ISVNAuthenticationStorageOptions
instanceKlass org/tmatesoft/svn/core/auth/ISVNAuthenticationProvider
instanceKlass org/tmatesoft/svn/core/internal/wc/ISVNHostOptionsProvider
instanceKlass org/tmatesoft/svn/core/internal/wc/ISVNAuthenticationStorage
instanceKlass org/tmatesoft/svn/core/auth/SVNAuthentication
instanceKlass org/tmatesoft/svn/core/internal/wc/DefaultSVNAuthenticationManager
instanceKlass org/tmatesoft/svn/core/auth/ISVNSSHHostVerifier
instanceKlass org/tmatesoft/svn/core/internal/wc/ISVNSSLPasspharsePromptSupport
instanceKlass org/tmatesoft/svn/core/internal/wc/SVNCompositeConfigFile
instanceKlass org/tmatesoft/svn/core/internal/wc/SVNConfigFile
instanceKlass org/tmatesoft/svn/core/wc/ISVNMerger
instanceKlass org/tmatesoft/svn/core/internal/wc/DefaultSVNOptions
instanceKlass org/tmatesoft/svn/core/wc/ISVNMergerFactory
instanceKlass com/sun/jna/Structure$ByReference
instanceKlass com/sun/jna/Function$PostCallRead
instanceKlass java/lang/reflect/AnnotatedType
instanceKlass com/sun/jna/Library$Handler$FunctionInfo
instanceKlass com/sun/jna/WeakIdentityHashMap
instanceKlass sun/awt/image/OffScreenImageSource
instanceKlass com/sun/jna/Structure$StructField
instanceKlass com/sun/jna/Structure$LayoutInfo
instanceKlass com/sun/java/swing/plaf/windows/WindowsButtonUI$1
instanceKlass com/sun/jna/NativeMappedConverter
instanceKlass com/sun/jna/TypeConverter
instanceKlass java/awt/geom/RoundRectIterator
instanceKlass sun/java2d/pipe/ShapeSpanIterator
instanceKlass sun/awt/geom/PathConsumer2D
instanceKlass sun/java2d/pipe/SpanIterator
instanceKlass java/awt/PointerInfo
instanceKlass sun/awt/DefaultMouseInfoPeer
instanceKlass java/awt/peer/MouseInfoPeer
instanceKlass java/lang/reflect/Proxy$1
instanceKlass com/sun/jna/FunctionMapper
instanceKlass com/sun/jna/NativeLibrary
instanceKlass com/sun/jna/Library$Handler
instanceKlass com/sun/jna/Native$7
instanceKlass com/sun/jna/Native$2
instanceKlass com/sun/jna/Structure$FFIType$FFITypes
instanceKlass com/sun/jna/Native$ffi_callback
instanceKlass com/sun/jna/PointerType
instanceKlass com/sun/jna/NativeMapped
instanceKlass com/sun/jna/WString
instanceKlass com/sun/jna/CallbackProxy
instanceKlass com/sun/jna/Callback
instanceKlass com/sun/jna/Structure$ByValue
instanceKlass com/sun/jna/FromNativeContext
instanceKlass com/sun/jna/FromNativeConverter
instanceKlass com/sun/jna/ToNativeConverter
instanceKlass com/sun/jna/ToNativeContext
instanceKlass com/sun/jna/Structure
instanceKlass com/sun/jna/Pointer
instanceKlass org/cef/browser/CefBrowserWr$2$1
instanceKlass com/sun/jna/Platform
instanceKlass com/sun/jna/Native$5
instanceKlass com/sun/jna/Native$1
instanceKlass com/sun/jna/Callback$UncaughtExceptionHandler
instanceKlass com/sun/jna/Native
instanceKlass com/sun/jna/Version
instanceKlass org/tmatesoft/svn/core/internal/util/jna/ISVNMacOsCFLibrary
instanceKlass org/tmatesoft/svn/core/internal/util/jna/ISVNMacOsSecurityLibrary
instanceKlass org/tmatesoft/svn/core/internal/util/jna/ISVNGLibrary
instanceKlass org/tmatesoft/svn/core/internal/util/jna/ISVNGnomeKeyringLibrary
instanceKlass org/tmatesoft/svn/core/internal/util/jna/ISVNCLibrary
instanceKlass org/tmatesoft/svn/core/internal/util/jna/ISVNWin32Library
instanceKlass org/tmatesoft/svn/core/internal/util/jna/ISVNSecurityLibrary
instanceKlass org/tmatesoft/svn/core/internal/util/jna/ISVNKernel32Library
instanceKlass org/tmatesoft/svn/core/internal/util/jna/ISVNWinCryptLibrary
instanceKlass com/sun/jna/win32/StdCallLibrary
instanceKlass com/sun/jna/win32/StdCall
instanceKlass com/sun/jna/AltCallingConvention
instanceKlass org/tmatesoft/svn/core/internal/util/jna/JNALibraryLoader
instanceKlass org/tmatesoft/svn/core/internal/util/jna/SVNWin32Util
instanceKlass org/tmatesoft/svn/util/SVNLogType
instanceKlass com/sun/jna/Library
instanceKlass org/tmatesoft/svn/core/internal/util/jna/SVNJNAUtil
instanceKlass org/tmatesoft/svn/core/auth/ISVNAuthenticationManager
instanceKlass org/tmatesoft/svn/core/wc/SVNWCUtil
instanceKlass org/tmatesoft/svn/core/wc/ISVNOptions
instanceKlass org/tmatesoft/svn/core/io/ISVNTunnelProvider
instanceKlass com/mathworks/cmlink/implementations/svnkitintegration/ClientManagerContainer$AuthenticatingClientManager
instanceKlass com/mathworks/cmlink/implementations/svnkitintegration/ClientManagerContainer
instanceKlass com/mathworks/cmlink/implementations/svnkitintegration/SVNKitCanceller
instanceKlass org/tmatesoft/svn/core/internal/io/dav/http/IHTTPConnection
instanceKlass org/tmatesoft/svn/core/internal/io/dav/http/IHTTPConnectionFactory$1
instanceKlass org/tmatesoft/svn/core/internal/io/dav/http/IHTTPConnectionFactory
instanceKlass org/tmatesoft/svn/core/internal/io/svn/ISVNConnector
instanceKlass org/tmatesoft/svn/core/internal/io/svn/ISVNConnectorFactory$1
instanceKlass org/tmatesoft/svn/core/internal/io/svn/ISVNConnectorFactory
instanceKlass org/tmatesoft/svn/core/internal/util/SVNHashMap$TableEntry
instanceKlass org/tmatesoft/svn/core/internal/util/SVNHashMap
instanceKlass com/mathworks/widgets/grouptable/GroupingTablePopulator$1
instanceKlass com/mathworks/util/TypeFilter$1
instanceKlass org/tmatesoft/svn/core/io/ISVNReporter
instanceKlass sun/awt/geom/Edge
instanceKlass sun/awt/geom/ChainEnd
instanceKlass sun/awt/geom/CurveLink
instanceKlass sun/awt/geom/AreaOp$1
instanceKlass sun/awt/geom/AreaOp
instanceKlass org/tmatesoft/svn/core/io/SVNRepository
instanceKlass sun/awt/geom/Curve
instanceKlass java/awt/geom/Area
instanceKlass org/tmatesoft/svn/core/io/SVNRepositoryFactory
instanceKlass com/mathworks/cmlink/implementations/svnkitintegration/NoUpgradeSVNAdminFactorySelector
instanceKlass com/jidesoft/grid/HasFocusCellRenderer
instanceKlass com/mathworks/widgets/grouptable/GroupingTablePopulator$RowLoadRequest
instanceKlass com/mathworks/util/TypeFilter$TargetedRequest
instanceKlass com/jidesoft/swing/NavigationComponent
instanceKlass org/tmatesoft/svn/core/internal/wc/admin/SVNAdminArea
instanceKlass com/mathworks/widgets/grouptable/GroupingTableUIDelegate$Cell
instanceKlass com/jidesoft/grid/HeaderStyleModel
instanceKlass java/time/Instant
instanceKlass java/time/temporal/TemporalAdjuster
instanceKlass java/time/temporal/Temporal
instanceKlass java/nio/file/FileVisitor
instanceKlass java/nio/file/FileStore
instanceKlass java/nio/file/attribute/UserPrincipal
instanceKlass java/awt/GradientPaintContext
instanceKlass org/tmatesoft/svn/core/internal/wc/SVNFileUtil
instanceKlass java/awt/PrintGraphics
instanceKlass java/awt/print/PrinterGraphics
instanceKlass org/tmatesoft/svn/core/internal/wc/SVNClassLoader
instanceKlass sun/swing/ImageCache$Entry
instanceKlass com/sun/java/swing/plaf/windows/AnimationController$PartUIClientPropertyKey
instanceKlass com/sun/java/swing/plaf/windows/AnimationController
instanceKlass org/tmatesoft/svn/core/internal/wc/admin/SVNAdminAreaFactory$DefaultSelector
instanceKlass org/tmatesoft/svn/core/internal/wc/admin/SVNAdminAreaFactory
instanceKlass org/tmatesoft/svn/util/SVNDebugLog
instanceKlass java/awt/geom/RectIterator
instanceKlass java/awt/geom/PathIterator
instanceKlass com/mathworks/mwswing/GraphicsUtils
instanceKlass sun/java2d/opengl/OGLGraphicsConfig
instanceKlass sun/java2d/pipe/hw/AccelGraphicsConfig
instanceKlass sun/java2d/pipe/hw/BufferedContextProvider
instanceKlass sun/awt/SunGraphicsCallback
instanceKlass javax/swing/RepaintManager$4
instanceKlass org/tmatesoft/svn/util/SVNDebugLogAdapter
instanceKlass javax/swing/RepaintManager$2$1
instanceKlass com/mathworks/toolbox/cmlinkutils/preferences/BooleanMapUtil
instanceKlass org/tmatesoft/svn/util/ISVNDebugLog
instanceKlass javax/swing/RepaintManager$3
instanceKlass com/mathworks/cmlink/implementations/svnkitintegration/logging/SVNKitLogFactory
instanceKlass com/mathworks/cmlink/api/CMAdapter
instanceKlass org/tmatesoft/svn/core/internal/wc/admin/ISVNAdminAreaFactorySelector
instanceKlass com/mathworks/cmlink/api/CMRepository
instanceKlass com/mathworks/cmlink/api/CMInteractor
instanceKlass com/mathworks/cmlink/implementations/svnkitintegration/SVNKitAdapterFactory
instanceKlass com/mathworks/cmlink/api/CMAdapterFactory
instanceKlass com/mathworks/cmlink/util/internalapi/InternalCMRepository
instanceKlass com/mathworks/cmlink/util/internalapi/WithID
instanceKlass com/mathworks/cmlink/util/internalapi/Prioritized
instanceKlass com/mathworks/cmlink/implementations/svnkitintegration/Cancellable
instanceKlass org/tmatesoft/svn/core/ISVNCanceller
instanceKlass com/mathworks/cmlink/implementations/svnkitintegration/BuiltInSVNAdapterFactory
instanceKlass com/mathworks/cmlink/util/adapter/wrappers/r11b/R11bToInternalCMAdapterFactoryConverter
instanceKlass com/mathworks/cmlink/util/adapter/wrappers/r14a/R14aToInternalCMAdapterFactoryConverter
instanceKlass com/mathworks/cmlink/util/adapter/wrappers/r16b/R16bToInternalCMAdapterFactoryConverter
instanceKlass com/mathworks/cmlink/util/adapter/wrappers/InternalCMAdapterFactoryConverter
instanceKlass com/mathworks/cmlink/management/registration/OsgiCMAdapterFactoryList
instanceKlass com/mathworks/cmlink/management/registration/CMAdapterFactoryList
instanceKlass com/mathworks/cmlink/management/registration/SingletonCMAdapterFactoryList
instanceKlass com/mathworks/cmlink/management/pool/shared/aggregators/AggregatingTerminator$1
instanceKlass com/mathworks/cmlink/management/pool/shared/CMMonitorDispatcher
instanceKlass com/mathworks/cmlink/management/pool/shared/aggregators/AggregatingExceptionHandler
instanceKlass com/mathworks/cmlink/management/pool/shared/aggregators/AggregatingStatusBroadcaster
instanceKlass com/mathworks/util/collections/CopyOnWriteList
instanceKlass com/mathworks/cmlink/management/pool/shared/aggregators/AggregatingProgressIndicator
instanceKlass com/mathworks/cmlink/management/pool/shared/SharedInteractor
instanceKlass com/mathworks/cmlink/api/TerminationListener
instanceKlass com/mathworks/cmlink/management/pool/shared/CMProcessTerminator
instanceKlass com/mathworks/cmlink/management/pool/AutoRefreshedRecord
instanceKlass com/mathworks/toolbox/matlab/matlabwindowjava/CEFWebComponent$BrowserLoader$2
instanceKlass com/mathworks/cmlink/management/pool/shared/CMStatusCacheExecutor$1
instanceKlass java/util/concurrent/SynchronousQueue$TransferStack$SNode
instanceKlass java/util/concurrent/SynchronousQueue$Transferer
instanceKlass com/mathworks/toolbox/shared/computils/threads/CountingThreadFactory
instanceKlass com/mathworks/toolbox/shared/computils/threads/WrappingExecutorService
instanceKlass com/mathworks/cmlink/management/pool/shared/CMStatusCacheExecutor
instanceKlass com/mathworks/toolbox/cmlinkutils/preferences/PreferenceManager
instanceKlass com/mathworks/cmlink/management/cache/CmStatusCache
instanceKlass com/mathworks/cmlink/management/cache/CmStatusCacheQueries
instanceKlass com/mathworks/cmlink/management/cache/RootSearchingCmStatusCacheFactory
instanceKlass com/mathworks/cmlink/management/pool/adapter/PrefBackedAdapterFactoryProvider
instanceKlass com/mathworks/mwswing/MJScrollPane$1
instanceKlass com/mathworks/cmlink/util/adapter/transformer/MutableTransformableCMAdapterFactoryProvider$NullAdapterTransformer
instanceKlass com/mathworks/cmlink/util/adapter/transformer/AdapterTransformer
instanceKlass com/mathworks/cmlink/util/adapter/CMAdapterFactoryProviderDecorator
instanceKlass com/mathworks/cmlink/management/pool/PooledCmStatusCacheEntry
instanceKlass com/mathworks/cmlink/management/pool/PooledCmStatusCacheProvider
instanceKlass com/mathworks/cmlink/util/adapter/CMAdapterFactoryProvider
instanceKlass com/mathworks/cmlink/management/pool/CmStatusCacheProvider
instanceKlass com/mathworks/cmlink/management/pool/shared/SingletonPooledCmStatusCacheProvider
instanceKlass com/mathworks/mlwidgets/explorer/model/table/PathAffordance$4
instanceKlass com/mathworks/mlwidgets/explorer/model/table/PathAffordance$5
instanceKlass com/mathworks/mlwidgets/explorer/model/table/PathAffordance$3
instanceKlass com/mathworks/mlwidgets/explorer/model/table/PathAffordance$GrayedOutStyle
instanceKlass com/mathworks/mde/explorer/Explorer$PathAffordanceAdapter$1$1
instanceKlass com/mathworks/widgets/grouptable/ColorStyle
instanceKlass com/mathworks/mlwidgets/explorer/model/table/PathAffordance
instanceKlass sun/text/normalizer/ReplaceableString
instanceKlass sun/text/normalizer/Replaceable
instanceKlass sun/text/normalizer/UCharacterIterator
instanceKlass sun/text/normalizer/NormalizerBase$QuickCheckResult
instanceKlass sun/text/normalizer/NormalizerBase
instanceKlass sun/text/normalizer/NormalizerBase$Mode
instanceKlass sun/text/CollatorUtilities
instanceKlass java/text/CollationElementIterator
instanceKlass sun/text/normalizer/UTF16
instanceKlass sun/text/ComposedCharIter
instanceKlass java/text/EntryPair
instanceKlass java/text/PatternEntry
instanceKlass java/text/PatternEntry$Parser
instanceKlass java/text/MergeCollation
instanceKlass sun/text/normalizer/NormalizerImpl$DecomposeArgs
instanceKlass sun/text/normalizer/UnicodeSet
instanceKlass sun/text/normalizer/UnicodeMatcher
instanceKlass sun/text/normalizer/CharTrie$FriendAgent
instanceKlass sun/text/normalizer/Trie
instanceKlass sun/text/normalizer/NormalizerImpl$AuxTrieImpl
instanceKlass sun/text/normalizer/NormalizerImpl$NormTrieImpl
instanceKlass sun/text/normalizer/NormalizerImpl$FCDTrieImpl
instanceKlass sun/text/normalizer/Trie$DataManipulate
instanceKlass sun/text/normalizer/ICUBinary
instanceKlass sun/text/normalizer/NormalizerDataReader
instanceKlass sun/text/normalizer/ICUBinary$Authenticate
instanceKlass sun/text/normalizer/ICUData
instanceKlass sun/text/normalizer/NormalizerImpl
instanceKlass sun/text/UCompactIntArray
instanceKlass sun/text/IntHashtable
instanceKlass java/text/RBCollationTables$BuildAPI
instanceKlass java/text/RBTableBuilder
instanceKlass java/text/RBCollationTables
instanceKlass java/text/Collator
instanceKlass com/mathworks/fileutils/UIFileUtils$NameTokenizer
instanceKlass com/mathworks/fileutils/UIFileUtils
instanceKlass com/mathworks/widgets/grouptable/GroupingTableRow$1
instanceKlass com/mathworks/widgets/grouptable/GroupingTableTransaction$2
instanceKlass com/mathworks/widgets/grouptable/RowComparator
instanceKlass com/mathworks/widgets/grouptable/OldAscendingSortComparator
instanceKlass com/mathworks/widgets/grouptable/AscendingSortComparator
instanceKlass com/mathworks/mlwidgets/explorer/model/editorfs/EditorFileSystem$1$1
instanceKlass com/mathworks/jmi/AWTUtilities$WatchedRunnable
instanceKlass com/mathworks/jmi/AWTUtilities$WatchDog
instanceKlass com/mathworks/jmi/AWTUtilities$Latch
instanceKlass com/mathworks/jmi/AWTUtilities$Synchronizer
instanceKlass com/mathworks/jmi/AWTUtilities
instanceKlass com/mathworks/mde/editor/MatlabEditorApplication$3
instanceKlass com/mathworks/mde/editor/codepad/CodepadActionManager$1
instanceKlass com/mathworks/mde/editor/codepad/CodepadAction
instanceKlass com/mathworks/mde/editor/codepad/CodepadActionManager
instanceKlass com/mathworks/pathdataservice/PathDataService$5
instanceKlass java/awt/EventQueue$4
instanceKlass com/mathworks/mlwidgets/shortcuts/ShortcutsToolstripTabFactory$1
instanceKlass com/mathworks/mlwidgets/shortcuts/ShortcutsToolstripTabFactory
instanceKlass com/mathworks/mlwidgets/favoritecommands/FavoriteCommands$FavoriteActionsProvider
instanceKlass com/mathworks/mlwidgets/favoritecommands/FavoriteCommands$CategoryActionsProvider
instanceKlass com/mathworks/mde/cmdhist/AltHistory$17$1
instanceKlass com/mathworks/toolstrip/components/gallery/view/GalleryPopupListenerShower
instanceKlass com/mathworks/mlwidgets/favoritecommands/FavoriteCommands$FavoriteMenuContributor
instanceKlass com/mathworks/widgets/text/STPViewModificationInterface
instanceKlass com/mathworks/matlab/api/debug/ViewProviderKey
instanceKlass com/mathworks/mlwidgets/favoritecommands/FavoriteCommandToolSet$FavoriteToolTipContentProvider
instanceKlass com/mathworks/toolstrip/factory/TSRegistry$1
instanceKlass com/mathworks/mde/desk/MLDesktop$7
instanceKlass com/mathworks/mde/desk/MLDesktop$9
instanceKlass com/mathworks/mde/desk/MLDesktop$6
instanceKlass com/mathworks/toolstrip/factory/ContextTargetingManager$RestoreData
instanceKlass com/mathworks/mde/liveeditor/LiveEditorTabManager$1
instanceKlass javax/swing/SwingHeavyWeight
instanceKlass java/awt/SequencedEvent$1
instanceKlass sun/awt/AWTAccessor$SequencedEventAccessor
instanceKlass java/awt/SplashScreen
instanceKlass java/awt/GridBagLayoutInfo
instanceKlass javax/swing/JTable$5
instanceKlass com/jidesoft/swing/StyledLabelBuilder
instanceKlass com/jidesoft/grid/HeaderLineWrapModel
instanceKlass com/mathworks/mde/explorer/Explorer$19
instanceKlass sun/awt/GlobalCursorManager$NativeUpdater
instanceKlass sun/awt/GlobalCursorManager
instanceKlass com/mathworks/toolstrip/impl/ToolstripSectionComponentWithHeader$1
instanceKlass com/mathworks/toolstrip/plaf/SplitButtonUI$Layout
instanceKlass com/mathworks/toolstrip/plaf/ToolstripTabLayout$1
instanceKlass com/google/common/collect/PeekingIterator
instanceKlass com/google/common/collect/Iterators
instanceKlass com/mathworks/toolstrip/plaf/ToolstripTabLayout$Section
instanceKlass com/mathworks/toolstrip/plaf/ToolstripHeaderUI$HeaderLayout$Sizes
instanceKlass javax/swing/SizeRequirements
instanceKlass com/mathworks/jmi/NativeWindows
instanceKlass com/sun/java/swing/plaf/windows/WindowsMenuItemUI$1
instanceKlass java/awt/BufferCapabilities
instanceKlass java/awt/AttributeValue
instanceKlass com/mathworks/storage/matlabdrivedesktop/PackageLogger
instanceKlass com/mathworks/storage/matlabdrivedesktop/TripwireEnabler
instanceKlass javax/swing/JTable$AccessibleJTable$AccessibleJTableModelChange
instanceKlass javax/accessibility/AccessibleTableModelChange
instanceKlass sun/util/locale/InternalLocaleBuilder$CaseInsensitiveChar
instanceKlass sun/util/locale/InternalLocaleBuilder
instanceKlass sun/util/locale/StringTokenIterator
instanceKlass sun/util/locale/ParseStatus
instanceKlass sun/awt/im/InputMethodAdapter
instanceKlass java/awt/im/spi/InputMethod
instanceKlass java/awt/im/spi/InputMethodContext
instanceKlass java/awt/im/InputMethodRequests
instanceKlass java/awt/im/InputContext
instanceKlass com/jidesoft/grid/JideTable$t_
instanceKlass com/mathworks/toolstrip/plaf/ToolstripHeaderUI$2
instanceKlass com/mathworks/toolstrip/plaf/ToolstripHeaderUI$MyFocusListener
instanceKlass com/mathworks/toolstrip/plaf/ToolstripHeaderUI$MyMouseListener
instanceKlass com/mathworks/toolstrip/plaf/ToolstripHeaderUI$MyKeyListener
instanceKlass com/mathworks/desktop/mnemonics/MnemonicsManagerImpl$RootProvider
instanceKlass com/mathworks/util/event/EventUtils
instanceKlass com/mathworks/util/event/AbstractInputEventsDispatcher$1
instanceKlass com/mathworks/desktop/mnemonics/MnemonicsManagerImpl$MnemonicEventListener
instanceKlass com/google/common/collect/Sets
instanceKlass com/mathworks/desktop/mnemonics/MnemonicsManagers$DefaultFactory$1
instanceKlass java/awt/event/MouseEvent$1
instanceKlass sun/awt/AWTAccessor$MouseEventAccessor
instanceKlass com/mathworks/util/event/AbstractInputEventsDispatcher
instanceKlass com/mathworks/desktop/mnemonics/MnemonicsManagerImpl$Collector
instanceKlass com/mathworks/util/async/Callback
instanceKlass com/mathworks/desktop/mnemonics/MnemonicsManagerImpl
instanceKlass com/mathworks/desktop/mnemonics/MnemonicsManager
instanceKlass com/mathworks/desktop/mnemonics/MnemonicsManagers$KeyboardFocusProvider
instanceKlass com/mathworks/desktop/mnemonics/MnemonicsManagers$DefaultFactory
instanceKlass com/mathworks/desktop/mnemonics/MnemonicsManagers$MnemonicsManagerFactory
instanceKlass com/mathworks/desktop/mnemonics/MnemonicsManagers
instanceKlass sun/awt/NullComponentPeer
instanceKlass java/awt/peer/LightweightPeer
instanceKlass sun/awt/im/ExecutableInputMethodManager$3
instanceKlass sun/awt/im/InputMethodLocator
instanceKlass sun/awt/windows/WInputMethodDescriptor
instanceKlass java/awt/im/spi/InputMethodDescriptor
instanceKlass sun/awt/im/InputMethodManager
instanceKlass sun/awt/FontConfiguration$2
instanceKlass sun/awt/NativeLibLoader$1
instanceKlass sun/awt/NativeLibLoader
instanceKlass sun/awt/PlatformFont
instanceKlass java/awt/peer/FontPeer
instanceKlass sun/awt/windows/WColor
instanceKlass sun/java2d/StateTracker$2
instanceKlass sun/java2d/StateTracker$1
instanceKlass sun/java2d/StateTracker
instanceKlass sun/java2d/SurfaceDataProxy
instanceKlass sun/awt/image/SurfaceManager$FlushableCacheData
instanceKlass sun/java2d/windows/GDIRenderer
instanceKlass sun/java2d/ScreenUpdateManager
instanceKlass javax/swing/RepaintManager$2
instanceKlass sun/awt/windows/WComponentPeer$2
instanceKlass sun/awt/im/InputMethodWindow
instanceKlass sun/awt/ExtendedKeyCodes
instanceKlass sun/awt/RepaintArea
instanceKlass sun/awt/windows/WWindowPeer$GuiDisposedListener
instanceKlass sun/awt/windows/WWindowPeer$ActiveWindowListener
instanceKlass java/awt/peer/CanvasPeer
instanceKlass java/awt/peer/PanelPeer
instanceKlass java/awt/peer/FramePeer
instanceKlass java/awt/peer/WindowPeer
instanceKlass java/awt/peer/ContainerPeer
instanceKlass com/mathworks/ddux/UIEventLog
instanceKlass com/mathworks/mde/desk/DDUXLoggerBridge
instanceKlass com/mathworks/mwswing/UIEventLogger$Implementation
instanceKlass com/mathworks/peermodel/PeerNodeVisitor$Cancellable
instanceKlass com/mathworks/peermodel/impl/PeerNodeImpl
instanceKlass com/mathworks/peermodel/PeerNodeSyncable
instanceKlass java/rmi/MarshalledObject
instanceKlass java/rmi/Remote
instanceKlass sun/awt/datatransfer/DataTransferer$RMI
instanceKlass com/mathworks/mwswing/WeakPropertyChangeCoupler$1$1
instanceKlass com/mathworks/mde/liveeditor/widget/rtc/DocumentEvent
instanceKlass com/mathworks/mde/liveeditor/widget/rtc/DocumentEventSupport$2$1
instanceKlass com/mathworks/mde/liveeditor/LiveEditorTabManager$9
instanceKlass com/mathworks/mde/editor/plugins/matlab/RunMenuInfoCache$1
instanceKlass com/mathworks/mde/editor/plugins/matlab/RunMenuInfoCache
instanceKlass com/mathworks/mde/liveeditor/LiveEditorTabManager$10
instanceKlass com/mathworks/mde/liveeditor/LiveEditorTabManager$7
instanceKlass com/mathworks/mde/liveeditor/widget/rtc/DragAndDropService$1$1
instanceKlass com/mathworks/mde/liveeditor/widget/rtc/DragAndDropService$1
instanceKlass com/mathworks/mde/liveeditor/widget/rtc/DragAndDropService
instanceKlass com/mathworks/mde/liveeditor/widget/rtc/ContextMenuService$1$1
instanceKlass com/mathworks/mde/liveeditor/widget/rtc/ContextMenuService$1
instanceKlass com/mathworks/mde/liveeditor/widget/rtc/ImageService$1$1
instanceKlass com/mathworks/mde/liveeditor/widget/rtc/ImageService$1
instanceKlass com/mathworks/mde/liveeditor/widget/rtc/ImageService
instanceKlass com/mathworks/mde/liveeditor/LiveEditorClearNavigationData
instanceKlass com/mathworks/mde/liveeditor/LiveEditorBackupDelete$BackupDeletePrefListener
instanceKlass com/mathworks/mde/liveeditor/LiveEditorBackupDelete$2
instanceKlass com/mathworks/mde/liveeditor/LiveEditorBackupDelete
instanceKlass com/mathworks/mde/liveeditor/LiveEditorColorsManager$LiveEditorPrefsListener
instanceKlass com/google/gson/internal/bind/TypeAdapters$34
instanceKlass com/google/gson/internal/bind/TreeTypeAdapter$GsonContextImpl
instanceKlass com/mathworks/connector/json/OpaqueMessage
instanceKlass com/mathworks/matlabserver/workercommon/client/impl/ClientServiceRegistryFacadeImpl
instanceKlass com/mathworks/mde/liveeditor/LiveEditorColorsManager
instanceKlass com/mathworks/mde/liveeditor/LiveEditorApplication$7
instanceKlass com/mathworks/mde/liveeditor/LiveEditorClient$40
instanceKlass com/mathworks/mde/liveeditor/LiveEditorClient$38
instanceKlass com/mathworks/mde/liveeditor/LiveEditorClient$37
instanceKlass com/mathworks/mde/liveeditor/LiveEditorClient$36
instanceKlass com/mathworks/mde/liveeditor/LiveEditorClient$35
instanceKlass com/mathworks/mde/liveeditor/LiveEditorClient$34
instanceKlass com/mathworks/mde/liveeditor/LiveEditorClient$33
instanceKlass com/mathworks/mde/liveeditor/LiveEditorClient$32
instanceKlass com/mathworks/mde/liveeditor/LiveEditorClient$31
instanceKlass com/mathworks/mde/liveeditor/LiveEditorClient$30
instanceKlass com/mathworks/mde/liveeditor/LiveEditorClient$29
instanceKlass com/mathworks/mde/liveeditor/LiveEditorClient$28
instanceKlass com/mathworks/mlwidgets/explorer/model/actions/ActionPredicates$33
instanceKlass com/mathworks/mlwidgets/explorer/model/actions/DefaultActionInput
instanceKlass com/mathworks/mlwidgets/explorer/extensions/basic/CoreActionProvider
instanceKlass com/mathworks/mde/liveeditor/client/DocumentTabActionProvider
instanceKlass com/mathworks/mde/liveeditor/client/PathActionInputSource
instanceKlass com/mathworks/mde/liveeditor/LiveEditorJavaActions$2
instanceKlass com/mathworks/mde/liveeditor/LiveEditorJavaActions$1
instanceKlass com/mathworks/mde/liveeditor/LiveEditorJavaActions
instanceKlass com/mathworks/mde/editor/plugins/editordataservice/CustomKeyboardShortcutsFeature$1
instanceKlass com/mathworks/services/editordataservice/EditorFeature$FeatureResponse
instanceKlass com/mathworks/services/editordataservice/EditorFeature
instanceKlass com/mathworks/mde/liveeditor/LiveEditorClient$ActionIdsRequest
instanceKlass com/mathworks/mde/liveeditor/LiveEditorClient$5
instanceKlass com/mathworks/mde/liveeditor/LiveEditorClient$6
instanceKlass com/mathworks/mde/liveeditor/LiveEditorClient$7
instanceKlass com/mathworks/mde/liveeditor/LiveEditorClient$9
instanceKlass com/mathworks/mwswing/MJCheckBox$ActionPropertyHandler
instanceKlass com/mathworks/mwswing/MJToggleButton$ActionPropertyHandler
instanceKlass com/mathworks/mde/editor/codepad/PublishMenu$2$1
instanceKlass com/mathworks/mde/liveeditor/LiveEditorToolSetFactory$8$1
instanceKlass com/mathworks/system/editor/toolstrip/SystemLiveEditorToolstripTabContributor$Listeners$3
instanceKlass com/mathworks/system/editor/toolstrip/SystemLiveEditorToolstripTabContributor$Listeners$2
instanceKlass com/mathworks/system/editor/toolstrip/SystemLiveEditorToolstripTabContributor$Listeners$1
instanceKlass com/mathworks/system/editor/toolstrip/SystemLiveEditorToolstripTabContributor$Listeners
instanceKlass com/mathworks/system/editor/toolstrip/CommandSender$AnalyzeCodeCallback
instanceKlass com/mathworks/system/editor/toolstrip/CommandSender$OnUpdateCallback
instanceKlass com/mathworks/system/editor/toolstrip/ToolstripControllerImpl
instanceKlass com/mathworks/system/editor/toolstrip/ToolSetController
instanceKlass com/mathworks/system/editor/toolstrip/Simulink
instanceKlass com/mathworks/system/editor/toolstrip/ToolSet$1
instanceKlass com/mathworks/system/editor/toolstrip/SystemObjectAPI$MethodsGalleryCallback
instanceKlass com/mathworks/system/editor/toolstrip/MethodCategory
instanceKlass com/mathworks/system/editor/toolstrip/MethodInfo
instanceKlass com/mathworks/system/editor/toolstrip/SystemObjectAPI
instanceKlass com/mathworks/system/editor/toolstrip/ToolstripState
instanceKlass com/mathworks/system/editor/toolstrip/UnifiedEditor
instanceKlass java/lang/invoke/LambdaForm$MH
instanceKlass com/mathworks/toolbox/matlab/testframework/ui/toolstrip/TestsLiveEditorToolstripContributor$$Lambda$41
instanceKlass java/lang/invoke/LambdaForm$DMH
instanceKlass com/mathworks/toolbox/matlab/testframework/ui/toolstrip/LiveEditorLiaison
instanceKlass com/mathworks/toolbox/matlab/testframework/ui/toolstrip/TestToolstripStateImpl
instanceKlass com/mathworks/mde/liveeditor/LiveEditorToolstripUtils$1
instanceKlass com/mathworks/system/editor/toolstrip/LiveToolstripListeners
instanceKlass com/mathworks/system/editor/toolstrip/SystemLiveEditorToolstripTabContributor$ComponentFactory
instanceKlass com/mathworks/system/editor/toolstrip/LiveToolstripComponentFactory
instanceKlass com/mathworks/system/editor/toolstrip/SystemLiveEditorToolstripTabContributor
instanceKlass com/mathworks/toolbox/matlab/testframework/ui/toolstrip/EditTestsKeyBinder
instanceKlass com/mathworks/toolbox/matlab/testframework/ui/toolstrip/TestsLiveEditorToolstripContributor
instanceKlass com/mathworks/mde/liveeditor/LiveEditorToolstripUtils
instanceKlass com/mathworks/mde/liveeditor/LiveEditorRepresentativeImpl
instanceKlass com/mathworks/mde/liveeditor/ToolstripRepresentativeImpl
instanceKlass com/mathworks/mde/liveeditor/LiveEditorViewToolSetFactory$3
instanceKlass com/mathworks/mde/liveeditor/LiveEditorViewToolSetFactory$2
instanceKlass com/mathworks/mde/liveeditor/LiveEditorViewToolSetFactory$LineNumberPrefListener
instanceKlass com/mathworks/mde/liveeditor/LiveEditorViewToolSetFactory$HighlightPrefListener
instanceKlass com/mathworks/widgets/desk/DTToolstripFactory$WindowAction$1
instanceKlass com/mathworks/mde/editor/codepad/PublishMenu$2
instanceKlass com/mathworks/mde/editor/codepad/PublishMenu$4
instanceKlass com/mathworks/mde/editor/codepad/PublishMenu$3
instanceKlass com/mathworks/mde/editor/codepad/PublishMenu
instanceKlass com/mathworks/mde/liveeditor/BrowserHandler$BrowserHandlerPrefListener
instanceKlass com/mathworks/messageservice/MessageNative
instanceKlass com/mathworks/messageservice/MessageWithContext
instanceKlass com/mathworks/mde/liveeditor/LiveEditorToolstripTabFactory$1
instanceKlass com/google/gson/internal/bind/ObjectTypeAdapter$2
instanceKlass com/google/gson/internal/JsonReaderInternalAccess
instanceKlass com/mathworks/mde/liveeditor/TabModel
instanceKlass com/mathworks/mde/editor/EditorToolSetFactory$6
instanceKlass com/mathworks/mde/liveeditor/LiveEditorToolSetFactory$3
instanceKlass com/mathworks/mde/liveeditor/LiveEditorToolSetFactory$5
instanceKlass com/mathworks/mde/editor/EditorToolSetFactory$7
instanceKlass com/mathworks/mde/editor/ProfilerButton$1
instanceKlass com/mathworks/mde/editor/ProfilerButton
instanceKlass com/mathworks/mde/editor/plugins/matlab/ErrorHandlingRunMenu$$Lambda$40
instanceKlass com/mathworks/mde/editor/plugins/matlab/ErrorHandlingRunMenu$$Lambda$39
instanceKlass com/mathworks/toolstrip/factory/TSFactory$ListListenerBridge
instanceKlass com/mathworks/mde/editor/plugins/matlab/RunMenu$15
instanceKlass com/mathworks/widgets/datamodel/StorageLocationUtils
instanceKlass org/netbeans/editor/Syntax$BaseStateInfo
instanceKlass com/mathworks/widgets/text/matlab/MatlabTokenInfo
instanceKlass com/mathworks/util/IntBuffer
instanceKlass com/mathworks/widgets/text/matlab/LexicalBuffer
instanceKlass com/mathworks/widgets/text/matlab/AbstractTokenManager
instanceKlass com/mathworks/widgets/text/matlab/MatlabTokenManager
instanceKlass org/netbeans/editor/Syntax$StateInfo
instanceKlass com/mathworks/widgets/text/matlab/MatlabState
instanceKlass com/mathworks/widgets/text/matlab/LexicalAccumulator
instanceKlass com/mathworks/widgets/text/matlab/MatlabLexer
instanceKlass com/mathworks/widgets/text/mcode/MSyntaxFactory
instanceKlass com/mathworks/widgets/Tokenizer$TokenInfo
instanceKlass org/netbeans/modules/xml/text/syntax/XMLTokenIDs
instanceKlass com/mathworks/widgets/text/xml/XMLSyntaxHighlighting
instanceKlass com/mathworks/widgets/text/cplusplus/CAndCPlusPlusSyntaxHighlighting
instanceKlass org/netbeans/editor/TokenContextPath$ArrayMatcher
instanceKlass org/netbeans/editor/TokenContextPath
instanceKlass org/netbeans/editor/ImageTokenID
instanceKlass org/netbeans/editor/BaseTokenID
instanceKlass org/netbeans/editor/TokenID
instanceKlass org/netbeans/editor/BaseTokenCategory
instanceKlass org/netbeans/editor/TokenCategory
instanceKlass org/netbeans/editor/SettingsNames
instanceKlass com/mathworks/widgets/text/EditorPrefsAccessor
instanceKlass com/mathworks/widgets/text/java/JavaSyntaxHighlighting
instanceKlass com/mathworks/widgets/text/DefaultSyntaxColor
instanceKlass com/mathworks/widgets/text/CommonResources
instanceKlass com/mathworks/matlab/api/editor/SyntaxHighlightingColor
instanceKlass org/netbeans/editor/TokenContext
instanceKlass com/mathworks/widgets/text/mcode/MSyntaxHighlighting
instanceKlass org/netbeans/editor/Syntax
instanceKlass com/mathworks/widgets/TokenizerFactory
instanceKlass java/rmi/server/UID
instanceKlass org/apache/commons/lang/StringEscapeUtils
instanceKlass com/mathworks/mlwidgets/configeditor/data/ConfigurationNameUtils$1
instanceKlass com/mathworks/mlwidgets/configeditor/data/ConfigurationNameUtils$2
instanceKlass com/mathworks/mlwidgets/configeditor/data/ConfigurationNameUtils
instanceKlass com/mathworks/mlwidgets/configeditor/data/ConfigurationManager$2
instanceKlass com/mathworks/widgets/glazedlists/MappedEventList$1
instanceKlass ca/odell/glazedlists/impl/GlazedListsImpl
instanceKlass com/mathworks/mlwidgets/configeditor/data/ConfigurationManager$1
instanceKlass com/mathworks/widgets/glazedlists/MappedEventList
instanceKlass ca/odell/glazedlists/impl/beans/BeanConnector$PropertyChangeHandler
instanceKlass ca/odell/glazedlists/impl/beans/BeanConnector
instanceKlass com/mathworks/mlwidgets/configeditor/plugin/PersistenceUtils
instanceKlass com/mathworks/mlwidgets/configeditor/plugin/ConfigurationPlugin$LoadBundle
instanceKlass java/util/IdentityHashMap$EntryIterator$Entry
instanceKlass com/jidesoft/introspector/BeanIntrospector$LazyValue
instanceKlass com/jidesoft/utils/TypeUtils
instanceKlass org/apache/xerces/dom/NodeListCache
instanceKlass com/jidesoft/grid/EditorStyleSupport
instanceKlass com/jidesoft/grid/EditorContextSupport
instanceKlass com/jidesoft/converter/ConverterContextSupport
instanceKlass com/jidesoft/introspector/BeanIntrospector
instanceKlass com/jidesoft/introspector/Introspector
instanceKlass com/jidesoft/converter/EnumConverter
instanceKlass com/jidesoft/converter/RangeConverter
instanceKlass com/jidesoft/range/AbstractRange
instanceKlass com/jidesoft/range/Range
instanceKlass com/jidesoft/converter/MonthNameConverter
instanceKlass com/jidesoft/converter/MultilineStringConverter
instanceKlass com/jidesoft/converter/FontConverter
instanceKlass com/jidesoft/converter/QuarterNameConverter
instanceKlass com/jidesoft/converter/StringArrayConverter
instanceKlass com/jidesoft/converter/ColorConverter
instanceKlass com/jidesoft/converter/MonthConverter
instanceKlass com/jidesoft/converter/DateConverter
instanceKlass com/jidesoft/converter/FontNameConverter
instanceKlass com/jidesoft/converter/FileConverter
instanceKlass com/jidesoft/converter/BooleanConverter
instanceKlass com/jidesoft/converter/ArrayConverter
instanceKlass com/jidesoft/converter/NumberConverter
instanceKlass com/jidesoft/converter/ObjectConverterManager
instanceKlass com/jidesoft/converter/DefaultObjectConverter
instanceKlass com/jidesoft/converter/ObjectConverter
instanceKlass com/mathworks/mlwidgets/configeditor/ConfigurationJideUtils
instanceKlass com/mathworks/mlwidgets/configeditor/data/PublishOptions
instanceKlass com/mathworks/mlwidgets/configeditor/ConfigurationUtils
instanceKlass com/mathworks/mlwidgets/configeditor/data/AbstractFileConfiguration$Type
instanceKlass com/mathworks/mlwidgets/configeditor/ui/UiSupport
instanceKlass com/mathworks/mlwidgets/configeditor/plugin/ConfigurationPlugin$PersistenceSupport
instanceKlass com/mathworks/mlwidgets/configeditor/plugin/ConfigurationPlugin
instanceKlass com/mathworks/mlwidgets/configeditor/plugin/ConfigurationPluginManager
instanceKlass com/mathworks/mlwidgets/configeditor/plugin/ConfigurationPluginUtils
instanceKlass com/mathworks/mlwidgets/configeditor/data/ConfigurationManager
instanceKlass com/mathworks/mde/editor/plugins/matlab/RunMenuUtils
instanceKlass com/mathworks/mde/editor/plugins/matlab/RunMenu$1
instanceKlass com/mathworks/mde/editor/plugins/matlab/RunMenuItemSelectionManager
instanceKlass com/mathworks/mlwidgets/configeditor/data/ConfigurationSelectionListener
instanceKlass com/mathworks/mde/editor/plugins/matlab/MatlabPluginUtils
instanceKlass com/mathworks/mde/editor/plugins/matlab/RunMenu$2
instanceKlass com/mathworks/mde/liveeditor/LiveEditorToolSetFactory$4
instanceKlass com/mathworks/mlwidgets/configeditor/data/AbstractFileConfiguration
instanceKlass com/mathworks/mde/editor/plugins/matlab/RunMenuItemSelectionManager$SelectableMenuItem
instanceKlass com/mathworks/mde/editor/plugins/matlab/MatlabErrorHandlingOptionsListDecorator
instanceKlass com/mathworks/mde/editor/plugins/matlab/MatlabDebugActions
instanceKlass com/mathworks/mde/liveeditor/LiveEditorToolSetFactory$1
instanceKlass com/mathworks/mde/liveeditor/liveapps/LiveAppsDataModel$4
instanceKlass com/mathworks/mde/liveeditor/liveapps/LiveAppsDataModel$1
instanceKlass com/mathworks/mde/liveeditor/liveapps/LiveAppsDataModel$3
instanceKlass com/mathworks/mde/liveeditor/liveapps/LiveAppsDataModel$2
instanceKlass com/mathworks/mde/liveeditor/liveapps/LiveAppsDataModel
instanceKlass com/mathworks/mde/liveeditor/liveapps/LiveAppsDataModelFactory
instanceKlass com/mathworks/mde/liveeditor/LiveEditorToolSetFactory$6
instanceKlass com/mathworks/mde/liveeditor/LiveEditorToolSetFactory$8
instanceKlass com/mathworks/mde/editor/gotomenu/AbstractGoToMenu$2
instanceKlass com/mathworks/mde/liveeditor/LiveEditorPopupAction$Callback
instanceKlass com/mathworks/mde/editor/gotomenu/AbstractGoToMenu
instanceKlass com/mathworks/mde/liveeditor/LiveEditorToolSetFactory$10
instanceKlass com/mathworks/mde/liveeditor/LiveEditorToolSetFactory$9
instanceKlass com/mathworks/mde/liveeditor/LiveEditorToolSetFactory$11
instanceKlass com/mathworks/mde/liveeditor/ContextualToolstripTabManager$2
instanceKlass com/mathworks/mde/liveeditor/ContextualToolstripTabManager$1
instanceKlass com/mathworks/mde/liveeditor/ContextualToolstripTabManager
instanceKlass com/mathworks/mde/liveeditor/ToolstripStateChangeListener
instanceKlass com/mathworks/mde/liveeditor/figure/FigureIdentifiers
instanceKlass com/mathworks/mde/liveeditor/ToolstripRepresentative
instanceKlass com/mathworks/mde/liveeditor/LiveEditorRepresentative
instanceKlass com/mathworks/mde/liveeditor/LiveEditorToolstripTabFactory
instanceKlass com/mathworks/mde/editor/plugins/matlab/RunMenuUnhandledException
instanceKlass com/mathworks/mde/editor/debug/EditorToolstripRefreshManager$1
instanceKlass com/mathworks/mde/editor/EditorStartup$1
instanceKlass com/mathworks/util/FileSystemNotifier$1
instanceKlass com/mathworks/util/FileSystemNotifier
instanceKlass com/mathworks/util/FileSystemUtils
instanceKlass com/mathworks/util/FileSystemAdapter
instanceKlass com/mathworks/mde/editor/EditorStartup
instanceKlass com/mathworks/mde/editor/debug/EditorToolstripRefreshManager$DebuggerPushPopListener
instanceKlass com/mathworks/mde/editor/debug/EditorToolstripRefreshManager$BusyIdleListener
instanceKlass com/mathworks/mde/editor/debug/EditorToolstripRefreshManager
instanceKlass com/mathworks/mde/editor/EditorToolstripHoverNotifier$1
instanceKlass com/mathworks/mde/editor/EditorToolstripHoverManager$SSingletonHolder
instanceKlass com/mathworks/mde/editor/EditorToolstripHoverManager
instanceKlass com/mathworks/mde/editor/EditorToolstripHoverNotifier
instanceKlass com/mathworks/mde/editor/debug/ToolstripRefreshListenerManager$RefreshListener
instanceKlass com/mathworks/mde/liveeditor/BackingStoreUpdater$1
instanceKlass com/mathworks/matlab/api/datamodel/BackingStoreEventListener
instanceKlass com/mathworks/mde/liveeditor/CustomKeyboardShortcutsFeatureSwitch
instanceKlass com/mathworks/mde/liveeditor/ActionManager$6
instanceKlass com/mathworks/mde/liveeditor/ActionManager$5
instanceKlass com/mathworks/util/FileSystemListener
instanceKlass com/mathworks/mde/liveeditor/LiveEditorApplication
instanceKlass com/mathworks/mde/liveeditor/plugins/difftool/DiffToolInfoImpl
instanceKlass com/mathworks/mde/liveeditor/client/Utilities
instanceKlass com/mathworks/mde/liveeditor/widget/rtc/RichDocument$7
instanceKlass com/mathworks/mde/liveeditor/widget/rtc/RichDocument$3
instanceKlass com/mathworks/mde/liveeditor/widget/rtc/RichDocument$8
instanceKlass com/mathworks/mde/liveeditor/widget/rtc/RichDocument$2
instanceKlass com/mathworks/mde/liveeditor/LiveEditorClient$45
instanceKlass com/mathworks/mde/liveeditor/LiveEditorClient$44
instanceKlass com/mathworks/mde/liveeditor/LiveEditorClient$43
instanceKlass com/mathworks/mde/liveeditor/LiveEditorClient$2
instanceKlass com/mathworks/mde/liveeditor/LiveEditorClient$1
instanceKlass com/mathworks/mde/liveeditor/LiveEditorGroup$3
instanceKlass java/lang/invoke/LambdaForm$MH
instanceKlass java/lang/invoke/LambdaForm$DMH
instanceKlass java/lang/invoke/LambdaForm$DMH
instanceKlass com/mathworks/mde/liveeditor/LiveEditorDockingManager$$Lambda$38
instanceKlass com/mathworks/mde/liveeditor/LiveEditorDockingManager
instanceKlass com/mathworks/widgets/editor/SaveOnBlurImpl
instanceKlass com/mathworks/mde/editor/EditorToolstripVisibilityListener
instanceKlass com/mathworks/mde/liveeditor/LiveEditorClient$LiveEditorPrefListener
instanceKlass java/nio/charset/Charset$1
instanceKlass sun/nio/cs/ext/DelegatableDecoder
instanceKlass sun/nio/cs/CharsetMapping$Entry
instanceKlass sun/nio/cs/CharsetMapping$1
instanceKlass sun/nio/cs/CharsetMapping$4
instanceKlass sun/nio/cs/CharsetMapping$3
instanceKlass sun/nio/cs/CharsetMapping$2
instanceKlass sun/nio/cs/CharsetMapping
instanceKlass sun/nio/cs/ext/SJIS_0213$1
instanceKlass sun/nio/cs/ext/DoubleByte
instanceKlass sun/nio/cs/AbstractCharsetProvider$1
instanceKlass java/nio/charset/Charset$ExtendedProviderHolder$1
instanceKlass java/nio/charset/Charset$ExtendedProviderHolder
instanceKlass sun/util/PreHashedMap$1$1
instanceKlass sun/nio/cs/FastCharsetProvider$1
instanceKlass java/nio/charset/Charset$3
instanceKlass com/mathworks/widgets/text/EditorLanguageUtils$1
instanceKlass com/mathworks/project/impl/PRJLanguage
instanceKlass com/mathworks/widgets/text/vhdl/VHDLLanguage
instanceKlass com/mathworks/widgets/text/verilog/VerilogLanguage
instanceKlass com/mathworks/widgets/text/cplusplus/CLanguage
instanceKlass com/mathworks/widgets/text/tlc/TLCLanguage
instanceKlass com/mathworks/widgets/text/simscape/SimscapeLanguage
instanceKlass com/mathworks/widgets/text/xml/XMLLanguage
instanceKlass com/mathworks/widgets/text/java/JavaLanguage
instanceKlass com/mathworks/widgets/text/cuda/CudaLanguage
instanceKlass com/mathworks/widgets/text/cplusplus/CPlusPlusLanguage
instanceKlass com/mathworks/widgets/text/plain/PlainLanguage
instanceKlass com/mathworks/widgets/text/mcode/MLanguage
instanceKlass com/mathworks/widgets/text/EditorLanguageUtils
instanceKlass com/mathworks/widgets/text/mcode/MTree
instanceKlass com/mathworks/mde/liveeditor/LiveEditorGroup$LiveEditorApplicationListener
instanceKlass com/mathworks/mde/liveeditor/LiveEditorLegacyExecutionTracker$1
instanceKlass com/mathworks/mde/liveeditor/LiveEditorLegacyExecutionTracker$ExecutionListener
instanceKlass com/mathworks/mde/liveeditor/LiveEditorLegacyExecutionTracker
instanceKlass com/mathworks/mde/liveeditor/ActionManager$7
instanceKlass com/mathworks/peermodel/impl/ObservableImpl$PeerNodeListenerAdapter
instanceKlass com/mathworks/services/actiondataservice/AbstractActionDataService$5
instanceKlass com/mathworks/services/actiondataservice/AbstractActionDataService$4
instanceKlass com/mathworks/services/actiondataservice/AbstractActionDataService$3
instanceKlass com/mathworks/services/actiondataservice/AbstractActionDataService$2
instanceKlass com/mathworks/peermodel/events/PeerModelListener
instanceKlass com/mathworks/services/actiondataservice/AbstractActionDataService
instanceKlass com/mathworks/services/actiondataservice/ActionDataService
instanceKlass com/mathworks/services/actiondataservice/ActionDataServiceFactory
instanceKlass com/mathworks/mde/liveeditor/ActionManager$1
instanceKlass com/mathworks/mde/liveeditor/widget/rtc/RichTextComponent$5$1
instanceKlass com/mathworks/mde/liveeditor/ActionManager$13
instanceKlass com/mathworks/services/actiondataservice/ActionDataServiceListener
instanceKlass com/mathworks/mde/liveeditor/widget/rtc/RtcDocumentCachedContent
instanceKlass com/mathworks/mde/liveeditor/widget/rtc/RichTextComponent$6
instanceKlass com/mathworks/mde/liveeditor/widget/rtc/RichTextComponent$5
instanceKlass com/mathworks/mde/liveeditor/LiveEditorTabManager$18
instanceKlass com/mathworks/mde/liveeditor/widget/rtc/RichTextComponent$1
instanceKlass com/mathworks/mde/liveeditor/widget/rtc/OpenToLineColumn
instanceKlass com/mathworks/mde/liveeditor/widget/rtc/ContextMenuService
instanceKlass java/io/DeleteOnExitHook$1
instanceKlass java/io/DeleteOnExitHook
instanceKlass java/io/File$TempDirectory
instanceKlass com/mathworks/widgets/datamodel/FileStorageLocation
instanceKlass java/nio/channels/Channels
instanceKlass com/mathworks/widgets/datamodel/AbstractFileBackingStore$DefaultDialogProvider
instanceKlass com/mathworks/widgets/datamodel/AbstractFileBackingStore$EmptyFileChooserSetupDelegate
instanceKlass com/mathworks/widgets/datamodel/AbstractFileBackingStore$AlwaysSaveInterceptor
instanceKlass com/mathworks/widgets/datamodel/AbstractFileBackingStore$EmptyDefaultFileNameProvider
instanceKlass com/mathworks/widgets/datamodel/AbstractFileBackingStore$DialogInfoUserInteractionModel
instanceKlass com/mathworks/widgets/datamodel/DialogProvider
instanceKlass com/mathworks/matlab/api/debug/ExecutionArrowMargin
instanceKlass com/mathworks/matlab/api/debug/BreakpointMargin
instanceKlass org/netbeans/editor/AtomicLockDocument
instanceKlass org/netbeans/editor/SettingsChangeListener
instanceKlass com/mathworks/mde/liveeditor/DirtyStateSupport
instanceKlass com/mathworks/mde/liveeditor/ActionManager
instanceKlass com/mathworks/mde/editor/debug/ToolstripRefreshListenerManager
instanceKlass com/mathworks/matlab/api/editor/EditorToolstripOptions
instanceKlass com/mathworks/mde/liveeditor/LiveEditorFunctionsInfo
instanceKlass com/mathworks/mde/liveeditor/LiveEditorSectionsInfo
instanceKlass com/mathworks/widgets/datamodel/AbstractBackingStore$UserInteractionModel
instanceKlass com/mathworks/mde/liveeditor/BackingStoreUpdater
instanceKlass com/mathworks/mde/liveeditor/LiveEditor
instanceKlass com/mathworks/mde/editor/plugins/editordataservice/CustomKeyboardShortcutsFeature$ActionIdsRequest
instanceKlass com/mathworks/matlab/api/editor/SaveOnBlur
instanceKlass com/mathworks/mwswing/binding/KeySequenceDispatcher$IgnoresAncestorKeyBindings
instanceKlass com/mathworks/mde/liveeditor/LiveEditorDirtyState
instanceKlass com/mathworks/matlab/api/editor/DirtyState
instanceKlass com/mathworks/widgets/desk/DTOnTopWindow$KeyDispatcher
instanceKlass com/mathworks/widgets/desk/DTOnTopWindow$PopupEventListener
instanceKlass com/mathworks/mde/cmdhist/AltHistoryTable$3
instanceKlass com/mathworks/widgets/desk/DTTitleBar$3
instanceKlass com/mathworks/mwswing/MJRadioButtonMenuItem$ActionPropertyHandler
instanceKlass com/sun/java/swing/plaf/windows/WindowsRadioButtonMenuItemUI$1
instanceKlass com/mathworks/mde/cmdhist/AltHistoryTable$DragListener
instanceKlass com/mathworks/mde/cmdhist/AltHistory$16
instanceKlass com/mathworks/mde/cmdhist/AltHistory$15
instanceKlass com/mathworks/mde/cmdhist/AltHistory$13
instanceKlass com/mathworks/mde/cmdhist/AltHistory$12
instanceKlass com/mathworks/mde/cmdhist/AltHistory$11
instanceKlass com/mathworks/mde/cmdhist/AltHistory$PreferenceListener
instanceKlass com/mathworks/mde/cmdhist/AltHistory$17
instanceKlass com/mathworks/mde/cmdhist/AltHistory$31
instanceKlass com/mathworks/mde/cmdhist/AltHistoryTable$2
instanceKlass com/mathworks/mde/cmdhist/AltHistoryTable$1
instanceKlass com/jidesoft/swing/StyleRange
instanceKlass ca/odell/glazedlists/impl/SimpleIterator
instanceKlass ca/odell/glazedlists/impl/gui/ThreadProxyEventList$UpdateRunner
instanceKlass ca/odell/glazedlists/swing/GlazedListsSwing
instanceKlass com/mathworks/mde/cmdhist/AltHistoryTable$HistoryTableFormat
instanceKlass ca/odell/glazedlists/impl/adt/barcode2/FourColorNode
instanceKlass ca/odell/glazedlists/impl/adt/BarcodeIterator
instanceKlass ca/odell/glazedlists/impl/adt/BarcodeNode
instanceKlass ca/odell/glazedlists/FilterList$PrivateMatcherEditorListener
instanceKlass ca/odell/glazedlists/impl/adt/Barcode
instanceKlass ca/odell/glazedlists/matchers/MatcherEditor$Listener
instanceKlass ca/odell/glazedlists/util/concurrent/J2SE14ReadWriteLock$WriteLock
instanceKlass ca/odell/glazedlists/util/concurrent/J2SE14ReadWriteLock$ReadLock
instanceKlass ca/odell/glazedlists/util/concurrent/J2SE14ReadWriteLock$Sync
instanceKlass ca/odell/glazedlists/util/concurrent/J2SE14ReadWriteLock
instanceKlass ca/odell/glazedlists/impl/matchers/TrueMatcher
instanceKlass ca/odell/glazedlists/matchers/Matchers
instanceKlass ca/odell/glazedlists/matchers/AbstractMatcherEditor
instanceKlass com/mathworks/mde/cmdhist/AltHistoryCollection$CommandRecordListListener
instanceKlass com/mathworks/mde/cmdhist/AltHistoryCollection$CommandSaver
instanceKlass sun/nio/fs/AbstractBasicFileAttributeView
instanceKlass sun/nio/fs/DynamicFileAttributeView
instanceKlass sun/nio/fs/WindowsFileAttributeViews
instanceKlass java/nio/file/attribute/BasicFileAttributeView
instanceKlass java/nio/file/attribute/FileAttributeView
instanceKlass java/nio/file/attribute/AttributeView
instanceKlass sun/nio/fs/WindowsFileCopy
instanceKlass org/apache/commons/io/filefilter/IOFileFilter
instanceKlass org/apache/commons/io/FileUtils
instanceKlass com/mathworks/mde/cmdhist/AltHistoryCollection$1
instanceKlass com/mathworks/util/CircularBuffer
instanceKlass com/mathworks/services/SystemServices
instanceKlass com/mathworks/mde/cmdhist/AltHistoryCollection$CommandRecord
instanceKlass com/mathworks/mde/cmdhist/AltHistoryCollection$ProductionPrefsProvider
instanceKlass com/mathworks/mde/cmdhist/AltHistoryCollection$PrefsProvider
instanceKlass com/mathworks/mde/cmdhist/AltHistory$FocusAppearanceUpdater
instanceKlass com/mathworks/toolstrip/components/gallery/popupview/CategorizedView
instanceKlass com/mathworks/toolstrip/components/gallery/popupview/ViewBuilder
instanceKlass com/mathworks/mde/cmdhist/AltHistoryCollection
instanceKlass com/mathworks/widgets/messagepanel/MessageModelListener
instanceKlass com/mathworks/mde/cmdhist/CommandStyleInfo
instanceKlass java/awt/GradientPaint
instanceKlass com/mathworks/widgets/messagepanel/MessagePanelListener
instanceKlass com/mathworks/widgets/messagepanel/MessagePanelPainter
instanceKlass com/mathworks/widgets/messagepanel/AbstractMessageModel
instanceKlass com/mathworks/widgets/messagepanel/MessageModel
instanceKlass com/mathworks/mwswing/UIEventLogger
instanceKlass com/mathworks/widgets/desk/DTEvent
instanceKlass com/mathworks/mde/workspace/WorkspaceBrowser$2
instanceKlass com/mathworks/mde/workspace/WorkspaceBrowser$WSBPrefs
instanceKlass com/mathworks/mde/workspace/WorkspaceBrowser$LoggingActionListener
instanceKlass com/mathworks/mde/workspace/WorkspaceBrowser$VariableInfo
instanceKlass com/mathworks/mde/workspace/WorkspaceBrowser$PlottingSelectionListener
instanceKlass com/mathworks/mlwidgets/workspace/WorkspaceDialogs
instanceKlass com/mathworks/mlwidgets/workspace/WorkspaceTable$1
instanceKlass com/mathworks/mlwidgets/workspace/VariableRecordlistModel$SizeStringComparator
instanceKlass javax/xml/bind/annotation/XmlEnumValue
instanceKlass java/text/DateFormatSymbols
instanceKlass com/mathworks/ddux/ddux
instanceKlass com/mathworks/mlwidgets/workspace/WorkspaceDnDListener
instanceKlass com/mathworks/mlwidgets/array/UserActionLogger$LoggingProxyActionListener
instanceKlass com/mathworks/mlwidgets/array/UserActionLogger
instanceKlass com/mathworks/mlwidgets/workspace/WorkspaceSelectionPopupMenu$LoggingActionListener
instanceKlass com/mathworks/widgets/spreadsheet/IClipboardOpProvider
instanceKlass com/mathworks/widgets/spreadsheet/IPrintingOpProvider
instanceKlass com/mathworks/widgets/spreadsheet/ISaveOpProvider
instanceKlass com/mathworks/mlwidgets/array/UpdatableData
instanceKlass com/mathworks/mlwidgets/workspace/WorkspaceTable$WorkspaceTableActionProvider
instanceKlass com/mathworks/mlwidgets/workspace/ActionUtils
instanceKlass com/mathworks/widgets/recordlist/RecordlistTable$AppFocusL
instanceKlass com/mathworks/widgets/recordlist/RecordlistResources
instanceKlass com/mathworks/widgets/recordlist/ObserverAdapter
instanceKlass com/mathworks/widgets/recordlist/RecordlistTable$3
instanceKlass javax/swing/JTable$4
instanceKlass javax/swing/JTable$2
instanceKlass javax/swing/JTable$Resizable3
instanceKlass javax/swing/JTable$Resizable2
instanceKlass com/mathworks/widgets/spreadsheet/UndoActionFactory
instanceKlass com/mathworks/widgets/recordlist/RecordlistTable$FieldEditor$1
instanceKlass javax/swing/DefaultCellEditor$EditorDelegate
instanceKlass com/mathworks/widgets/recordlist/FullRLTCellRenderer
instanceKlass com/mathworks/mlwidgets/workspace/util/WorkspaceIcon
instanceKlass com/mathworks/widgets/recordlist/RecordlistTable$ColumnSelectionRecorder
instanceKlass com/mathworks/widgets/recordlist/RecordlistTable$SelectionRecorder
instanceKlass com/mathworks/util/ArrayUtils$EmptyObjects
instanceKlass com/mathworks/widgets/recordlist/RecordlistSelectionTracker
instanceKlass com/mathworks/widgets/recordlist/RecordlistTable$ActionHelper
instanceKlass com/mathworks/widgets/recordlist/ActionUtils
instanceKlass com/mathworks/mwswing/table/PlatformDelegatingHeaderRenderer
instanceKlass com/mathworks/mwswing/TableUtils
instanceKlass javax/swing/AbstractCellEditor
instanceKlass javax/swing/tree/TreeCellEditor
instanceKlass com/mathworks/util/ArrayUtils$EmptyPrimitives
instanceKlass com/mathworks/mlwidgets/graphics/PlotPickerOpener
instanceKlass com/mathworks/widgets/recordlist/IEditingObserver
instanceKlass com/mathworks/widgets/recordlist/IOpeningObserver
instanceKlass com/mathworks/widgets/recordlist/ICopyingObserver
instanceKlass com/mathworks/widgets/recordlist/IDuplicationObserver
instanceKlass com/mathworks/widgets/recordlist/ICreationObserver
instanceKlass com/mathworks/mwswing/TableCell
instanceKlass com/mathworks/widgets/recordlist/RecordlistTableModel$RowLocationData
instanceKlass com/mathworks/widgets/recordlist/IRecordFilter
instanceKlass com/mathworks/widgets/recordlist/RecordlistTableModel$ViewUpdater
instanceKlass com/mathworks/mwswing/table/RestrictedSortTableModel
instanceKlass com/mathworks/mwswing/table/PresortedTableModel
instanceKlass com/mathworks/widgets/recordlist/IRecordlistListener
instanceKlass com/mathworks/mlwidgets/workspace/ActionUtils$ActionProvider
instanceKlass com/mathworks/mlwidgets/workspace/ActionUtils$InputMapActionProvider
instanceKlass com/mathworks/mwswing/MJTable$TableAppearanceFocusListener
instanceKlass com/mathworks/widgets/spreadsheet/IUndoManagerProvider
instanceKlass com/mathworks/widgets/recordlist/IDeletionObserver
instanceKlass com/mathworks/widgets/recordlist/IRecordOperationObserver
instanceKlass com/mathworks/widgets/recordlist/IRecordSecondaryIconProvider
instanceKlass com/mathworks/widgets/recordlist/InternalActionHelper
instanceKlass com/mathworks/mlwidgets/workspace/MatlabWorkspaceModel$1
instanceKlass com/mathworks/mlwidgets/workspace/WorkspacePrefs
instanceKlass com/mathworks/mlwidgets/workspace/MatlabWorkspaceListener$WhosObserver
instanceKlass com/mathworks/mlwidgets/workspace/MatlabWorkspaceListener$InterpreterObserver
instanceKlass com/mathworks/mlwidgets/workspace/WorkspaceMCRProvider
instanceKlass com/mathworks/mlwidgets/workspace/WorkspaceChange
instanceKlass com/mathworks/mlwidgets/workspace/MatlabWorkspaceListener$LocalWorkspaceEventObserver
instanceKlass com/mathworks/mlwidgets/workspace/MatlabWorkspaceListener$3
instanceKlass com/mathworks/mlwidgets/workspace/MatlabWorkspaceListener$InterpreterFreeTimerCallback
instanceKlass com/mathworks/mlwidgets/workspace/MatlabWorkspaceListener$WorkspaceChangeTimerCallback
instanceKlass com/mathworks/mlwidgets/workspace/MatlabWorkspaceListener
instanceKlass com/mathworks/mlwidgets/workspace/FetchedValueBuffer
instanceKlass com/mathworks/mlwidgets/workspace/MatlabWorkspaceModel$MWMCompletionObserver
instanceKlass com/mathworks/mlwidgets/workspace/MatlabWorkspaceModel$RQI
instanceKlass com/mathworks/mlwidgets/workspace/NestingInformation
instanceKlass com/mathworks/mlwidgets/workspace/WhosInformation
instanceKlass com/mathworks/mlwidgets/workspace/ClassicWhosInformation
instanceKlass com/mathworks/mlwidgets/workspace/WorkspaceResources
instanceKlass com/mathworks/widgets/spreadsheet/format/FormatIdentifier$1
instanceKlass com/mathworks/mlwidgets/workspace/WorkspaceObserver
instanceKlass com/mathworks/widgets/recordlist/IRecordQueryInformant
instanceKlass com/mathworks/widgets/datatransfer/VariableLiteral
instanceKlass com/mathworks/widgets/recordlist/AbstractRecordlistModel
instanceKlass com/mathworks/widgets/recordlist/IVirtualRecordContainer
instanceKlass com/mathworks/widgets/recordlist/IRecordIconProvider
instanceKlass com/mathworks/mlwidgets/workspace/ValueLookup
instanceKlass com/mathworks/widgets/recordlist/IRecordlistRefresher
instanceKlass com/mathworks/widgets/recordlist/IRestrictedSortRecordlist
instanceKlass com/mathworks/widgets/recordlist/IRecordEditor
instanceKlass com/mathworks/widgets/recordlist/IRecordOpener
instanceKlass com/mathworks/widgets/recordlist/IRecordDuplicator
instanceKlass com/mathworks/widgets/recordlist/IRecordDeleter
instanceKlass com/mathworks/widgets/recordlist/IRecordCreator
instanceKlass com/mathworks/widgets/recordlist/IRecordFieldCopier
instanceKlass com/mathworks/widgets/recordlist/IRecordCopier
instanceKlass com/mathworks/mlservices/MatlabDebugServices$StackInfo
instanceKlass com/mathworks/mde/workspace/WorkspaceBrowser$LocalChangeListener
instanceKlass com/mathworks/widgets/spreadsheet/IUndoOpProvider
instanceKlass com/mathworks/widgets/recordlist/IRecordValueMutator
instanceKlass com/mathworks/widgets/recordlist/IRecordlistMutator
instanceKlass com/mathworks/mlwidgets/graphics/IPlotPickerDisplayTrigger
instanceKlass com/mathworks/mlwidgets/workspace/graphics/IGraphingActionListener
instanceKlass com/mathworks/mlwidgets/workspace/graphics/IGraphableInfoProvider
instanceKlass com/mathworks/mlwidgets/workspace/IWorkspaceActionProvider
instanceKlass com/mathworks/widgets/recordlist/IActionProvider
instanceKlass com/mathworks/widgets/recordlist/IGenericNameSupplier
instanceKlass com/mathworks/widgets/recordlist/IRecordlistModel
instanceKlass com/mathworks/widgets/recordlist/IRecordlistFieldConfig
instanceKlass com/mathworks/widgets/recordlist/IRecordContainer
instanceKlass com/mathworks/mde/cmdwin/CommandWindowRegistrar
instanceKlass com/mathworks/mlservices/MLCommandWindow
instanceKlass com/mathworks/mlservices/MLCommandWindowRegistrar
instanceKlass org/netbeans/editor/WeakTimerListener
instanceKlass com/mathworks/mwswing/ClipboardMonitor$TypeChangedNotifier
instanceKlass java/util/Observable
instanceKlass com/mathworks/widgets/incSearch/IncSearchStatusBar$1
instanceKlass com/mathworks/widgets/incSearch/IncSearch$IncSearchResults
instanceKlass com/mathworks/mde/cmdwin/CmdWinEditorKit$1
instanceKlass com/mathworks/mwswing/ClipboardMonitor
instanceKlass java/text/StringCharacterIterator
instanceKlass com/mathworks/mwswing/text/MTextAction$1
instanceKlass com/mathworks/jmi/tabcompletion/TabCompletionImpl$1
instanceKlass com/mathworks/jmi/tabcompletion/TabCompletionImpl
instanceKlass com/mathworks/mlwidgets/tabcompletion/TabCompletionExecutionListener
instanceKlass com/mathworks/mde/cmdwin/TabCompletionImpl
instanceKlass com/mathworks/mlwidgets/tabcompletion/TabCompletionInterface
instanceKlass com/mathworks/jmi/tabcompletion/TabCompletion
instanceKlass com/mathworks/mde/cmdhist/AltHistory$RecallListener
instanceKlass com/mathworks/mde/cmdwin/CmdWin$1
instanceKlass com/mathworks/mde/cmdwin/FunctionBrowserRowHeader$4
instanceKlass com/mathworks/mde/cmdwin/FunctionBrowserRowHeader$1
instanceKlass javax/accessibility/AccessibleBundle
instanceKlass com/mathworks/mde/cmdwin/XCmdWndView$2
instanceKlass com/mathworks/mde/cmdwin/XCmdWndView$MyAppearanceFocusListener
instanceKlass com/mathworks/mde/cmdwin/XCmdWndView$5
instanceKlass com/mathworks/mde/cmdwin/TokenMatcher$2
instanceKlass com/mathworks/mde/cmdwin/TokenMatcher$1
instanceKlass com/mathworks/mde/cmdwin/TokenMatcher$SearchData
instanceKlass com/mathworks/mwswing/text/DocumentSearch
instanceKlass com/mathworks/widgets/Tokenizer
instanceKlass com/mathworks/widgets/tokenmatch/TokenMatchPopup
instanceKlass com/mathworks/services/KeyboardPrefs
instanceKlass com/mathworks/mde/cmdwin/TokenMatcher$Options
instanceKlass com/mathworks/widgets/tokenmatch/TokenMatchPopup$TokenMatchListener
instanceKlass com/mathworks/mde/cmdwin/TokenMatcher
instanceKlass com/mathworks/mde/cmdwin/XCmdWndView$8
instanceKlass com/mathworks/mde/cmdwin/XCmdWndView$CWPrefsListener
instanceKlass com/mathworks/mde/cmdwin/XCmdWndView$CWCaretListener
instanceKlass com/mathworks/mde/cmdwin/XCmdWndView$FindClientImpl
instanceKlass com/mathworks/mde/cmdwin/CWDragDropImpl
instanceKlass com/mathworks/mde/cmdwin/XCaret$2
instanceKlass com/mathworks/mde/cmdwin/XCmdWndView$3
instanceKlass com/mathworks/util/Assert
instanceKlass com/mathworks/widgets/find/FindDialog
instanceKlass com/mathworks/widgets/find/FindParentListener
instanceKlass com/mathworks/mde/cmdwin/XCmdWndView$CmdWinFontListener
instanceKlass com/mathworks/widgets/incSearch/IncSearchData
instanceKlass com/mathworks/widgets/find/FindClientInterface
instanceKlass javax/print/DocFlavor
instanceKlass javax/print/attribute/AttributeSet
instanceKlass com/mathworks/mwswing/datatransfer/AutoScroller
instanceKlass com/mathworks/services/PrefEvent
instanceKlass com/mathworks/mwswing/ClipboardListener
instanceKlass com/mathworks/widgets/desk/DTTabbedDocumentPane$1
instanceKlass org/jdesktop/animation/timing/interpolation/LengthItem
instanceKlass org/jdesktop/animation/timing/interpolation/SplineInterpolator
instanceKlass org/jdesktop/animation/timing/interpolation/Interpolator
instanceKlass com/mathworks/widgets/desk/DTDocumentTabs$PendingRemovals
instanceKlass com/mathworks/widgets/desk/DTDocumentTabs$Animator
instanceKlass com/mathworks/widgets/desk/DTDocumentTabs$PendingAdditions
instanceKlass com/mathworks/widgets/desk/Range
instanceKlass com/mathworks/widgets/desk/DTDocumentTabs$TabDragger
instanceKlass com/mathworks/widgets/desk/DTDocumentTabs$EdgeListener
instanceKlass com/mathworks/widgets/desk/DTDocumentContainer$TileAction$1
instanceKlass com/mathworks/widgets/desk/DTDocumentContainer$1
instanceKlass com/mathworks/widgets/desk/DTDocumentTabs$1
instanceKlass com/mathworks/widgets/desk/DTDocumentTabs$AnimationDoneListener
instanceKlass com/mathworks/widgets/desk/DTDocumentContainer$Tiling
instanceKlass com/mathworks/widgets/desk/DTDocumentTabsProperties
instanceKlass com/mathworks/widgets/desk/DTTitleBar$2
instanceKlass com/mathworks/widgets/desk/DTTitleButton$ActionPropertyListener
instanceKlass com/mathworks/widgets/desk/DTTitleButton$IconData
instanceKlass com/mathworks/widgets/desk/DTBorderFactory$SelectionDependent
instanceKlass com/mathworks/widgets/desk/DTToolBarContainer$BarState
instanceKlass com/mathworks/widgets/desk/DTToolBarContainer$ContainerState
instanceKlass com/mathworks/widgets/desk/DTMultipleClientFrame$State
instanceKlass com/mathworks/mde/explorer/Explorer$22
instanceKlass com/mathworks/widgets/FocusTraversalPolicyBuilder$Step$1
instanceKlass com/mathworks/widgets/FocusTraversalPolicyBuilder$Condition
instanceKlass com/mathworks/widgets/FocusTraversalPolicyBuilder$Step
instanceKlass com/mathworks/widgets/FocusTraversalPolicyBuilder
instanceKlass com/mathworks/mde/explorer/Explorer$1
instanceKlass com/mathworks/mde/explorer/ToolbarUtils$3
instanceKlass com/mathworks/mde/explorer/ToolbarUtils
instanceKlass com/mathworks/widgets/desk/DTToolSet$1
instanceKlass com/mathworks/widgets/desk/DTToolSet$KeyOwnerCombo
instanceKlass com/mathworks/widgets/desk/DTToolBarFactory
instanceKlass com/mathworks/widgets/desk/DTToolSet$ItemInfo
instanceKlass com/mathworks/widgets/desk/DTToolSet
instanceKlass com/mathworks/mde/explorer/Explorer$9
instanceKlass com/mathworks/mde/explorer/Explorer$17
instanceKlass com/mathworks/mde/explorer/Explorer$15
instanceKlass com/mathworks/mde/explorer/Explorer$16
instanceKlass com/mathworks/mlwidgets/explorer/util/PrefUtils$3
instanceKlass com/mathworks/services/ColorPrefs$ColorListener
instanceKlass com/mathworks/mlwidgets/explorer/util/PrefUtils$ColorListener
instanceKlass com/mathworks/mlwidgets/explorer/util/PrefUtils$2
instanceKlass com/mathworks/mlwidgets/explorer/util/PrefUtils$4
instanceKlass com/mathworks/mlwidgets/explorer/util/ExplicitColorAndFontProvider
instanceKlass com/mathworks/util/tree/TreeUtils$8
instanceKlass com/mathworks/util/tree/TreeUtils$5
instanceKlass com/mathworks/mlwidgets/explorer/util/PrefUtils$5
instanceKlass com/mathworks/util/tree/VisitStrategy
instanceKlass com/mathworks/util/tree/TreeUtils$9
instanceKlass com/mathworks/util/tree/Visitor
instanceKlass com/mathworks/util/tree/TreeUtils
instanceKlass com/mathworks/util/tree/ComponentTree
instanceKlass com/mathworks/services/OldFontPrefs
instanceKlass com/mathworks/services/FontPrefs$HtmlFontPrefs
instanceKlass com/mathworks/mde/functionbrowser/FunctionBrowserFontPrefs
instanceKlass com/mathworks/mlwidgets/array/ArrayUtils$ClipboardPrefListener
instanceKlass com/mathworks/widgets/spreadsheet/SpreadsheetPrefs$DecimalSeparatorListener
instanceKlass com/mathworks/widgets/spreadsheet/SpreadsheetPrefs
instanceKlass com/mathworks/widgets/spreadsheet/format/SupplementalFormatterFactory
instanceKlass com/mathworks/widgets/spreadsheet/format/CompositeFormatter
instanceKlass com/mathworks/widgets/spreadsheet/format/BooleanFormatterFactory$BooleanFormatterImpl
instanceKlass com/mathworks/widgets/spreadsheet/format/BooleanFormatter
instanceKlass com/mathworks/widgets/spreadsheet/format/BooleanFormatterFactory
instanceKlass com/mathworks/widgets/spreadsheet/data/ComplexScalar
instanceKlass com/mathworks/widgets/spreadsheet/format/ComplexScalarFormatterFactory$GEBestFormatter
instanceKlass com/mathworks/widgets/spreadsheet/format/ComplexScalarFormatterFactory$1
instanceKlass com/mathworks/widgets/spreadsheet/format/ComplexScalarFormatter
instanceKlass com/mathworks/widgets/spreadsheet/format/ComplexScalarFormatterFactory
instanceKlass com/mathworks/widgets/spreadsheet/format/Formatter
instanceKlass com/mathworks/mlwidgets/array/ArrayUtils
instanceKlass com/mathworks/mde/array/ArrayEditorFontPrefs
instanceKlass com/mathworks/mde/workspace/WorkspaceBrowserResources
instanceKlass com/mathworks/mde/workspace/WorkspaceFontPrefs
instanceKlass com/mathworks/mlwidgets/explorer/model/ExplorerPrefs$ExplorerFontPrefs
instanceKlass com/mathworks/mde/editor/EditorFontPrefs
instanceKlass com/mathworks/mde/cmdhist/CmdHistoryPrefs
instanceKlass com/mathworks/services/FontPrefs$FontItem
instanceKlass sun/font/SunFontManager$11
instanceKlass sun/font/SunFontManager$4
instanceKlass sun/font/SunFontManager$10
instanceKlass sun/font/SunFontManager$13
instanceKlass com/mathworks/services/PrefsAWT
instanceKlass com/mathworks/services/FontPrefs
instanceKlass com/mathworks/mlwidgets/explorer/util/PrefUtils$ComponentListener
instanceKlass com/mathworks/mlwidgets/explorer/util/PrefUtils$1
instanceKlass com/mathworks/util/tree/Tree
instanceKlass com/mathworks/services/FontListener
instanceKlass com/mathworks/mlwidgets/explorer/util/PrefUtils
instanceKlass com/mathworks/mde/explorer/Explorer$4
instanceKlass com/mathworks/mde/explorer/Explorer$3
instanceKlass com/mathworks/mlwidgets/explorer/DetailViewer$5
instanceKlass com/mathworks/mlwidgets/explorer/DetailViewer$4
instanceKlass com/mathworks/mlwidgets/explorer/DetailViewer$Header$1
instanceKlass java/awt/GridBagConstraints
instanceKlass java/awt/GridBagLayout
instanceKlass com/mathworks/mlwidgets/explorer/ExplorerSplitPane$2
instanceKlass javax/swing/plaf/basic/BasicSplitPaneUI$Handler
instanceKlass javax/swing/plaf/basic/BasicSplitPaneUI$BasicHorizontalLayoutManager
instanceKlass javax/swing/plaf/basic/BasicBorders$SplitPaneDividerBorder
instanceKlass com/mathworks/sourcecontrol/ThreadUtils$1
instanceKlass com/mathworks/sourcecontrol/ThreadUtils
instanceKlass javax/swing/plaf/basic/BasicSplitPaneDivider$DividerLayout
instanceKlass com/mathworks/sourcecontrol/SourceControlUI$3
instanceKlass javax/swing/plaf/basic/BasicBorders$SplitPaneBorder
instanceKlass com/mathworks/sourcecontrol/SCAdapterConnectionManager$2
instanceKlass com/mathworks/sourcecontrol/ActionStatusDisplay$1
instanceKlass com/mathworks/sourcecontrol/ActionStatusDisplay$2
instanceKlass com/mathworks/sourcecontrol/SCInfoBar$2
instanceKlass com/mathworks/widgets/tooltip/TooltipUtils
instanceKlass com/mathworks/mwswing/ComponentUtils
instanceKlass com/mathworks/widgets/HyperlinkTextLabel$2
instanceKlass javax/swing/text/html/AccessibleHTML$DocumentHandler
instanceKlass javax/swing/text/html/AccessibleHTML$ElementInfo
instanceKlass javax/swing/text/html/AccessibleHTML$PropertyChangeHandler
instanceKlass javax/swing/text/html/AccessibleHTML
instanceKlass javax/swing/text/DefaultStyledDocument$ChangeUpdateRunnable
instanceKlass com/mathworks/util/HTMLUtils
instanceKlass javax/swing/text/GapContent$UndoPosRef
instanceKlass javax/swing/text/DefaultStyledDocument$ElementBuffer$ElemChanges
instanceKlass javax/swing/text/DefaultStyledDocument$ElementSpec
instanceKlass javax/swing/text/html/parser/ContentModelState
instanceKlass javax/swing/text/html/parser/TagStack
instanceKlass javax/swing/text/html/parser/TagElement
instanceKlass javax/swing/text/html/parser/Parser
instanceKlass javax/swing/text/html/HTMLDocument$HTMLReader$TagAction
instanceKlass javax/swing/text/html/HTMLEditorKit$ParserCallback
instanceKlass com/mathworks/mwswing/JEditorPaneHyperlinkHandler$6
instanceKlass com/mathworks/mwswing/JEditorPaneHyperlinkHandler$1
instanceKlass com/mathworks/mwswing/JEditorPaneHyperlinkHandler
instanceKlass com/mathworks/widgets/HyperlinkTextLabel$5
instanceKlass com/mathworks/widgets/HyperlinkTextLabel$3
instanceKlass javax/swing/text/TabableView
instanceKlass javax/swing/text/html/StyleSheet$1
instanceKlass javax/swing/text/html/CSSBorder$StrokePainter
instanceKlass javax/swing/text/html/CSSBorder$SolidPainter
instanceKlass javax/swing/text/html/CSSBorder$NullPainter
instanceKlass javax/swing/text/html/CSSBorder$BorderPainter
instanceKlass javax/swing/text/html/StyleSheet$BoxPainter
instanceKlass javax/swing/text/html/StyleSheet$SearchBuffer
instanceKlass javax/swing/text/html/MuxingAttributeSet
instanceKlass javax/swing/text/FlowView$FlowStrategy
instanceKlass javax/swing/text/DefaultStyledDocument$AbstractChangeHandler
instanceKlass javax/swing/text/html/parser/AttributeList
instanceKlass javax/swing/text/html/parser/ContentModel
instanceKlass javax/swing/text/html/parser/ParserDelegator$1
instanceKlass javax/swing/text/html/parser/Entity
instanceKlass javax/swing/text/html/parser/Element
instanceKlass javax/swing/text/html/parser/DTD
instanceKlass javax/swing/text/html/parser/DTDConstants
instanceKlass javax/swing/text/html/HTMLEditorKit$Parser
instanceKlass javax/swing/text/DefaultStyledDocument$ElementBuffer
instanceKlass javax/swing/text/html/CSS$ShorthandMarginParser
instanceKlass javax/swing/text/html/CSS$LengthUnit
instanceKlass javax/swing/text/html/CSSParser
instanceKlass javax/swing/text/html/StyleSheet$CssParser
instanceKlass javax/swing/text/html/CSSParser$CSSParserCallback
instanceKlass javax/swing/text/html/HTMLEditorKit$1
instanceKlass javax/swing/text/html/StyleSheet$SelectorMapping
instanceKlass javax/swing/text/html/CSS$CssValue
instanceKlass javax/swing/text/html/CSS$Value
instanceKlass javax/swing/text/html/CSS$Attribute
instanceKlass javax/swing/text/html/CSS
instanceKlass javax/swing/text/StyledEditorKit$AttributeTracker
instanceKlass javax/swing/text/html/HTML$Attribute
instanceKlass javax/swing/text/html/HTML
instanceKlass javax/swing/text/html/HTML$Tag
instanceKlass javax/swing/text/html/HTMLEditorKit$HTMLFactory
instanceKlass javax/swing/text/StyledEditorKit$StyledViewFactory
instanceKlass javax/swing/text/StyledDocument
instanceKlass com/mathworks/sourcecontrol/SCInfoBar$1
instanceKlass javax/swing/event/HyperlinkListener
instanceKlass com/mathworks/widgets/HyperlinkTextLabel
instanceKlass com/mathworks/toolbox/shared/computils/widgets/DisposableBusyAffordance$1
instanceKlass com/mathworks/sourcecontrol/SCInfoBar
instanceKlass com/mathworks/sourcecontrol/ActionStatusDisplay
instanceKlass com/mathworks/widgets/grouptable/ColumnActions$9
instanceKlass com/mathworks/sourcecontrol/StatusToolTipAffordance
instanceKlass com/mathworks/sourcecontrol/SourceControlUI$SourceControlUIHolder
instanceKlass com/mathworks/mlwidgets/explorer/model/actions/ActionManager$5
instanceKlass com/mathworks/mlwidgets/explorer/model/actions/ActionManager$MainContributor
instanceKlass com/mathworks/mlwidgets/explorer/model/actions/DynamicMenuContributor
instanceKlass com/mathworks/mlwidgets/explorer/model/actions/ActionManager$4
instanceKlass com/mathworks/matlab/api/explorer/CutCopyPasteActionValidator
instanceKlass com/mathworks/widgets/grouptable/transfer/Transfer
instanceKlass com/mathworks/mlwidgets/explorer/util/MLPathUtils
instanceKlass com/mathworks/mde/explorer/PathActionProvider$PathChangeNotifier$1
instanceKlass com/mathworks/sourcecontrol/SCAdapterConnectionManager$1
instanceKlass com/mathworks/sourcecontrol/EmptyProject
instanceKlass com/mathworks/sourcecontrol/MLApplicationInteractor$1
instanceKlass com/mathworks/sourcecontrol/MLApplicationInteractor$2
instanceKlass com/mathworks/cmlink/util/status/CMStatusChangeServer
instanceKlass com/mathworks/sourcecontrol/SCProcessTerminator
instanceKlass com/mathworks/sourcecontrol/sandboxcreation/statuswidget/progressindication/ProgressState
instanceKlass com/mathworks/sourcecontrol/sandboxcreation/statuswidget/progressindication/ProgressEventBroadcaster$EventDispatcher
instanceKlass com/mathworks/sourcecontrol/sandboxcreation/statuswidget/progressindication/ProgressEventBroadcaster
instanceKlass com/mathworks/sourcecontrol/sandboxcreation/controller/CMMonitorDispatcher
instanceKlass com/mathworks/cmlink/api/StatusBroadcaster
instanceKlass com/mathworks/cmlink/api/ProgressIndicator
instanceKlass com/mathworks/cmlink/api/ExceptionHandler
instanceKlass com/mathworks/cmlink/util/interactor/CMMonitor
instanceKlass com/mathworks/cmlink/util/adapter/TriggerableTerminator
instanceKlass com/mathworks/cmlink/api/Terminator
instanceKlass com/mathworks/sourcecontrol/MLApplicationInteractor
instanceKlass com/mathworks/sourcecontrol/SCAdapterConnectionManager$SCAdapterConnectionManagerHolder
instanceKlass com/mathworks/cmlink/util/internalapi/InternalCMAdapter
instanceKlass com/mathworks/cmlink/util/internalapi/InternalCMInteractor
instanceKlass com/mathworks/cmlink/util/interactor/MonitoringApplicationInteractor
instanceKlass com/mathworks/cmlink/api/ApplicationInteractor
instanceKlass com/mathworks/sourcecontrol/SCAdapterConnectionManager
instanceKlass com/mathworks/sourcecontrol/prefs/SCSettingsUtilities
instanceKlass com/mathworks/util/LazyFilter$1
instanceKlass com/mathworks/mlwidgets/explorer/model/actions/ActionConfigurationImpl$2
instanceKlass com/mathworks/util/LazyFilter
instanceKlass com/mathworks/mlwidgets/explorer/model/actions/ActionConfigurationImpl$1
instanceKlass com/mathworks/mlwidgets/explorer/model/actions/ApplicableChecker
instanceKlass com/mathworks/mde/liveeditor/OpenAsLiveCodeActionProvider$6
instanceKlass com/mathworks/mde/liveeditor/OpenAsLiveCodeActionProvider$5
instanceKlass com/mathworks/mde/liveeditor/OpenAsLiveCodeActionProvider$4
instanceKlass com/mathworks/mde/liveeditor/OpenAsLiveCodeActionProvider$3
instanceKlass com/mathworks/mde/liveeditor/OpenAsLiveCodeActionProvider$2
instanceKlass com/mathworks/mde/liveeditor/OpenAsLiveCodeActionProvider$1
instanceKlass com/mathworks/mlwidgets/explorer/extensions/basic/BasicTableActionProvider$9
instanceKlass com/mathworks/mlwidgets/explorer/extensions/basic/BasicTableActionProvider$8
instanceKlass com/mathworks/mlwidgets/explorer/extensions/basic/BasicTableActionProvider$7
instanceKlass com/mathworks/mlwidgets/explorer/extensions/basic/BasicTableActionProvider$6
instanceKlass com/mathworks/mlwidgets/explorer/extensions/basic/BasicTableActionProvider$5
instanceKlass com/mathworks/mlwidgets/explorer/extensions/basic/BasicTableActionProvider$4
instanceKlass com/mathworks/mlwidgets/explorer/extensions/basic/BasicTableActionProvider$3
instanceKlass com/mathworks/mlwidgets/explorer/extensions/basic/BasicTableActionProvider$2
instanceKlass com/mathworks/mlwidgets/explorer/extensions/basic/BasicTableActionProvider$1
instanceKlass com/mathworks/mde/explorer/ShowDetailsProvider$4
instanceKlass com/mathworks/mde/explorer/ShowDetailsProvider$3
instanceKlass com/mathworks/mde/explorer/ShowDetailsProvider$2
instanceKlass com/mathworks/mde/explorer/ShowDetailsProvider$1
instanceKlass com/mathworks/mlwidgets/explorer/extensions/basic/CoreExternalActionProvider$4
instanceKlass com/mathworks/mlwidgets/explorer/extensions/basic/CoreExternalActionProvider$3
instanceKlass com/mathworks/mlwidgets/explorer/extensions/basic/CoreExternalActionProvider$2
instanceKlass com/mathworks/mlwidgets/explorer/extensions/basic/CoreExternalActionProvider$1
instanceKlass sun/awt/windows/WDesktopPeer
instanceKlass java/awt/peer/DesktopPeer
instanceKlass java/awt/Desktop
instanceKlass com/mathworks/mlwidgets/explorer/extensions/basic/CoreWriteActionProvider$1
instanceKlass com/mathworks/mlwidgets/explorer/extensions/basic/CoreWriteActionProvider$2
instanceKlass com/mathworks/mlwidgets/explorer/extensions/basic/DeleteActionCode
instanceKlass com/mathworks/mlwidgets/explorer/extensions/basic/CoreWriteActionProvider$3
instanceKlass com/mathworks/mlwidgets/explorer/extensions/basic/CoreWriteActionProvider$5
instanceKlass com/mathworks/mlwidgets/explorer/util/MenuUtils
instanceKlass com/mathworks/mlwidgets/explorer/extensions/basic/CoreWriteActionProvider$4
instanceKlass com/mathworks/mlwidgets/explorer/extensions/basic/CoreReadActionProvider$6
instanceKlass com/mathworks/mlwidgets/explorer/extensions/basic/CoreReadActionProvider$5
instanceKlass com/mathworks/mlwidgets/explorer/model/actions/ActionPredicates$31
instanceKlass com/mathworks/mlwidgets/explorer/extensions/basic/CoreReadActionProvider$4
instanceKlass com/mathworks/mlwidgets/explorer/extensions/basic/CoreReadActionProvider$3
instanceKlass com/mathworks/mlwidgets/explorer/extensions/basic/CoreReadActionProvider$2
instanceKlass com/mathworks/mlwidgets/explorer/extensions/basic/CoreReadActionProvider$1
instanceKlass com/mathworks/mde/explorer/NavigationActionProvider$7
instanceKlass com/mathworks/mde/explorer/NavigationActionProvider$6
instanceKlass com/mathworks/mde/explorer/NavigationActionProvider$5
instanceKlass com/mathworks/mde/explorer/NavigationActionProvider$4
instanceKlass com/mathworks/mde/explorer/NavigationActionProvider$3
instanceKlass com/mathworks/mde/explorer/NavigationActionProvider$2
instanceKlass com/mathworks/mde/explorer/NavigationActionProvider$1
instanceKlass com/mathworks/mde/explorer/PathActionProvider$8
instanceKlass com/mathworks/mde/explorer/PathActionProvider$7
instanceKlass com/mathworks/mde/explorer/PathActionProvider$6
instanceKlass com/mathworks/mde/explorer/PathActionProvider$5
instanceKlass com/mathworks/mde/explorer/PathActionProvider$4
instanceKlass com/mathworks/mde/explorer/PathActionProvider$3
instanceKlass com/mathworks/mde/explorer/PathActionProvider$2
instanceKlass com/mathworks/mde/explorer/PathActionProvider$1
instanceKlass com/mathworks/mlwidgets/explorer/model/actions/ActionPredicates$32
instanceKlass com/mathworks/mde/explorer/PathActionProvider$PathChangeNotifier
instanceKlass com/mathworks/mlwidgets/explorer/extensions/archive/ZipFileActionProvider$1
instanceKlass com/mathworks/mlwidgets/explorer/extensions/archive/ZipFileInfoProvider$1
instanceKlass com/mathworks/storage/matlabdrivedesktop/MatlabDriveSharingActionProvider$2
instanceKlass com/mathworks/storage/matlabdrivedesktop/MatlabDriveSharingActionProvider$1
instanceKlass com/mathworks/storage/matlabdrivedesktop/MatlabDriveActionProvider$5
instanceKlass com/mathworks/storage/matlabdrivedesktop/MatlabDriveActionProvider$4
instanceKlass com/mathworks/storage/matlabdrivedesktop/MatlabDriveActionProvider$1
instanceKlass com/mathworks/storage/matlabdrivedesktop/MatlabDriveActionProvider$3
instanceKlass com/mathworks/storage/matlabdrivedesktop/MatlabDriveIconFactory
instanceKlass com/mathworks/storage/matlabdrivedesktop/MatlabDriveActionProvider$2
instanceKlass com/mathworks/mlwidgets/explorer/extensions/basic/MacPackageInfoProvider$1
instanceKlass com/mathworks/explorer/RunnableFileInfoProvider$2
instanceKlass com/mathworks/explorer/RunnableFileInfoProvider$1
instanceKlass com/mathworks/mlwidgets/explorer/extensions/matlab/GUIDEFileInfoProvider$3
instanceKlass com/mathworks/mlwidgets/explorer/extensions/matlab/GUIDEFileInfoProvider$2
instanceKlass com/mathworks/mlwidgets/explorer/extensions/matlab/GUIDEFileInfoProvider$1
instanceKlass com/mathworks/explorer/MATFileInfoProvider$2
instanceKlass com/mathworks/explorer/MATFileInfoProvider$1
instanceKlass com/mathworks/explorer/MatlabCodeFileActionProvider$1
instanceKlass com/mathworks/sourcecontrol/SCAdapterActionProvider$3
instanceKlass com/mathworks/sourcecontrol/SCAdapterActionProvider$2
instanceKlass com/mathworks/sourcecontrol/SCAdapterActionProvider$1
instanceKlass com/mathworks/cfbutils/FileSystemPollingChangeNotification
instanceKlass com/mathworks/mlwidgets/explorer/model/table/UiFileList$PollingNotificationMacPathsWorkaround
instanceKlass com/mathworks/appmanagement/AppFileInfoProvider$2
instanceKlass com/mathworks/toolbox/shared/mldatx/MLDATXFileInfoProvider$3
instanceKlass com/mathworks/mlwidgets/explorer/model/table/UiFileList$6
instanceKlass com/mathworks/toolboxmanagement/tasks/ToolboxInstallTask
instanceKlass com/mathworks/toolbox/matlab/appdesigner/MlappMatlabOnlineFileInfoProvider$1
instanceKlass com/mathworks/mde/difftool/DiffActionProvider$4
instanceKlass com/mathworks/mde/difftool/DiffActionProvider$3
instanceKlass com/mathworks/mde/difftool/DiffActionProvider$2
instanceKlass com/mathworks/mde/difftool/DiffActionProvider$1
instanceKlass com/mathworks/mlwidgets/explorer/extensions/matlab/PathAffordanceActionProvider$1
instanceKlass com/mathworks/toolbox/slproject/project/archiving/ProjectArchiveInfoProvider$ExtractHereCode
instanceKlass com/mathworks/mlwidgets/explorer/model/actions/ActionConfigurationImpl$ProviderConfiguration$1
instanceKlass com/mathworks/toolbox/stateflow_desktop_integration/StateflowFileInfoProvider$2
instanceKlass com/mathworks/mlwidgets/explorer/model/table/UiFileList$CachedData
instanceKlass com/mathworks/mlwidgets/explorer/model/actions/ActionPredicate
instanceKlass com/mathworks/matlab/api/explorer/ActionConfiguration$2
instanceKlass com/mathworks/matlab/api/explorer/ActionConfiguration$1
instanceKlass com/mathworks/toolbox/classdiagramcfb/ClassDiagramActionProvider$2
instanceKlass com/mathworks/toolbox/classdiagramcfb/ClassDiagramActionProvider$4
instanceKlass com/mathworks/toolbox/classdiagramcfb/ClassDiagramActionProvider$3
instanceKlass com/mathworks/mlwidgets/explorer/model/actions/ActionConfigurationImpl$ProviderBinding
instanceKlass com/mathworks/jmi/MLFileUtils
instanceKlass com/mathworks/mlwidgets/explorer/model/actions/ActionConfigurationImpl$ProviderConfiguration
instanceKlass com/mathworks/mlwidgets/explorer/model/actions/ActionRegistryImpl$ProviderBinding
instanceKlass com/mathworks/util/ExtendedIterable
instanceKlass com/mathworks/matlab/api/explorer/ActionConfiguration
instanceKlass com/mathworks/mlwidgets/explorer/model/actions/ActionConfigurationImpl
instanceKlass com/mathworks/matlab/api/explorer/ActionRegistry
instanceKlass com/mathworks/mlwidgets/explorer/model/actions/ActionRegistryImpl
instanceKlass com/mathworks/mlwidgets/explorer/model/actions/ActionManager$1
instanceKlass com/mathworks/mlwidgets/explorer/model/actions/ActionManager$ActionList
instanceKlass com/mathworks/toolbox/shared/mldatx/MLDATXFileInfo
instanceKlass com/mathworks/mde/explorer/Explorer$PathAffordanceAdapter$2
instanceKlass com/mathworks/mlwidgets/explorer/model/table/FileSystemExpansionProviderProvider
instanceKlass com/mathworks/mde/explorer/Explorer$PathAffordanceAdapter$1
instanceKlass com/mathworks/mde/explorer/Explorer$PathAffordanceAdapter
instanceKlass com/mathworks/widgets/WorkMonitor$1
instanceKlass javax/accessibility/AccessibleExtendedTable
instanceKlass javax/accessibility/AccessibleTable
instanceKlass javax/accessibility/AccessibleSelection
instanceKlass com/mathworks/explorer/VariableTransferHandler
instanceKlass com/mathworks/mlwidgets/explorer/extensions/basic/TransferFileGroup
instanceKlass com/mathworks/mlwidgets/explorer/extensions/basic/FileTransferHandler
instanceKlass com/mathworks/mwswing/table/ListColorUtils
instanceKlass com/mathworks/mlwidgets/explorer/widgets/table/FileTable$20
instanceKlass com/mathworks/mlwidgets/explorer/widgets/table/FileTable$19
instanceKlass com/mathworks/mlwidgets/explorer/widgets/table/FileTable$18
instanceKlass com/mathworks/mwswing/CellViewerUtils$TableContext$3
instanceKlass com/mathworks/mwswing/CellViewerUtils$TableContext$2
instanceKlass com/mathworks/mwswing/CellViewerUtils$TableContext$1
instanceKlass com/mathworks/mwswing/CellViewerUtils$AbstractContext$2
instanceKlass com/mathworks/mlwidgets/explorer/model/FileDecorationModel$2$2
instanceKlass com/mathworks/mwswing/CellViewerUtils$AbstractContext$1
instanceKlass com/mathworks/mlwidgets/explorer/model/FileDecorationModel$DeferHandler
instanceKlass com/mathworks/mlwidgets/explorer/util/UiFileSystemUtils$2
instanceKlass com/mathworks/mwswing/CellViewer$4
instanceKlass com/mathworks/mwswing/CellViewer$3
instanceKlass com/mathworks/fileutils/MLFileUtils
instanceKlass com/mathworks/mwswing/CellViewer$2
instanceKlass com/mathworks/mwswing/CellViewer$1
instanceKlass com/mathworks/mlwidgets/explorer/model/FileDecorationCache$1
instanceKlass com/mathworks/mlwidgets/explorer/extensions/basic/DefaultFileInfoProvider$5
instanceKlass com/mathworks/mwswing/CellViewer
instanceKlass com/mathworks/mlwidgets/explorer/extensions/basic/DefaultFileInfoProvider$4
instanceKlass com/mathworks/mlwidgets/explorer/extensions/basic/DefaultFileInfoProvider$3
instanceKlass com/mathworks/mlwidgets/explorer/extensions/basic/DefaultFileInfoProvider$2
instanceKlass com/mathworks/mwswing/CellPainterProvider
instanceKlass com/mathworks/mlwidgets/explorer/extensions/basic/DefaultFileInfoProvider$1
instanceKlass com/mathworks/mlwidgets/explorer/extensions/matlab/H1Retriever
instanceKlass com/mathworks/mwswing/CellViewerUtils$Context
instanceKlass com/mathworks/mwswing/CellViewerUtils
instanceKlass com/mathworks/mlwidgets/explorer/model/FileDecorationModel$5
instanceKlass com/mathworks/mwswing/DefaultTableCellViewerCustomizer
instanceKlass com/mathworks/mlwidgets/explorer/model/FileDecorationModel$1$1
instanceKlass com/mathworks/mlwidgets/explorer/model/FileDecorationModel$2
instanceKlass com/mathworks/widgets/grouptable/RightClickSelectionHandler
instanceKlass com/mathworks/mlwidgets/explorer/model/FileDecorationModel$1
instanceKlass com/mathworks/widgets/grouptable/EditOnClickHandler$3
instanceKlass com/mathworks/storage/matlabdrivedesktop/MatlabDriveUtils
instanceKlass com/mathworks/mlwidgets/explorer/widgets/table/FileTable$2
instanceKlass com/mathworks/matlab/api/explorer/FileDecorators
instanceKlass com/mathworks/widgets/grouptable/SelectOnTypeHandler$2
instanceKlass com/mathworks/matlab/api/explorer/FileDecorations
instanceKlass com/mathworks/mlwidgets/explorer/model/FileDecorationModel
instanceKlass com/mathworks/mlwidgets/explorer/widgets/table/FileTable$1
instanceKlass com/mathworks/widgets/grouptable/GroupingTableTransaction$1
instanceKlass com/mathworks/matlab/api/explorer/CoreFileDecoration
instanceKlass com/mathworks/mlwidgets/explorer/widgets/table/FileTable$5
instanceKlass com/mathworks/widgets/grouptable/TransactionProcessor$TransactionRunner
instanceKlass com/mathworks/widgets/grouptable/GroupingTable$26
instanceKlass com/mathworks/widgets/grouptable/GroupingTableTransaction$Element
instanceKlass com/mathworks/widgets/grouptable/GroupingTableTransaction
instanceKlass com/jidesoft/grid/SortableTableModel$a_
instanceKlass com/mathworks/widgets/grouptable/GroupingTableModel$8
instanceKlass com/mathworks/mlwidgets/explorer/model/table/UiFileList$4
instanceKlass com/mathworks/widgets/grouptable/CombinedExpansionContext$3
instanceKlass com/mathworks/util/RequestQueue$3
instanceKlass com/mathworks/util/RequestQueue$2
instanceKlass com/mathworks/mlwidgets/explorer/model/table/UiFileList$2
instanceKlass com/mathworks/mlwidgets/explorer/model/table/UiFileList$1
instanceKlass com/mathworks/mlwidgets/explorer/model/FileDecorationCache
instanceKlass com/mathworks/mlwidgets/explorer/model/table/FileListExpansionContext
instanceKlass com/mathworks/mlwidgets/explorer/model/table/FileSystemExpansionProvider$State
instanceKlass com/mathworks/widgets/grouptable/CombinedExpansionContext$2
instanceKlass com/mathworks/widgets/grouptable/CombinedExpansionContext$1
instanceKlass com/mathworks/widgets/grouptable/CombinedExpansionContext
instanceKlass com/mathworks/widgets/grouptable/GroupingTableModel$2
instanceKlass com/mathworks/widgets/tooltip/ToolTipAndComponentAWTListener$3
instanceKlass com/mathworks/widgets/tooltip/ToolTipAndComponentAWTListener$1
instanceKlass com/mathworks/widgets/tooltip/ToolTipAndComponentAWTListener$2
instanceKlass com/mathworks/widgets/tooltip/ToolTipAndComponentAWTListener
instanceKlass com/mathworks/widgets/grouptable/ToolTipSupport
instanceKlass com/mathworks/widgets/grouptable/GroupingTable$37
instanceKlass java/awt/font/LineMetrics
instanceKlass sun/font/CoreMetrics
instanceKlass sun/font/StandardGlyphVector$GlyphStrike
instanceKlass sun/font/FontSubstitution
instanceKlass java/awt/font/GlyphVector
instanceKlass com/mathworks/widgets/grouptable/GroupingTable$TableAppearanceFocusListener
instanceKlass com/mathworks/widgets/grouptable/GroupingTable$20
instanceKlass com/mathworks/widgets/grouptable/GroupingTable$22$1
instanceKlass com/mathworks/widgets/grouptable/GroupingTable$25
instanceKlass com/mathworks/widgets/grouptable/GroupingTable$24
instanceKlass com/mathworks/widgets/grouptable/GroupingTable$22
instanceKlass com/mathworks/widgets/grouptable/GroupingTable$8
instanceKlass com/mathworks/widgets/grouptable/GroupingTable$14
instanceKlass com/mathworks/widgets/grouptable/GroupingTable$13
instanceKlass com/mathworks/widgets/grouptable/GroupingTable$12
instanceKlass com/mathworks/widgets/grouptable/GroupingTable$11
instanceKlass com/mathworks/widgets/grouptable/AffordanceManager$6
instanceKlass com/mathworks/widgets/grouptable/GroupingTable$10
instanceKlass com/mathworks/widgets/grouptable/GroupingTable$7
instanceKlass com/mathworks/widgets/grouptable/GroupingTable$9
instanceKlass com/mathworks/widgets/grouptable/GroupingTable$30
instanceKlass java/util/WeakHashMap$HashIterator
instanceKlass com/mathworks/widgets/grouptable/GroupingTable$29
instanceKlass com/mathworks/widgets/grouptable/GroupingTable$28
instanceKlass com/mathworks/widgets/grouptable/GroupingTable$27
instanceKlass com/mathworks/widgets/grouptable/GroupingTable$19
instanceKlass com/mathworks/widgets/grouptable/GroupingTable$18
instanceKlass com/mathworks/util/RequestFilter$1$1
instanceKlass java/awt/Cursor$CursorDisposer
instanceKlass java/awt/image/PixelGrabber
instanceKlass java/awt/image/FilteredImageSource
instanceKlass java/awt/image/ImageFilter
instanceKlass java/awt/Cursor$2
instanceKlass java/awt/Cursor$3
instanceKlass java/awt/dnd/DragSource
instanceKlass java/awt/dnd/DragSourceAdapter
instanceKlass java/awt/dnd/DragSourceMotionListener
instanceKlass java/awt/dnd/DragSourceListener
instanceKlass java/awt/dnd/DragGestureListener
instanceKlass com/mathworks/widgets/grouptable/transfer/TransferController
instanceKlass com/mathworks/widgets/grouptable/GroupingTable$2
instanceKlass com/mathworks/util/RequestAggregator$2
instanceKlass com/mathworks/util/RequestFilter$Request
instanceKlass com/mathworks/widgets/grouptable/AffordanceManager$3
instanceKlass com/mathworks/widgets/grouptable/AffordanceManager$5
instanceKlass com/mathworks/widgets/grouptable/AffordanceManager$4
instanceKlass com/mathworks/widgets/grouptable/AffordanceManager$2
instanceKlass com/mathworks/widgets/grouptable/AffordanceManager$1
instanceKlass com/mathworks/widgets/grouptable/ColumnActions$4
instanceKlass com/mathworks/mwswing/MJCheckBoxMenuItem$ActionPropertyHandler
instanceKlass javax/swing/plaf/basic/BasicIconFactory$MenuItemArrowIcon
instanceKlass com/sun/java/swing/plaf/windows/WindowsCheckBoxMenuItemUI$1
instanceKlass com/mathworks/widgets/grouptable/GroupingTable$1
instanceKlass com/mathworks/widgets/grouptable/DragToSelectHandler$ToggleSelectionPolicy
instanceKlass com/mathworks/widgets/grouptable/DragToSelectHandler$SelectionPolicy
instanceKlass java/util/concurrent/Semaphore
instanceKlass com/mathworks/widgets/grouptable/GroupingTable$DefaultEditHandler
instanceKlass com/jidesoft/grid/TreeTable$0
instanceKlass com/jidesoft/grid/SortableTable$0
instanceKlass com/jidesoft/grid/SortItemSupport
instanceKlass com/jidesoft/grid/IndexChangeListenerHelper
instanceKlass com/jidesoft/grid/TableModelsWrapper
instanceKlass com/jidesoft/grid/SortItemSupport$SortOrderHandler
instanceKlass com/jidesoft/grid/IndexedRowTableModelWrapper
instanceKlass com/jidesoft/grid/RowTableModelWrapper
instanceKlass javax/swing/TransferHandler$DropLocation
instanceKlass com/jidesoft/grid/CellStyleTable$0
instanceKlass com/jidesoft/grid/JideTable$15
instanceKlass java/awt/datatransfer/Transferable
instanceKlass com/jidesoft/grid/EditorStyleTableModel
instanceKlass com/jidesoft/grid/NavigableModel
instanceKlass com/jidesoft/grid/StyleModel
instanceKlass com/jidesoft/grid/JideTable$11
instanceKlass com/jidesoft/grid/ExpandableCell
instanceKlass com/jidesoft/grid/c
instanceKlass com/jidesoft/grid/RendererWrapper
instanceKlass com/jidesoft/swing/DelegateMouseInputListener
instanceKlass javax/swing/plaf/basic/BasicTableUI$Handler
instanceKlass com/jidesoft/plaf/basic/BasicJideTableUIDelegate
instanceKlass com/jidesoft/plaf/TableUIDelegate
instanceKlass com/jidesoft/grid/SortableTableHeaderCellDecorator
instanceKlass com/jidesoft/grid/CellStyleTableHeader$0
instanceKlass com/jidesoft/utils/SortedList
instanceKlass javax/swing/plaf/basic/BasicTableHeaderUI$MouseInputHandler
instanceKlass javax/swing/plaf/basic/BasicTableHeaderUI$1
instanceKlass com/jidesoft/plaf/TableHeaderUIDelegate
instanceKlass com/jidesoft/plaf/DelegateTableHeaderUI
instanceKlass sun/swing/table/DefaultTableCellHeaderRenderer$EmptyIcon
instanceKlass com/jidesoft/grid/TableHeaderCellDecorator
instanceKlass javax/swing/JTable$$Lambda$37
instanceKlass javax/swing/JTable$$Lambda$36
instanceKlass javax/swing/JTable$$Lambda$35
instanceKlass javax/swing/JTable$$Lambda$34
instanceKlass javax/swing/JTable$$Lambda$33
instanceKlass javax/swing/JTable$$Lambda$32
instanceKlass javax/swing/JTable$$Lambda$31
instanceKlass javax/swing/JTable$$Lambda$30
instanceKlass javax/swing/JTable$$Lambda$29
instanceKlass javax/swing/JTable$$Lambda$28
instanceKlass javax/swing/JTable$$Lambda$27
instanceKlass com/jidesoft/grid/JideTable$9
instanceKlass com/jidesoft/grid/JideTable$8
instanceKlass com/jidesoft/filter/Filter
instanceKlass com/jidesoft/grid/TableUtils
instanceKlass com/jidesoft/grid/TableModelWrapper
instanceKlass com/jidesoft/grid/TableModelWrapperUtils
instanceKlass com/jidesoft/grid/ColumnWidthTableModel
instanceKlass com/jidesoft/grid/ColumnIdentifierTableModel
instanceKlass com/jidesoft/swing/AlignmentSupport
instanceKlass com/jidesoft/swing/ComponentStateSupport
instanceKlass com/jidesoft/swing/ButtonStyle
instanceKlass javax/swing/table/DefaultTableColumnModel
instanceKlass javax/swing/table/TableColumnModel
instanceKlass com/mathworks/mlwidgets/explorer/model/table/UiFileList
instanceKlass com/mathworks/mlwidgets/explorer/model/actions/TableActionInput
instanceKlass com/mathworks/widgets/grouptable/SelectOnTypeHandler
instanceKlass com/mathworks/widgets/grouptable/GroupingTableLayout
instanceKlass com/mathworks/widgets/grouptable/AffordanceManager
instanceKlass com/mathworks/widgets/ClosableToolTipData
instanceKlass com/mathworks/matlab/api/explorer/Status
instanceKlass com/mathworks/widgets/grouptable/ColumnActions
instanceKlass com/mathworks/widgets/grouptable/EditOnClickHandler
instanceKlass com/mathworks/widgets/grouptable/DragToSelectHandler
instanceKlass javax/swing/tree/TreePath
instanceKlass com/jidesoft/grid/CellStyleProvider
instanceKlass com/jidesoft/grid/TableStyleProvider
instanceKlass com/jidesoft/grid/CellStyleCustomizer
instanceKlass com/jidesoft/grid/CellStyle
instanceKlass com/jidesoft/swing/Prioritized
instanceKlass com/jidesoft/grid/JideCellEditorListener
instanceKlass com/jidesoft/grid/GridColorProvider
instanceKlass com/jidesoft/grid/TableColumnWidthKeeper
instanceKlass com/jidesoft/grid/JideTable$s_
instanceKlass com/jidesoft/grid/SortTableHeaderRenderer
instanceKlass javax/swing/table/TableColumn
instanceKlass javax/swing/undo/UndoableEditSupport
instanceKlass com/jidesoft/validation/RowValidator
instanceKlass com/jidesoft/validation/Validator
instanceKlass com/jidesoft/validation/ValidationResult
instanceKlass com/jidesoft/grid/RowHeights
instanceKlass com/jidesoft/grid/JideTable$r_
instanceKlass com/mathworks/mlwidgets/explorer/widgets/address/AddressBar$10
instanceKlass com/mathworks/widgets/BusyAffordance$3
instanceKlass com/mathworks/widgets/WorkMonitor$4
instanceKlass com/mathworks/widgets/grouptable/GroupingTableUtils
instanceKlass com/mathworks/widgets/WorkMonitor$5
instanceKlass com/mathworks/widgets/grouptable/GroupingTableModel$7
instanceKlass com/mathworks/widgets/grouptable/RowListTransactionTarget
instanceKlass com/mathworks/widgets/WorkMonitor$3
instanceKlass com/mathworks/widgets/WorkMonitor$2
instanceKlass com/mathworks/widgets/grouptable/GroupingTableResources
instanceKlass com/mathworks/widgets/grouptable/GroupingTableModel$6
instanceKlass com/mathworks/widgets/grouptable/FlatExpansionContext
instanceKlass com/mathworks/widgets/grouptable/GroupingTableModel$ConfigurationListener
instanceKlass com/mathworks/util/TypeFilter
instanceKlass com/mathworks/widgets/grouptable/TransactionProcessor$TransactionCombiner
instanceKlass com/mathworks/widgets/grouptable/TransactionProcessor
instanceKlass com/mathworks/widgets/grouptable/GroupingTablePopulator
instanceKlass com/mathworks/widgets/grouptable/GroupingTableModel$RootContextChangeListener
instanceKlass java/lang/Math$RandomNumberGeneratorHolder
instanceKlass com/jidesoft/grid/DefaultExpandable$0
instanceKlass com/jidesoft/grid/AbstractNode
instanceKlass com/mathworks/widgets/grouptable/GroupingTableModel$GroupingTableDefaultIntegerSettingRetriever
instanceKlass com/mathworks/widgets/grouptable/GroupingTableTransaction$Target
instanceKlass com/mathworks/widgets/grouptable/RowListTransactionTarget$Adapter
instanceKlass com/mathworks/widgets/grouptable/GroupingTableModel$IntegerSettingRetriever
instanceKlass com/mathworks/widgets/grouptable/ExpansionChangeListener
instanceKlass com/jidesoft/grid/ExpandableRow
instanceKlass com/jidesoft/grid/Expandable
instanceKlass javax/swing/table/AbstractTableModel
instanceKlass com/jidesoft/grid/IndexChangeEventGenerator
instanceKlass com/jidesoft/grid/IExpandableTreeTableModel
instanceKlass com/jidesoft/grid/ITreeTableModel
instanceKlass com/jidesoft/grid/MultiTableModel
instanceKlass com/jidesoft/grid/ContextSensitiveTableModel
instanceKlass com/jidesoft/grid/SpanTableModel
instanceKlass com/jidesoft/grid/SpanModel
instanceKlass com/jidesoft/converter/AbstractContext
instanceKlass com/jidesoft/utils/CacheMap
instanceKlass javax/swing/event/TreeWillExpandListener
instanceKlass com/mathworks/widgets/grouptable/NonRectangularCellRenderer
instanceKlass javax/swing/event/TreeExpansionListener
instanceKlass com/mathworks/widgets/grouptable/GroupingTable$MessageFactory
instanceKlass com/mathworks/widgets/grouptable/GroupingTableModel$EditHandler
instanceKlass com/jidesoft/grid/Row
instanceKlass com/jidesoft/grid/Node
instanceKlass com/jidesoft/grid/ISortableTableModel
instanceKlass com/mathworks/mde/explorer/Explorer$5
instanceKlass com/mathworks/mlwidgets/explorer/util/UiFileSystemUtils$6
instanceKlass com/mathworks/mlwidgets/explorer/util/UiFileSystemUtils$7
instanceKlass com/mathworks/mlwidgets/explorer/util/UiFileSystemUtils
instanceKlass com/mathworks/mlwidgets/explorer/model/table/LocationColumn$3
instanceKlass com/mathworks/mlwidgets/explorer/model/table/LocationColumn$2
instanceKlass com/mathworks/mlwidgets/explorer/model/table/LocationColumn$1
instanceKlass com/mathworks/mlwidgets/explorer/model/table/LocationColumn
instanceKlass com/mathworks/mlwidgets/explorer/model/table/LocationAffordance$1
instanceKlass com/mathworks/util/ReturnRunnable
instanceKlass com/mathworks/mlwidgets/explorer/model/table/LocationAffordance
instanceKlass com/mathworks/mde/explorer/DirectoryVsFileSeparator
instanceKlass com/mathworks/mlwidgets/explorer/model/table/ExplorerTableConfigurationSerializer$Debouncer$2
instanceKlass com/mathworks/mlwidgets/explorer/model/table/ExplorerTableConfigurationSerializer$1
instanceKlass com/mathworks/widgets/grouptable/GroupingTableConfiguration$1
instanceKlass com/mathworks/widgets/grouptable/Group
instanceKlass com/mathworks/widgets/grouptable/GroupingTableConfiguration$5
instanceKlass com/mathworks/widgets/grouptable/GroupingTableConfiguration$4$1
instanceKlass com/mathworks/widgets/grouptable/GroupingTableConfiguration$4
instanceKlass com/jidesoft/grid/TableSelectionListener
instanceKlass com/jidesoft/grid/TableSelectionModel
instanceKlass com/jidesoft/swing/AutoCompletion
instanceKlass com/jidesoft/grid/RowHeightChangeListener
instanceKlass com/jidesoft/grid/FilterableTableModelListener
instanceKlass com/mathworks/widgets/grouptable/GroupingTableColumn$2
instanceKlass com/mathworks/widgets/grouptable/GroupingTableConfiguration$3
instanceKlass com/mathworks/widgets/grouptable/GroupingTableConfiguration$ColumnSize
instanceKlass com/mathworks/widgets/grouptable/GroupingTableConfiguration$ColumnConfiguration
instanceKlass com/mathworks/mlwidgets/explorer/model/table/DescriptionAttribute
instanceKlass com/mathworks/widgets/grouptable/VerticalAttribute
instanceKlass com/jidesoft/grid/CellSpan
instanceKlass com/mathworks/widgets/grouptable/GroupingTablePair
instanceKlass com/mathworks/mlwidgets/explorer/model/table/ExplorerTableConfigurationSerializer$Debouncer$1
instanceKlass com/mathworks/mlwidgets/explorer/model/table/ExplorerTableConfigurationSerializer$Debouncer
instanceKlass com/mathworks/mlwidgets/explorer/model/table/ExplorerTableConfigurationSerializer
instanceKlass com/mathworks/mlwidgets/explorer/model/table/TypeColumn$1
instanceKlass com/mathworks/mlwidgets/explorer/model/table/TypeColumn
instanceKlass com/mathworks/mlwidgets/explorer/model/table/DateGroupingMode
instanceKlass com/mathworks/mlwidgets/explorer/model/table/DateColumn$2
instanceKlass com/mathworks/mlwidgets/explorer/model/table/DateColumn$1
instanceKlass com/mathworks/mlwidgets/explorer/model/table/DateColumn
instanceKlass com/mathworks/mlwidgets/explorer/model/table/SizeGroupingMode
instanceKlass com/mathworks/mlwidgets/explorer/model/table/SizeColumn$1
instanceKlass com/mathworks/mlwidgets/explorer/model/table/FileSizeGenerator
instanceKlass com/mathworks/mlwidgets/explorer/model/table/SizeColumn
instanceKlass com/mathworks/mlwidgets/explorer/model/table/StatusGroupingMode
instanceKlass com/mathworks/sourcecontrol/SCStatusColumn$2
instanceKlass com/mathworks/sourcecontrol/SCStatusColumn$1
instanceKlass com/mathworks/sourcecontrol/SCStatusColumn$IconConverter
instanceKlass com/mathworks/sourcecontrol/resources/CFBSCResources
instanceKlass com/mathworks/sourcecontrol/SCStatusColumn
instanceKlass com/mathworks/sourcecontrol/SourceControlUI
instanceKlass com/mathworks/mlwidgets/explorer/model/table/NameColumn$3
instanceKlass com/mathworks/mlwidgets/explorer/model/table/NameColumn$2
instanceKlass com/mathworks/mlwidgets/explorer/model/table/NameColumn$1
instanceKlass com/mathworks/widgets/grouptable/GroupingTableEditor
instanceKlass com/mathworks/mlwidgets/explorer/model/table/NameColumn
instanceKlass com/mathworks/mlwidgets/explorer/model/table/TypeGroupingMode
instanceKlass com/mathworks/mlwidgets/explorer/model/table/FileTypeComparator
instanceKlass com/mathworks/mlwidgets/explorer/model/table/IconColumn$1
instanceKlass com/mathworks/widgets/grouptable/GroupingTableColumn
instanceKlass com/mathworks/widgets/grouptable/GroupingMode
instanceKlass com/mathworks/mlwidgets/explorer/model/table/IconColumn
instanceKlass com/mathworks/widgets/grouptable/ExpansionContext
instanceKlass com/mathworks/mde/explorer/Explorer$14
instanceKlass com/mathworks/mde/explorer/Explorer$13
instanceKlass com/mathworks/mde/explorer/Explorer$12
instanceKlass com/mathworks/mlwidgets/explorer/widgets/address/AddressBar$7
instanceKlass com/mathworks/mlwidgets/explorer/widgets/address/AddressBar$6
instanceKlass com/mathworks/mlwidgets/explorer/widgets/address/GlobalShutdownEventListener
instanceKlass com/mathworks/mlwidgets/explorer/widgets/address/EmptyPoller
instanceKlass com/mathworks/mlwidgets/explorer/widgets/address/BreadcrumbModeComponent$1
instanceKlass com/mathworks/mlwidgets/explorer/widgets/address/AddressBar$9
instanceKlass javax/swing/event/UndoableEditListener
instanceKlass javax/swing/text/DefaultCaret$1
instanceKlass javax/swing/text/AbstractDocument$UndoRedoDocumentEvent
instanceKlass javax/swing/event/DocumentEvent$ElementChange
instanceKlass javax/swing/text/SegmentCache
instanceKlass javax/swing/text/Utilities
instanceKlass javax/swing/event/DocumentEvent$EventType
instanceKlass javax/swing/undo/AbstractUndoableEdit
instanceKlass javax/swing/undo/UndoableEdit
instanceKlass com/mathworks/mlwidgets/explorer/widgets/address/LocationTypingModeComponent$7
instanceKlass com/mathworks/mlwidgets/explorer/widgets/address/DocumentIntelliHints$FileSystemHints$3
instanceKlass com/mathworks/mwswing/DefaultListCellViewerCustomizer
instanceKlass java/awt/dnd/DragGestureRecognizer
instanceKlass com/mathworks/mwswing/MJList$ListAppearanceFocusListener
instanceKlass com/mathworks/mlwidgets/explorer/widgets/address/DocumentIntelliHints$FileSystemHints$1
instanceKlass javax/swing/JComponent$ActionStandin
instanceKlass com/jidesoft/hints/AbstractIntelliHints$2
instanceKlass com/jidesoft/hints/AbstractIntelliHints$1
instanceKlass com/jidesoft/hints/AbstractIntelliHints$4
instanceKlass com/sun/java/swing/plaf/windows/WindowsGraphicsUtils
instanceKlass javax/swing/plaf/basic/BasicComboBoxUI$DefaultKeySelectionManager
instanceKlass javax/swing/JComboBox$KeySelectionManager
instanceKlass javax/swing/plaf/basic/BasicComboBoxUI$ComboBoxLayoutManager
instanceKlass javax/swing/plaf/basic/BasicComboBoxUI$Handler
instanceKlass javax/swing/plaf/basic/BasicComboBoxEditor
instanceKlass javax/swing/ComboBoxEditor
instanceKlass javax/swing/plaf/basic/BasicScrollPaneUI$Handler
instanceKlass javax/swing/plaf/basic/BasicScrollBarUI$ScrollListener
instanceKlass javax/swing/plaf/basic/BasicScrollBarUI$Handler
instanceKlass javax/swing/plaf/basic/BasicScrollBarUI$ModelListener
instanceKlass com/sun/java/swing/plaf/windows/WindowsScrollBarUI$Grid
instanceKlass javax/swing/JScrollBar$ModelListener
instanceKlass java/awt/Adjustable
instanceKlass javax/swing/ViewportLayout
instanceKlass javax/swing/ScrollPaneLayout
instanceKlass javax/swing/plaf/basic/BasicComboPopup$Handler
instanceKlass javax/swing/plaf/basic/BasicComboPopup$EmptyListModelClass
instanceKlass javax/swing/plaf/basic/ComboPopup
instanceKlass com/sun/java/swing/plaf/windows/WindowsComboBoxUI$2
instanceKlass javax/swing/JComboBox$1
instanceKlass javax/swing/MutableComboBoxModel
instanceKlass javax/swing/ComboBoxModel
instanceKlass com/jidesoft/plaf/basic/BasicJidePopupUI$PopupPropertyChangeListener
instanceKlass com/jidesoft/plaf/basic/BasicJidePopupUI$PopupLayout
instanceKlass com/jidesoft/swing/DraggableHandle
instanceKlass com/jidesoft/swing/Alignable
instanceKlass com/jidesoft/swing/ResizableSupport
instanceKlass com/jidesoft/popup/JidePopupFactory
instanceKlass com/jidesoft/hints/AbstractIntelliHints$8$1
instanceKlass com/jidesoft/hints/AbstractIntelliHints$8
instanceKlass com/jidesoft/swing/JideScrollPaneConstants
instanceKlass com/jidesoft/hints/AbstractIntelliHints
instanceKlass com/jidesoft/hints/IntelliHints
instanceKlass com/mathworks/mlwidgets/explorer/widgets/address/DocumentIntelliHints
instanceKlass com/mathworks/mlwidgets/explorer/widgets/address/LocationTypingModeComponent$6
instanceKlass com/mathworks/mlwidgets/explorer/widgets/address/LocationTypingModeComponent
instanceKlass com/mathworks/mlwidgets/explorer/widgets/address/SearchModeComponent$7$1
instanceKlass com/mathworks/mlwidgets/explorer/widgets/address/SearchModeComponent$7
instanceKlass com/mathworks/mlwidgets/explorer/widgets/address/SearchModeComponent$3
instanceKlass com/mathworks/mlwidgets/explorer/widgets/address/SearchModeComponent$2
instanceKlass com/mathworks/mlwidgets/explorer/widgets/address/AddressBarTextFieldUtils
instanceKlass com/mathworks/util/RequestFilter$1
instanceKlass com/mathworks/util/RequestAggregator
instanceKlass com/mathworks/mlwidgets/explorer/widgets/address/SearchModeComponent$1
instanceKlass com/mathworks/util/Combiner
instanceKlass com/mathworks/util/RequestFilter
instanceKlass com/mathworks/mlwidgets/explorer/widgets/address/SearchModeComponent
instanceKlass org/apache/commons/lang/StringUtils
instanceKlass com/mathworks/util/ParameterRunnable
instanceKlass com/mathworks/mlwidgets/explorer/widgets/address/AddressBarButtonUtils$4
instanceKlass com/mathworks/mlwidgets/explorer/widgets/address/AddressBarButtonUtils$3
instanceKlass com/mathworks/mlwidgets/explorer/widgets/address/AddressBarButtonUtils$2
instanceKlass com/mathworks/mlwidgets/explorer/widgets/address/AddressBarButtonUtils$1
instanceKlass com/mathworks/mlwidgets/explorer/widgets/address/PaintingUtils
instanceKlass java/awt/geom/Line2D
instanceKlass com/mathworks/mlwidgets/explorer/widgets/address/AddressBarIcon
instanceKlass com/mathworks/mlwidgets/explorer/widgets/address/AddressBarButton
instanceKlass com/mathworks/mlwidgets/explorer/widgets/address/AddressBarButtonUtils
instanceKlass com/mathworks/mlwidgets/explorer/model/realfs/StatToEntryAdapter
instanceKlass com/mathworks/mlwidgets/explorer/model/AbstractFileList$1
instanceKlass com/mathworks/util/AsyncReceiverUtils
instanceKlass com/mathworks/mlwidgets/explorer/model/overlayfs/OverlayFileList$1
instanceKlass com/mathworks/util/Holder
instanceKlass com/mathworks/mlwidgets/explorer/widgets/address/BreadcrumbModeComponent$State
instanceKlass com/mathworks/mlwidgets/explorer/widgets/address/IconLabel
instanceKlass com/mathworks/mlwidgets/explorer/widgets/address/AddressBar$8
instanceKlass com/mathworks/mlwidgets/explorer/widgets/address/AddressBarButtonPanel$StateChangeListener
instanceKlass com/mathworks/mlwidgets/explorer/widgets/address/AddressBarButtonPanel
instanceKlass com/mathworks/mlwidgets/explorer/widgets/address/BreadcrumbModeComponent
instanceKlass com/mathworks/mlwidgets/explorer/widgets/address/SearchButton$4
instanceKlass com/mathworks/mlwidgets/explorer/widgets/address/SearchButton$3
instanceKlass com/mathworks/mlwidgets/explorer/widgets/address/AddressBar$2
instanceKlass com/mathworks/mlwidgets/explorer/widgets/address/SearchButton
instanceKlass com/mathworks/util/MulticastChangeListener
instanceKlass com/mathworks/mde/explorer/Explorer$11
instanceKlass com/mathworks/mlwidgets/explorer/widgets/address/AddressBarModeComponent
instanceKlass com/mathworks/mlwidgets/explorer/model/navigation/NavigationHistory$3
instanceKlass com/mathworks/mlwidgets/explorer/util/MacEncodingBugWorkaround
instanceKlass com/mathworks/mlwidgets/explorer/model/navigation/NavigationHistory$HistoryItem
instanceKlass com/mathworks/mlwidgets/explorer/model/navigation/NavigationHistory$4
instanceKlass com/mathworks/util/MRUList
instanceKlass com/mathworks/mlwidgets/explorer/model/navigation/NavigationHistory
instanceKlass com/mathworks/mde/explorer/Explorer$8
instanceKlass com/mathworks/widgets/WorkMonitor$Task
instanceKlass com/mathworks/mde/explorer/Explorer$18
instanceKlass com/mathworks/sourcecontrol/SourceControlManagerPluginImpl
instanceKlass com/mathworks/mlwidgets/explorer/SourceControlManager
instanceKlass com/mathworks/mlwidgets/explorer/model/AbstractFileList
instanceKlass com/mathworks/matlab/api/explorer/FileSystemEntry
instanceKlass com/mathworks/matlab/api/explorer/FileSystemEntryFactory
instanceKlass com/mathworks/cfbutils/StatEntry
instanceKlass com/mathworks/mlwidgets/explorer/model/overlayfs/OverlayFileList
instanceKlass com/mathworks/mlwidgets/explorer/model/vfs/VirtualFileList
instanceKlass com/mathworks/mlwidgets/explorer/model/vfs/VirtualTarget
instanceKlass com/mathworks/mlwidgets/explorer/model/navigation/NavigationContext$State
instanceKlass com/mathworks/util/NamedDaemonThreadFactory
instanceKlass com/mathworks/util/ExecutorServiceFactory
instanceKlass com/mathworks/mlwidgets/explorer/model/table/RefreshDaemon$4
instanceKlass com/mathworks/mlwidgets/explorer/model/ExplorerPrefs$1
instanceKlass com/mathworks/mlwidgets/explorer/model/table/RefreshDaemon
instanceKlass com/mathworks/mlwidgets/explorer/model/table/ExplorerRefreshDaemon
instanceKlass com/mathworks/mlwidgets/explorer/util/MLFileSystemUtils
instanceKlass com/mathworks/mlwidgets/explorer/model/vfs/LocationMap$Node
instanceKlass com/mathworks/mlwidgets/explorer/model/vfs/LocationMap
instanceKlass com/mathworks/mlwidgets/explorer/model/editorfs/EditorFileSystem$2
instanceKlass com/mathworks/mlwidgets/explorer/model/editorfs/EditorFileSystem$1
instanceKlass com/mathworks/mde/editor/MatlabEditorApplication$6
instanceKlass com/mathworks/mde/editor/MatlabEditorApplication$13
instanceKlass com/mathworks/cfbutils/FileSystemNotificationUtils
instanceKlass com/mathworks/cfbutils/FileSystemAdapter
instanceKlass com/mathworks/mde/editor/breakpoints/DebugAdapter
instanceKlass com/mathworks/mde/editor/breakpoints/MatlabDebugInterestNotifier$1
instanceKlass com/mathworks/mde/editor/breakpoints/MatlabDebugInterestNotifier$5
instanceKlass com/mathworks/mde/editor/breakpoints/MatlabDebugInterestNotifier$3
instanceKlass com/mathworks/mde/editor/breakpoints/MatlabDebugInterestNotifier$2
instanceKlass com/mathworks/mde/editor/breakpoints/MatlabDebugInterestRegistrant$1
instanceKlass com/mathworks/mde/editor/breakpoints/MatlabDebugInterestNotifier$4
instanceKlass com/mathworks/mde/editor/breakpoints/MatlabDebugInterestRegistrant
instanceKlass com/mathworks/mde/editor/breakpoints/MatlabDebugger$1
instanceKlass com/mathworks/mde/editor/breakpoints/MatlabDebugInterestRegistrant$MessageHandler
instanceKlass com/mathworks/mde/editor/breakpoints/MatlabDebugInterestNotifier
instanceKlass ca/odell/glazedlists/impl/WeakReferenceProxy
instanceKlass ca/odell/glazedlists/event/SequenceDependenciesEventPublisher$SubjectAndListener
instanceKlass ca/odell/glazedlists/impl/adt/barcode2/SimpleTree
instanceKlass ca/odell/glazedlists/impl/sort/ComparableComparator
instanceKlass ca/odell/glazedlists/FunctionList$Function
instanceKlass ca/odell/glazedlists/gui/TableFormat
instanceKlass ca/odell/glazedlists/Filterator
instanceKlass ca/odell/glazedlists/ObservableElementList$Connector
instanceKlass ca/odell/glazedlists/ThresholdList$Evaluator
instanceKlass ca/odell/glazedlists/matchers/MatcherEditor
instanceKlass ca/odell/glazedlists/CollectionList$Model
instanceKlass ca/odell/glazedlists/TextFilterator
instanceKlass ca/odell/glazedlists/GlazedLists
instanceKlass ca/odell/glazedlists/impl/adt/barcode2/Element
instanceKlass ca/odell/glazedlists/impl/adt/barcode2/FourColorTree
instanceKlass ca/odell/glazedlists/impl/adt/barcode2/ListToByteCoder
instanceKlass ca/odell/glazedlists/impl/event/Tree4Deltas
instanceKlass ca/odell/glazedlists/impl/adt/gnutrove/TIntArrayList
instanceKlass ca/odell/glazedlists/impl/event/BlockSequence
instanceKlass ca/odell/glazedlists/event/ListEventAssembler$ListSequencePublisherAdapter$ListEventFormat
instanceKlass ca/odell/glazedlists/event/SequenceDependenciesEventPublisher$EventFormat
instanceKlass ca/odell/glazedlists/event/ListEventAssembler$ListSequencePublisherAdapter
instanceKlass ca/odell/glazedlists/event/ListEventAssembler$PublisherAdapter
instanceKlass ca/odell/glazedlists/event/SequenceDependenciesEventPublisher
instanceKlass ca/odell/glazedlists/event/ListEventAssembler$AssemblerHelper
instanceKlass ca/odell/glazedlists/event/ListEventPublisher
instanceKlass ca/odell/glazedlists/event/ListEventAssembler
instanceKlass ca/odell/glazedlists/impl/java15/LockAdapter
instanceKlass ca/odell/glazedlists/impl/java15/J2SE50ReadWriteLock
instanceKlass ca/odell/glazedlists/util/concurrent/ReadWriteLock
instanceKlass ca/odell/glazedlists/util/concurrent/Lock
instanceKlass ca/odell/glazedlists/impl/java15/J2SE50LockFactory
instanceKlass ca/odell/glazedlists/util/concurrent/DelegateLockFactory
instanceKlass ca/odell/glazedlists/util/concurrent/LockFactory
instanceKlass ca/odell/glazedlists/SortedList$ElementRawOrderComparator
instanceKlass ca/odell/glazedlists/SortedList$ElementComparator
instanceKlass com/mathworks/mde/editor/breakpoints/MatlabDebugger$6
instanceKlass com/mathworks/mde/editor/breakpoints/MatlabDebugInterestNotifier$RegistrationListener
instanceKlass ca/odell/glazedlists/AbstractEventList
instanceKlass ca/odell/glazedlists/event/ListEventListener
instanceKlass com/mathworks/mde/editor/breakpoints/MatlabDebugger
instanceKlass com/mathworks/matlab/api/debug/Debugger
instanceKlass ca/odell/glazedlists/EventList
instanceKlass ca/odell/glazedlists/matchers/Matcher
instanceKlass com/mathworks/mde/editor/breakpoints/MatlabBreakpointUtils
instanceKlass com/mathworks/widgets/datamodel/AbstractBackingStore
instanceKlass com/mathworks/widgets/datamodel/AbstractFileBackingStore$SaveInterceptor
instanceKlass com/mathworks/cfbutils/FileSystemListener
instanceKlass com/mathworks/matlab/api/datamodel/BackingStore
instanceKlass com/mathworks/matlab/api/dataview/UiInfoProvider
instanceKlass com/mathworks/matlab/api/debug/DebugListener
instanceKlass com/mathworks/widgets/datamodel/AbstractFileBackingStore$FileChooserSetupDelegate
instanceKlass com/mathworks/widgets/datamodel/TextFileBackingStore$EncodingProvider
instanceKlass com/mathworks/widgets/datamodel/AbstractFileBackingStore$DefaultFileNameProvider
instanceKlass com/mathworks/mde/autosave/AutoSaveImplementor
instanceKlass com/mathworks/jmi/AWTUtilities$InvocationRunnable
instanceKlass com/mathworks/mde/editor/MatlabEditorApplication
instanceKlass com/mathworks/matlab/api/editor/EditorApplication
instanceKlass com/mathworks/mlwidgets/explorer/model/editorfs/EditorFileSystem
instanceKlass com/mathworks/util/ThrowableClosure
instanceKlass com/mathworks/mlwidgets/explorer/model/realfs/RealFileSystem
instanceKlass com/mathworks/mlwidgets/explorer/model/overlayfs/OverlayFileSystem
instanceKlass com/mathworks/matlab/api/explorer/FileSystemTransaction
instanceKlass com/mathworks/matlab/api/explorer/FileList
instanceKlass com/mathworks/mlwidgets/explorer/extensions/archive/ZipFileMounter
instanceKlass com/mathworks/mde/liveeditor/OpenAsLiveCodeActionProvider
instanceKlass com/mathworks/cfbutils/NativeCfb
instanceKlass com/mathworks/fileutils/MLFileIconUtils
instanceKlass com/mathworks/mlwidgets/explorer/extensions/basic/DefaultFileInfoProvider
instanceKlass com/mathworks/mlwidgets/explorer/extensions/basic/JSZipFileIconInfoProvider
instanceKlass com/mathworks/mlwidgets/explorer/extensions/matlab/EditorFileInfoProvider
instanceKlass com/mathworks/mlwidgets/explorer/extensions/basic/BasicTableActionProvider
instanceKlass com/mathworks/mde/explorer/ShowDetailsProvider
instanceKlass com/mathworks/mlwidgets/explorer/extensions/basic/CoreExternalActionProvider
instanceKlass com/mathworks/mlwidgets/explorer/extensions/basic/CoreWriteActionProvider
instanceKlass com/mathworks/mlwidgets/explorer/extensions/basic/CoreReadActionProvider
instanceKlass com/mathworks/mde/explorer/NavigationActionProvider
instanceKlass com/mathworks/matlab/api/explorer/StateChangeNotifier
instanceKlass com/mathworks/mde/explorer/PathActionProvider
instanceKlass com/mathworks/mlwidgets/explorer/util/TransactionLogic
instanceKlass com/mathworks/mlwidgets/explorer/extensions/archive/ZipFileActionProvider
instanceKlass com/mathworks/mlwidgets/explorer/extensions/archive/ZipFileInfoProvider
instanceKlass com/mathworks/util/RequestQueue
instanceKlass com/mathworks/mlwidgets/explorer/extensions/archive/ZipFileContentInfoProvider
instanceKlass com/mathworks/mlwidgets/explorer/extensions/basic/TextFileInfoProvider
instanceKlass com/mathworks/mlwidgets/explorer/extensions/matlab/MFolderInfoProvider
instanceKlass com/mathworks/storage/matlabdrivedesktop/SharingFeatureSwitch
instanceKlass com/mathworks/storage/matlabdrivedesktop/MatlabDriveSharingActionProvider
instanceKlass com/mathworks/storage/matlabdrivedesktop/TripwireConnectivityImpl
instanceKlass com/mathworks/storage/matlabdrivedesktop/TripwireAction
instanceKlass com/mathworks/storage/matlabdrivedesktop/TripwireConnectivity
instanceKlass com/mathworks/storage/matlabdrivedesktop/TripwireActionCalculatorImpl
instanceKlass com/mathworks/storage/matlabdrivedesktop/TripwireActionCalculator
instanceKlass com/mathworks/storage/matlabdrivedesktop/TripwireHandler
instanceKlass com/mathworks/storage/matlabdrivedesktop/ActionFinishListener
instanceKlass com/mathworks/storage/mldrivetripwireaccess/NativeMLDriveTripwireAccess
instanceKlass com/mathworks/storage/mldrivetripwireaccess/MLDriveTripwireAccess
instanceKlass com/mathworks/storage/matlabdrivedesktop/MatlabDriveActionProvider
instanceKlass com/mathworks/storage/matlabdrivedesktop/MatlabDriveFileInfoProvider
instanceKlass com/mathworks/mlwidgets/explorer/extensions/basic/MacPackageInfoProvider
instanceKlass com/mathworks/explorer/RunnableFileInfoProvider
instanceKlass com/mathworks/mlwidgets/explorer/extensions/matlab/FIGFileInfoProvider
instanceKlass com/mathworks/mlwidgets/explorer/extensions/matlab/GUIDEFileInfoProvider
instanceKlass com/mathworks/mlwidgets/explorer/extensions/matlab/MEXFileInfoProvider
instanceKlass com/mathworks/mlwidgets/explorer/extensions/basic/PFileInfoProvider
instanceKlass com/mathworks/explorer/MATFileInfoProvider
instanceKlass com/mathworks/explorer/MatlabCodeFileActionProvider
instanceKlass com/mathworks/mde/liveeditor/MlxFileInfoProvider
instanceKlass com/mathworks/mlwidgets/explorer/extensions/matlab/MFileInfoProvider
instanceKlass com/mathworks/util/DeferrableRetriever
instanceKlass com/mathworks/mlwidgets/explorer/extensions/basic/ImageFileInfoProvider
instanceKlass com/mathworks/sourcecontrol/SCAdapterActionProvider$CMFileProvider
instanceKlass com/mathworks/cmlink/api/customization/CMWidget
instanceKlass com/mathworks/cmlink/api/customization/CustomizationWidgetFactory
instanceKlass com/mathworks/sourcecontrol/SccFileProvider
instanceKlass com/mathworks/sourcecontrol/SCAdapterActionProvider
instanceKlass com/mathworks/sourcecontrol/SccFileListener
instanceKlass com/mathworks/toolbox/shared/hwconnectinstaller/common/SignpostFileInfoProvider
instanceKlass com/mathworks/appmanagement/AppFileInfoProvider
instanceKlass com/mathworks/toolbox/shared/mldatx/MLDATXFileInfoProvider
instanceKlass com/mathworks/toolboxmanagement/ToolboxFileInfoProvider
instanceKlass com/mathworks/toolbox/matlab/appdesigner/MlappMatlabOnlineFileInfoProvider
instanceKlass com/mathworks/toolbox/matlab/appdesigner/MlappFileInfoProvider
instanceKlass com/mathworks/mde/difftool/DiffToolUtils
instanceKlass com/mathworks/mde/difftool/ComparisonControl
instanceKlass com/mathworks/mde/difftool/DiffReportImplementor
instanceKlass com/mathworks/mde/difftool/DiffToolControl
instanceKlass com/mathworks/mde/difftool/DiffActionProvider$DocumentDiffToolInfo
instanceKlass com/mathworks/mde/difftool/SelectedFilesDiffToolInfo
instanceKlass com/mathworks/mde/difftool/DiffActionProvider
instanceKlass com/mathworks/explorer/KeyBindingProvider
instanceKlass com/mathworks/matlab/api/explorer/ActionComponentProvider
instanceKlass com/mathworks/mlwidgets/explorer/extensions/matlab/PathAffordanceActionProvider
instanceKlass com/mathworks/project/impl/ProjectFileInfoProvider
instanceKlass com/mathworks/toolbox/slprojectdependency/ManifestFileInfoProvider
instanceKlass com/mathworks/toolbox/slproject/resources/SlProjectIcons
instanceKlass com/mathworks/toolbox/slproject/project/archiving/ProjectArchiveInfoProvider
instanceKlass com/mathworks/toolbox/slproject/resources/SlProjectResources
instanceKlass org/xml/sax/helpers/DefaultHandler
instanceKlass org/xml/sax/DTDHandler
instanceKlass com/mathworks/toolbox/slproject/project/ProjectFileInfoProvider
instanceKlass com/mathworks/matlab/api/explorer/FileDecoration
instanceKlass com/mathworks/util/Converter
instanceKlass com/mathworks/toolbox/stateflow_desktop_integration/StateflowFileInfoProvider
instanceKlass com/mathworks/toolbox/coder/plugin/CoderResources
instanceKlass com/mathworks/matlab/api/explorer/MenuSection
instanceKlass com/mathworks/matlab/api/explorer/ActionDefinition
instanceKlass com/mathworks/toolbox/coder/screener/ScreenerActionProvider
instanceKlass com/mathworks/fl/i18n/XMLMessageSystemJNI
instanceKlass com/mathworks/fl/i18n/XMLMessageSystem
instanceKlass com/mathworks/util/AsyncReceiver
instanceKlass com/mathworks/matlab/api/explorer/StatusRunnable
instanceKlass com/mathworks/toolbox/classdiagramcfb/ClassDiagramActionProvider
instanceKlass com/mathworks/matlab/api/explorer/ActionProvider
instanceKlass com/mathworks/matlab/api/explorer/FileInfoProvider
instanceKlass com/mathworks/matlab/api/explorer/AutoMounter
instanceKlass com/mathworks/mlwidgets/explorer/model/ExplorerExtensionRegistry
instanceKlass com/mathworks/matlab/api/explorer/SearchCriteria
instanceKlass com/mathworks/mlwidgets/explorer/ExplorerSplitPanePrefs
instanceKlass com/mathworks/mlwidgets/explorer/model/vfs/VirtualFileSystem
instanceKlass com/mathworks/matlab/api/explorer/ExtensionRegistry
instanceKlass com/mathworks/mlwidgets/explorer/model/actions/ActionManager
instanceKlass com/mathworks/mlwidgets/explorer/DetailViewer
instanceKlass com/mathworks/widgets/WorkMonitor
instanceKlass com/mathworks/mlwidgets/explorer/model/table/FileSystemExpansionProvider
instanceKlass com/mathworks/mlwidgets/explorer/ExplorerSplitPane
instanceKlass com/mathworks/widgets/grouptable/GroupingTableConfiguration
instanceKlass com/mathworks/mlwidgets/explorer/model/navigation/NavigationContext
instanceKlass com/mathworks/mlwidgets/explorer/widgets/address/AddressBar
instanceKlass com/mathworks/mde/explorer/ExplorerToolbar
instanceKlass com/mathworks/widgets/desk/DTTitleChangeHandler
instanceKlass com/mathworks/widgets/desk/DTToolBarInfo
instanceKlass com/mathworks/widgets/desk/Desktop$ClientListenerData
instanceKlass com/mathworks/mde/help/MLHelpBrowserGroup$DDuxResizedActionListener
instanceKlass com/mathworks/help/helpui/HelpBrowserResourceBundle
instanceKlass com/mathworks/help/helpui/HelpBrowserUtils
instanceKlass com/mathworks/mlwidgets/help/messages/ChangeTitleMessageHandler$TitleChangedListener
instanceKlass com/mathworks/mlwidgets/help/messages/HelpPanelCurrentLocationHandler$PageInfoListener
instanceKlass java/awt/dnd/DropTargetAdapter
instanceKlass com/mathworks/mde/webbrowser/WebBrowserUtils
instanceKlass com/mathworks/matlab/api/editor/EditorApplicationListener
instanceKlass com/mathworks/mde/editor/EditorGroup$4
instanceKlass com/mathworks/mde/editor/EditorGroup$3
instanceKlass com/mathworks/mde/editor/EditorGroup$2
instanceKlass com/mathworks/mde/editor/EditorAction
instanceKlass com/mathworks/matlab/api/toolbars/ToolBars
instanceKlass com/mathworks/matlab/api/toolbars/ToolBarGroupID
instanceKlass com/mathworks/matlab/api/toolbars/ToolBarBuilder
instanceKlass com/mathworks/widgets/text/STPInterface
instanceKlass com/mathworks/widgets/text/STPBaseInterface
instanceKlass com/mathworks/widgets/text/STPViewInterface
instanceKlass com/mathworks/widgets/text/STPModelInterface
instanceKlass com/mathworks/widgets/text/STPBaseModelInterface
instanceKlass com/mathworks/matlab/api/menus/MenuBuilder
instanceKlass com/mathworks/matlab/api/menus/MenuGroupID
instanceKlass com/mathworks/matlab/api/menus/MenuContext
instanceKlass com/mathworks/mde/editor/ActionManager$KeyBindingContributorProvider
instanceKlass com/mathworks/mde/editor/ActionManager
instanceKlass com/mathworks/mde/editor/EditorGroup$1
instanceKlass com/mathworks/mde/editor/EditorGroup$8
instanceKlass com/mathworks/apache/commons/lang3/text/StrTokenizer
instanceKlass com/mathworks/apache/commons/lang3/text/StrBuilder
instanceKlass com/mathworks/apache/commons/lang3/text/StrLookup
instanceKlass com/mathworks/apache/commons/lang3/StringUtils
instanceKlass com/mathworks/apache/commons/lang3/text/StrMatcher
instanceKlass com/mathworks/apache/commons/lang3/text/StrSubstitutor
instanceKlass java/nio/file/CopyOption
instanceKlass sun/nio/fs/WindowsUriSupport
instanceKlass com/mathworks/webservices/urlmanager/ReleaseEnvImpl
instanceKlass com/mathworks/webservices/urlmanager/ReleaseEnv
instanceKlass com/mathworks/webservices/urlmanager/UrlManagerFactory
instanceKlass com/mathworks/mlwebservices/WSEndPoints
instanceKlass com/mathworks/brsanthu/dataexporter/DataExporter
instanceKlass com/mathworks/apache/commons/cli/CommandLineParser
instanceKlass com/mathworks/webservices/urlmanager/UrlManager
instanceKlass com/mathworks/matlab_login/StatusUpdateListener
instanceKlass com/mathworks/mde/desk/LoginStatusIndicator
instanceKlass com/mathworks/services/lmgr/NativeLmgr
instanceKlass com/mathworks/mde/desk/MLNotificationUIProvider$1
instanceKlass com/mathworks/mde/desk/MLNotificationUIProvider$BadgeActionListener$3
instanceKlass com/mathworks/widgets/HyperlinkTextLabel$HyperlinkHandler
instanceKlass com/mathworks/mde/desk/MLNotificationUIProvider$BadgeActionListener
instanceKlass com/mathworks/mde/desk/MLNotificationUIProvider
instanceKlass com/mathworks/mde/help/DocCenterBrowserSearchBox$2
instanceKlass com/mathworks/toolstrip/components/popups/ListItem
instanceKlass com/mathworks/toolstrip/components/popups/PopupList$2
instanceKlass com/mathworks/toolstrip/components/popups/PopupList$1
instanceKlass javax/swing/plaf/basic/BasicListUI$Handler
instanceKlass javax/swing/DefaultListSelectionModel
instanceKlass javax/swing/ListSelectionModel
instanceKlass javax/swing/AbstractListModel
instanceKlass com/mathworks/mwswing/FocusReturnHandler
instanceKlass com/mathworks/mde/help/DocCenterBrowserSearchBox$SearchActionListener
instanceKlass com/jidesoft/swing/SelectAllUtils
instanceKlass com/mathworks/widgets/SearchTextField$4
instanceKlass com/jgoodies/forms/factories/ComponentFactory2
instanceKlass com/jgoodies/forms/factories/ComponentFactory
instanceKlass com/jgoodies/forms/builder/AbstractFormBuilder
instanceKlass com/jgoodies/forms/layout/CellConstraints$Alignment
instanceKlass com/jgoodies/forms/layout/CellConstraints
instanceKlass com/jgoodies/forms/layout/FormLayout$CachingMeasure
instanceKlass com/jgoodies/forms/layout/FormLayout$ComponentSizeCache
instanceKlass com/jgoodies/forms/util/FormUtils
instanceKlass com/jgoodies/forms/layout/FormSpecParser
instanceKlass com/jgoodies/forms/layout/BoundedSize
instanceKlass com/jgoodies/forms/util/LayoutStyle
instanceKlass com/jgoodies/forms/layout/Sizes$ComponentSize
instanceKlass com/jgoodies/forms/layout/ConstantSize$Unit
instanceKlass com/jgoodies/forms/layout/ConstantSize
instanceKlass com/jgoodies/forms/util/UnitConverter
instanceKlass com/jgoodies/forms/layout/Sizes
instanceKlass com/jgoodies/forms/layout/FormSpec$DefaultAlignment
instanceKlass com/jgoodies/forms/layout/FormSpec
instanceKlass com/jgoodies/forms/layout/Size
instanceKlass com/jgoodies/forms/factories/FormFactory
instanceKlass com/jgoodies/forms/layout/LayoutMap
instanceKlass com/jgoodies/forms/layout/FormLayout$Measure
instanceKlass com/jgoodies/forms/layout/FormLayout
instanceKlass com/mathworks/widgets/WindowsWidgetFactory$SearchAndClearButton$1
instanceKlass javax/swing/text/Segment
instanceKlass java/text/CharacterIterator
instanceKlass com/mathworks/widgets/WindowsWidgetFactory
instanceKlass com/mathworks/widgets/SearchTextField$6
instanceKlass com/mathworks/widgets/WidgetUtils
instanceKlass javax/accessibility/AccessibleExtendedText
instanceKlass javax/accessibility/AccessibleEditableText
instanceKlass javax/swing/event/CaretListener
instanceKlass com/mathworks/widgets/PromptingTextField$1
instanceKlass org/apache/commons/lang/ArrayUtils
instanceKlass com/mathworks/mwswing/SelectAllOnFocusListener$2
instanceKlass com/mathworks/mwswing/MJPopupMenu$CloseListener
instanceKlass com/mathworks/mwswing/binding/DefaultKeyBindings
instanceKlass javax/swing/JTextField$ScrollRepainter
instanceKlass javax/swing/DefaultBoundedRangeModel
instanceKlass javax/swing/BoundedRangeModel
instanceKlass javax/swing/plaf/synth/SynthUI
instanceKlass javax/swing/plaf/synth/SynthConstants
instanceKlass javax/swing/text/JTextComponent$DefaultKeymap
instanceKlass javax/swing/text/Keymap
instanceKlass javax/swing/text/TabExpander
instanceKlass javax/swing/TransferHandler$TransferSupport
instanceKlass javax/swing/TransferHandler$DropHandler
instanceKlass javax/swing/text/DefaultHighlighter$SafeDamager
instanceKlass javax/swing/text/LayeredHighlighter$LayerPainter
instanceKlass javax/swing/text/Highlighter$HighlightPainter
instanceKlass javax/swing/text/Highlighter$Highlight
instanceKlass javax/swing/text/LayeredHighlighter
instanceKlass javax/swing/text/Highlighter
instanceKlass javax/swing/text/DefaultCaret$Handler
instanceKlass java/awt/datatransfer/ClipboardOwner
instanceKlass javax/swing/text/Caret
instanceKlass javax/swing/plaf/basic/DragRecognitionSupport$BeforeDrag
instanceKlass javax/swing/plaf/basic/BasicTextUI$UpdateHandler
instanceKlass javax/swing/text/View
instanceKlass javax/swing/text/Position$Bias
instanceKlass javax/swing/TransferHandler
instanceKlass com/mathworks/mwswing/SelectAllOnFocusListener
instanceKlass com/mathworks/mwswing/MJTextField$TextAppearanceFocusListener
instanceKlass com/mathworks/mwswing/AppearanceFocusDispatcher
instanceKlass javax/swing/text/JTextComponent$1
instanceKlass sun/swing/SwingAccessor$JTextComponentAccessor
instanceKlass com/mathworks/mwswing/AppearanceFocusListener
instanceKlass com/mathworks/widgets/SearchTextField
instanceKlass com/mathworks/mlwidgets/help/HelpUtils$DefaultDependencyProvider
instanceKlass com/mathworks/helpsearch/index/LocalizedFileLocator
instanceKlass com/mathworks/html/UrlTransformer
instanceKlass com/mathworks/mlwidgets/help/HelpUtils$HelpDependencyProvider
instanceKlass com/mathworks/mlwidgets/help/HelpUtils
instanceKlass com/mathworks/mde/help/suggestion/SuggestionRequest
instanceKlass com/mathworks/helpsearch/facets/Facetable
instanceKlass com/mathworks/helpsearch/suggestion/DocumentationSuggestionProvider
instanceKlass com/mathworks/helpsearch/product/DocSetItemResolver
instanceKlass com/mathworks/search/SearchField
instanceKlass com/mathworks/help/helpui/DocConfig
instanceKlass com/mathworks/mde/help/suggestion/SuggestionRequest$Listener
instanceKlass com/mathworks/widgets/SearchTextField$Listener
instanceKlass com/mathworks/mde/help/DocCenterBrowserSearchBox
instanceKlass com/mathworks/services/binding/PreferenceState
instanceKlass com/mathworks/widgets/desk/DTKeyBindings
instanceKlass com/mathworks/widgets/desk/DTBorderContainer$1
instanceKlass com/mathworks/mwswing/MouseLatch
instanceKlass com/mathworks/widgets/desk/DTBorderContainer$EdgeOccupant
instanceKlass com/mathworks/mde/desk/MLMainFrame$1
instanceKlass com/mathworks/mde/desk/MLFeatures
instanceKlass com/mathworks/mde/desk/MLMainFrame$StatusTextListener
instanceKlass com/mathworks/widgets/desk/DTMultipleClientFrame$2
instanceKlass com/mathworks/mwswing/SystemGraphicsEnvironment
instanceKlass com/mathworks/mwswing/ScreenInformationProvider
instanceKlass com/mathworks/mwswing/WindowUtils
instanceKlass com/mathworks/widgets/desk/DTMultipleClientFrame$1
instanceKlass com/mathworks/toolstrip/accessories/ToolstripContextMenu$ContextEventListener
instanceKlass com/mathworks/toolstrip/accessories/ToolstripContextMenu
instanceKlass com/mathworks/toolstrip/DefaultToolstrip$1
instanceKlass com/mathworks/toolstrip/impl/ToolstripTabContentPanel$1
instanceKlass com/mathworks/toolstrip/plaf/ToolstripTabContentUI$MyBorder
instanceKlass com/mathworks/toolstrip/plaf/SectionWithHeaderUI$SectionWithHeaderLayout
instanceKlass com/mathworks/toolstrip/plaf/ToolstripTabLayout
instanceKlass com/mathworks/toolstrip/DefaultToolstrip$3
instanceKlass com/mathworks/mwswing/SimpleStringTrimmer
instanceKlass com/mathworks/toolstrip/plaf/ToolstripHeaderUI$HeaderLayout
instanceKlass com/mathworks/toolstrip/plaf/ToolstripHeaderUI$1
instanceKlass com/mathworks/util/event/AWTMouseListener
instanceKlass com/mathworks/util/event/AWTKeyListener
instanceKlass com/mathworks/widgets/desk/DTFrame$7
instanceKlass com/mathworks/widgets/desk/DTFrame$6
instanceKlass java/util/EnumMap$EnumMapIterator
instanceKlass com/mathworks/toolstrip/components/gallery/GalleryButton$1
instanceKlass com/mathworks/toolstrip/accessories/CalloutToolTipManager
instanceKlass com/mathworks/mwswing/StringTrimmer
instanceKlass com/mathworks/toolstrip/accessories/ToolTipContentProvider
instanceKlass com/mathworks/toolstrip/accessories/CalloutToolTipManager$Client
instanceKlass com/mathworks/util/async/Status
instanceKlass com/mathworks/toolstrip/accessories/QuickAccessToolBar$4
instanceKlass com/mathworks/util/AllPredicate
instanceKlass com/mathworks/widgets/desk/DTFrame$QuickAccessBarContextFilter
instanceKlass com/mathworks/mde/desk/MLDesktop$13
instanceKlass com/mathworks/widgets/desk/DTFrame$5
instanceKlass com/mathworks/widgets/desk/DTBorderFactory
instanceKlass com/mathworks/widgets/desk/DTToolBarContainer$ToolBarData
instanceKlass com/mathworks/mde/desk/MLDesktop$12
instanceKlass com/mathworks/toolstrip/accessories/QuickAccessToolBar$3
instanceKlass com/mathworks/toolstrip/accessories/QuickAccessToolBar$TabCollectionListener
instanceKlass com/mathworks/toolstrip/accessories/QuickAccessToolBar$2
instanceKlass com/mathworks/toolstrip/accessories/QuickAccessToolBar$1
instanceKlass com/mathworks/toolstrip/accessories/QuickAccessToolBar$6
instanceKlass com/mathworks/widgets/desk/Desktop$55
instanceKlass com/mathworks/toolstrip/factory/QuickAccessConfiguration$Tool
instanceKlass javax/swing/Timer$1
instanceKlass com/mathworks/toolstrip/factory/TSRegistry$Listener
instanceKlass com/mathworks/toolstrip/accessories/QuickAccessToolBar$ToolBarPopulator
instanceKlass com/mathworks/mde/desk/MLToolstripFactory$2
instanceKlass com/mathworks/mde/desk/MLToolstripFactory$5
instanceKlass com/mathworks/mde/desk/MLToolstripFactory$12
instanceKlass com/mathworks/mde/desk/PlotGalleryManager$2
instanceKlass com/mathworks/mlwidgets/graphics/PlotActionHandler$1$1
instanceKlass com/mathworks/mwswing/MJRadioButton$ActionPropertyHandler
instanceKlass javax/swing/plaf/basic/BasicRadioButtonUI$KeyHandler
instanceKlass com/sun/java/swing/plaf/windows/WindowsIconFactory$RadioButtonIcon
instanceKlass javax/swing/TimerQueue$DelayedTimer
instanceKlass javax/swing/TimerQueue$1
instanceKlass javax/swing/TimerQueue
instanceKlass com/mathworks/widgets/BusyAffordance$2$1
instanceKlass com/mathworks/widgets/BusyAffordance$2
instanceKlass com/mathworks/toolstrip/components/gallery/model/WrappedGalleryModel$1
instanceKlass com/mathworks/toolstrip/components/gallery/model/WrappedGalleryModel
instanceKlass com/mathworks/toolstrip/factory/TSFactory$GalleryDisposer
instanceKlass com/mathworks/toolstrip/factory/TSFactory$8
instanceKlass com/mathworks/toolstrip/components/gallery/view/GalleryView$4
instanceKlass com/mathworks/toolstrip/components/gallery/view/GalleryView$3
instanceKlass com/mathworks/widgets/BusyAffordance$UpdateListener
instanceKlass com/mathworks/widgets/BusyAffordance
instanceKlass com/mathworks/widgets/ComponentBuilder
instanceKlass com/mathworks/toolstrip/components/gallery/view/BusyAffordanceProxy
instanceKlass com/mathworks/toolstrip/Previewer
instanceKlass com/mathworks/toolstrip/components/gallery/model/Item
instanceKlass com/mathworks/toolstrip/components/gallery/view/ItemPopupMenuCustomizer
instanceKlass com/mathworks/services/GalleryViewSettingImpl
instanceKlass com/mathworks/toolstrip/components/gallery/GalleryViewSetting
instanceKlass com/mathworks/toolstrip/factory/TSFactory$7
instanceKlass com/mathworks/toolstrip/factory/TSFactory$GalleryRestoreData
instanceKlass com/mathworks/toolstrip/components/gallery/GalleryResources
instanceKlass com/mathworks/toolstrip/components/gallery/model/Category
instanceKlass com/mathworks/toolstrip/components/gallery/model/DefaultGalleryModel
instanceKlass com/mathworks/toolstrip/components/TSUtil
instanceKlass com/mathworks/mde/desk/MLToolstripFactory$11
instanceKlass com/mathworks/mde/desk/MLToolstripFactory$10
instanceKlass javax/swing/ButtonGroup
instanceKlass com/mathworks/mde/desk/MLToolstripFactory$7
instanceKlass com/mathworks/mde/desk/MLToolstripFactory$VariableLabelDecorator
instanceKlass com/mathworks/mde/desk/MLToolstripFactory$6
instanceKlass com/mathworks/mlwidgets/graphics/PlotActionHandler$PlotUpdateListener
instanceKlass com/mathworks/html/Url$QueryParameters
instanceKlass com/mathworks/html/UrlPartParser
instanceKlass com/mathworks/html/RelativeUrl
instanceKlass com/mathworks/mlwidgets/html/ddux/DummyMLDduxCommandWrapper
instanceKlass com/mathworks/mlwidgets/help/ddux/HelpDduxCommandWrapper$Mock
instanceKlass com/mathworks/mlwidgets/html/ddux/MatlabDduxCommandWrapper$Mock
instanceKlass com/mathworks/mlwidgets/html/ddux/MLDduxCommandWrapper
instanceKlass com/mathworks/help/helpui/ddux/DummyDduxCommandWrapper
instanceKlass com/mathworks/help/helpui/ddux/DduxCommandWrapper
instanceKlass com/mathworks/mlwidgets/help/ddux/DummyDduxLoggingProvider
instanceKlass com/mathworks/mlwidgets/graphics/PlotActionHandler$1
instanceKlass javax/swing/tree/MutableTreeNode
instanceKlass com/mathworks/mlwidgets/graphics/ModelStateFactory
instanceKlass com/mathworks/mlwidgets/help/ddux/DduxLoggingProvider
instanceKlass com/mathworks/mlwidgets/graphics/PlotActionHandler
instanceKlass java/awt/dnd/DropTargetContext
instanceKlass com/mathworks/mlwidgets/favoritecommands/FavoriteCommandDropListener
instanceKlass com/mathworks/mlwidgets/favoritecommands/FavoriteCommandsToolSetFactory$GalleryButtonDecorator$1
instanceKlass com/google/common/collect/ObjectArrays
instanceKlass com/mathworks/toolstrip/sections/IconifiedSectionLayout
instanceKlass com/mathworks/toolstrip/sections/PreferredSectionLayout
instanceKlass com/mathworks/toolstrip/ToolstripSectionLayout
instanceKlass com/mathworks/toolstrip/sections/LayoutPolicies$2
instanceKlass com/mathworks/toolstrip/sections/LayoutPolicies$1
instanceKlass com/mathworks/toolstrip/ToolstripSectionLayoutPolicy
instanceKlass com/mathworks/toolstrip/sections/LayoutPolicies
instanceKlass com/mathworks/toolstrip/components/DropDownActionListener
instanceKlass com/mathworks/toolstrip/factory/TSFactory$ListPopupListener
instanceKlass com/mathworks/toolstrip/components/TSDropDownButton$PopupComponentMouseListener
instanceKlass com/mathworks/util/Disposer$Node
instanceKlass com/mathworks/util/Disposer$1
instanceKlass com/mathworks/util/Disposer
instanceKlass com/google/common/collect/AbstractMapBasedMultimap$WrappedCollection$WrappedIterator
instanceKlass com/mathworks/toolstrip/factory/ContextTargetingManager$ButtonTrigger
instanceKlass com/mathworks/toolstrip/factory/TSFactory$TriggerDisposer
instanceKlass javax/swing/AncestorNotifier
instanceKlass javax/swing/ClientPropertyKey$1
instanceKlass sun/awt/AWTAccessor$ClientPropertyKeyAccessor
instanceKlass com/mathworks/toolstrip/components/PopupListener$PopupCallback
instanceKlass com/mathworks/toolstrip/plaf/LAFUtil
instanceKlass com/mathworks/toolstrip/plaf/ToolstripButtonUI$ToolstripButtonListener
instanceKlass com/mathworks/toolstrip/plaf/ComponentMnemonicsProvider
instanceKlass com/mathworks/toolstrip/components/LayoutMode
instanceKlass com/mathworks/desktop/mnemonics/Mnemonic
instanceKlass com/mathworks/toolstrip/factory/TSFactory$9
instanceKlass com/mathworks/toolstrip/sections/ToolstripSections$MySectionBuilder$Column
instanceKlass com/mathworks/toolstrip/sections/ToolstripSections$MySectionBuilder
instanceKlass com/mathworks/toolstrip/sections/ToolstripSections$ColumnLayout
instanceKlass com/mathworks/toolstrip/sections/ToolstripSections$SectionLayout
instanceKlass com/mathworks/toolstrip/sections/SectionBuilder
instanceKlass com/mathworks/toolstrip/sections/ToolstripSections
instanceKlass com/mathworks/toolstrip/factory/TSToolPath
instanceKlass com/mathworks/toolstrip/factory/TSFactory$1
instanceKlass com/google/common/base/ExtraObjectsMethodsForWeb
instanceKlass com/mathworks/toolbox/shared/hwconnectinstaller/util/SupportPkgInstallerToolSetFactory
instanceKlass com/mathworks/toolstrip/components/gallery/popupview/GalleryPopup$Listener
instanceKlass com/mathworks/toolstrip/components/gallery/model/GalleryModel
instanceKlass javax/swing/ListCellRenderer
instanceKlass com/mathworks/toolstrip/factory/TSToolSetContents$ToolPropertyListener
instanceKlass com/mathworks/toolstrip/components/PopupShower
instanceKlass com/mathworks/toolstrip/factory/TSFactory
instanceKlass com/mathworks/mwswing/binding/InputMapActionListener
instanceKlass com/mathworks/mde/vrd/LicenseToolSetFactory
instanceKlass com/mathworks/widgets/desk/DTLayoutToolSetFactory$3
instanceKlass com/mathworks/widgets/desk/DTLayoutToolSetFactory$2
instanceKlass com/mathworks/widgets/desk/DTLayoutToolSetFactory$TearOffOptionsListDecorator
instanceKlass com/mathworks/toolstrip/accessories/Resources
instanceKlass com/mathworks/toolstrip/accessories/CollapseToolstripAction$1
instanceKlass com/mathworks/widgets/desk/DTLayoutToolSetFactory$1
instanceKlass com/mathworks/widgets/desk/DTLayoutLibrary$1
instanceKlass com/mathworks/widgets/desk/DTLayoutLibrary$FactoryLayout
instanceKlass com/mathworks/widgets/desk/DTLayoutLibrary$Listener
instanceKlass com/mathworks/widgets/desk/DTLayoutToolSetFactory
instanceKlass com/mathworks/currentfolder/model/featureswitch/EmbeddedJsCfb
instanceKlass com/mathworks/matlab/api/explorer/MatlabPlatformUtil
instanceKlass com/mathworks/mlwidgets/explorer/model/ExplorerResources
instanceKlass com/mathworks/mde/desk/CodeReportActionProvider
instanceKlass com/mathworks/mde/desk/MLToolstripFactory$19
instanceKlass com/mathworks/mde/desk/MLToolstripFactory$18
instanceKlass com/mathworks/mde/desk/MLToolstripFactory$17
instanceKlass com/mathworks/mde/desk/MLToolstripFactory$16
instanceKlass com/mathworks/mde/desk/MLToolstripFactory$15
instanceKlass com/mathworks/mde/desk/MLToolstripFactory$14
instanceKlass com/mathworks/mde/desk/MLToolstripFactory$21
instanceKlass com/mathworks/mde/desk/MLToolstripFactory$20
instanceKlass com/mathworks/matlab/api/explorer/AbstractNewFileTemplateWithIcon
instanceKlass com/mathworks/matlab/api/explorer/IconProvider
instanceKlass com/mathworks/desktop/client/ClientCollectionListener$Event
instanceKlass com/google/common/collect/Lists
instanceKlass com/mathworks/desktop/client/DefaultClientCollection
instanceKlass com/mathworks/desktop/attr/AttributeChangeEvent
instanceKlass com/mathworks/desktop/attr/DefaultAttributes
instanceKlass com/mathworks/desktop/client/ClientCollection
instanceKlass com/mathworks/desktop/client/BasicClient
instanceKlass com/mathworks/desktop/client/ClientCollectionListener
instanceKlass com/mathworks/system/editor/toolstrip/ToolSet
instanceKlass com/mathworks/mde/editor/EditorViewToolSetFactory
instanceKlass com/mathworks/system/editor/toolstrip/CommandSender$Callback
instanceKlass com/mathworks/system/editor/toolstrip/MATLABCommandSender
instanceKlass com/mathworks/system/editor/toolstrip/ToolstripController
instanceKlass com/mathworks/system/editor/toolstrip/EditorInterface
instanceKlass com/mathworks/system/editor/toolstrip/CommandSender
instanceKlass com/mathworks/system/editor/toolstrip/SystemEditorToolstripTabContributor
instanceKlass com/mathworks/toolbox/matlab/testframework/ui/toolstrip/RunTestsKeyBinder
instanceKlass com/mathworks/toolbox/matlab/testframework/ui/toolstrip/RunTestsRunnerOptions
instanceKlass com/mathworks/mvm/exec/MvmSwingWorker
instanceKlass com/mathworks/toolbox/matlab/testframework/ui/toolstrip/TestsToolSetMatlabCommandSender$Callback
instanceKlass com/mathworks/toolbox/matlab/testframework/ui/toolstrip/TestsToolSetMatlabCommandSender
instanceKlass com/mathworks/toolbox/matlab/testframework/ui/toolstrip/RunnerOptions
instanceKlass com/mathworks/toolbox/matlab/testframework/ui/toolstrip/TestsToolSetCommandReceiver
instanceKlass com/mathworks/toolbox/matlab/testframework/ui/toolstrip/TestToolstripState
instanceKlass com/mathworks/toolbox/matlab/testframework/ui/toolstrip/ToolSetActionController
instanceKlass com/mathworks/toolbox/matlab/testframework/ui/toolstrip/EditorLiaison
instanceKlass com/mathworks/toolbox/matlab/testframework/ui/toolstrip/TestsToolSetCommandSender
instanceKlass com/mathworks/toolbox/matlab/testframework/ui/toolstrip/KeyBinder
instanceKlass com/mathworks/toolbox/matlab/testframework/ui/toolstrip/RunTestsEditorToolstripTabContributor
instanceKlass com/mathworks/widgets/toolbars/DefaultToolBarID
instanceKlass com/mathworks/matlab/api/datamodel/StorageLocation
instanceKlass com/mathworks/mwswing/FilePatternFilter
instanceKlass com/mathworks/matlab/api/toolbars/ToolBarID
instanceKlass com/mathworks/mde/editor/EditorUtils
instanceKlass com/mathworks/mde/editor/codepad/CodepadToolSetFactory
instanceKlass com/mathworks/mde/editor/ErrorHandlingGroupFactory$1
instanceKlass com/mathworks/mde/editor/ErrorHandlingGroupFactory
instanceKlass com/mathworks/mde/difftool/FileDiffToolInfo
instanceKlass com/mathworks/mde/difftool/UnsavedChangesDiffToolInfo
instanceKlass java/util/Observer
instanceKlass com/mathworks/matlab/api/editor/EditorEventListener
instanceKlass com/mathworks/fileutils/MatlabPath$PathEntry
instanceKlass com/mathworks/beans/EnumPair
instanceKlass com/mathworks/jmi/bean/UDDMethodDescription
instanceKlass com/mathworks/jmi/bean/UDDPropertyDescription
instanceKlass com/mathworks/jmi/bean/UDDBeanClass
instanceKlass com/mathworks/jmi/bean/OpCode
instanceKlass com/mathworks/jmi/bean/ClassFileConstants
instanceKlass com/mathworks/jmi/bean/UDDListener
instanceKlass com/mathworks/mlwidgets/favoritecommands/UserFavoriteCommands$2$1
instanceKlass com/mathworks/mlwidgets/favoritecommands/FavoriteCommandUtilities
instanceKlass com/mathworks/mlwidgets/favoritecommands/FavoriteCategoryIcons
instanceKlass com/mathworks/mde/editor/plugins/matlab/RunMenu$RunButtonStateChangeListener
instanceKlass org/apache/xerces/dom/CharacterDataImpl$1
instanceKlass com/mathworks/mde/liveeditor/DirtyStateSupport$DirtyStateListener
instanceKlass com/mathworks/mde/editor/plugins/matlab/RunMenu
instanceKlass com/mathworks/mde/liveeditor/AbstractLiveEditorToolSet
instanceKlass org/apache/xerces/dom/NamedNodeMapImpl
instanceKlass com/mathworks/mde/array/ArrayEditorToolstripTabFactory$4
instanceKlass javax/swing/event/ListDataListener
instanceKlass org/w3c/dom/NamedNodeMap
instanceKlass org/apache/xerces/dom/DeepNodeListImpl
instanceKlass com/mathworks/mde/array/ArrayEditorToolstripTabFactory$3
instanceKlass org/apache/xerces/dom/DeferredDocumentImpl$RefCount
instanceKlass org/w3c/dom/traversal/TreeWalker
instanceKlass org/w3c/dom/ranges/Range
instanceKlass org/w3c/dom/events/MutationEvent
instanceKlass org/w3c/dom/traversal/NodeIterator
instanceKlass org/w3c/dom/events/Event
instanceKlass org/w3c/dom/Notation
instanceKlass org/w3c/dom/Entity
instanceKlass org/w3c/dom/ElementTraversal
instanceKlass java/lang/Package$1
instanceKlass org/w3c/dom/TypeInfo
instanceKlass org/w3c/dom/DOMConfiguration
instanceKlass org/w3c/dom/EntityReference
instanceKlass org/w3c/dom/Attr
instanceKlass org/w3c/dom/ProcessingInstruction
instanceKlass org/w3c/dom/CDATASection
instanceKlass org/w3c/dom/Comment
instanceKlass org/w3c/dom/Text
instanceKlass org/w3c/dom/CharacterData
instanceKlass org/w3c/dom/DocumentFragment
instanceKlass org/w3c/dom/DocumentType
instanceKlass com/mathworks/mde/array/ArrayEditorToolstripTabFactory$2
instanceKlass com/mathworks/mwswing/CustomizablePopupMenu
instanceKlass org/apache/xerces/dom/NodeImpl
instanceKlass com/mathworks/mwswing/binding/KeyBindingManagerRegistrant
instanceKlass org/w3c/dom/events/EventTarget
instanceKlass org/w3c/dom/NodeList
instanceKlass com/mathworks/toolstrip/components/AcceptsMnemonic
instanceKlass com/mathworks/mde/array/ArrayEditorToolstripTabFactory$1
instanceKlass com/mathworks/mde/array/ArrayEditorToolstripTabFactory$OpenWorkspaceVariableAction$1
instanceKlass org/w3c/dom/ranges/DocumentRange
instanceKlass org/w3c/dom/events/DocumentEvent
instanceKlass org/w3c/dom/traversal/DocumentTraversal
instanceKlass org/apache/xerces/dom/DeferredNode
instanceKlass org/w3c/dom/DOMError
instanceKlass org/apache/xerces/xs/XSTypeDefinition
instanceKlass org/apache/xerces/xs/XSObject
instanceKlass org/apache/xerces/jaxp/JAXPConstants
instanceKlass javax/xml/parsers/DocumentBuilder
instanceKlass javax/xml/parsers/SecuritySupport$1
instanceKlass javax/xml/parsers/SecuritySupport$2
instanceKlass javax/xml/parsers/SecuritySupport
instanceKlass javax/xml/parsers/FactoryFinder
instanceKlass javax/xml/parsers/DocumentBuilderFactory
instanceKlass com/google/common/collect/AbstractMapBasedMultimap$KeySet$1
instanceKlass java/util/Vector$1
instanceKlass com/mathworks/mlwidgets/shortcuts/Shortcut
instanceKlass com/mathworks/mlwidgets/shortcuts/ShortcutUtils
instanceKlass com/mathworks/mlwidgets/favoritecommands/UserFavoriteCommands$LocalExtensionHandler
instanceKlass com/mathworks/jmi/mdt/MatlabCallable
instanceKlass com/mathworks/mde/array/ArrayEditorToolstripTabFactory
instanceKlass com/mathworks/mlwidgets/favoritecommands/FavoriteCommands$2
instanceKlass com/mathworks/mlwidgets/favoritecommands/FavoriteCommandsToolSetFactory$Registrar$1
instanceKlass com/mathworks/mlwidgets/favoritecommands/UserFavoriteCommands$2
instanceKlass sun/java2d/loops/FontInfo
instanceKlass sun/font/CMap
instanceKlass sun/font/T2KFontScaler$1
instanceKlass sun/font/FontScaler
instanceKlass sun/font/StrikeCache$DisposableStrike
instanceKlass sun/font/FontStrikeDisposer
instanceKlass sun/java2d/Disposer$PollDisposable
instanceKlass sun/font/FontStrikeDesc
instanceKlass sun/font/FontDesignMetrics$MetricsKey
instanceKlass java/awt/FontMetrics
instanceKlass com/mathworks/mlwidgets/favoritecommands/FavoriteIconContainer
instanceKlass com/mathworks/mlwidgets/favoritecommands/FavoriteCommandIcons
instanceKlass java/text/FieldPosition$Delegate
instanceKlass java/text/Format$FieldDelegate
instanceKlass java/text/DigitList
instanceKlass java/text/FieldPosition
instanceKlass com/mathworks/mde/desk/MLDesktopRegistrar
instanceKlass com/mathworks/mlservices/MatlabDesktopRegistrar
instanceKlass com/mathworks/mlwidgets/shortcuts/ShortcutIconUtils
instanceKlass com/mathworks/toolstrip/factory/TSToolSetExtensionHandler
instanceKlass com/mathworks/mlwidgets/favoritecommands/UserFavoriteCommands
instanceKlass com/mathworks/mlwidgets/favoritecommands/FavoriteCommandResources
instanceKlass com/mathworks/mlwidgets/favoritecommands/FavoriteCommands$GalleryModelReadyListener
instanceKlass com/mathworks/mlwidgets/favoritecommands/FavoriteCommandsToolSetFactory$GalleryButtonDecorator
instanceKlass com/mathworks/toolstrip/factory/TSToolSet$GalleryModelCreator
instanceKlass com/mathworks/mlwidgets/favoritecommands/FavoriteCommandsToolSetFactory
instanceKlass com/mathworks/toolstrip/components/gallery/GalleryOptions
instanceKlass com/mathworks/services/settings/SettingLevel$1
instanceKlass com/mathworks/toolstrip/factory/TSToolSet$ToolSupplier
instanceKlass com/mathworks/toolstrip/factory/TSToolSet$ListDecorator
instanceKlass com/mathworks/mde/desk/CommonToolRegistrar$1
instanceKlass com/mathworks/toolstrip/accessories/TSContextMenuContributor
instanceKlass com/mathworks/toolstrip/components/popups/ListActionListener
instanceKlass javax/swing/ListModel
instanceKlass com/mathworks/widgets/desk/DTWindowPopupAction$1
instanceKlass com/mathworks/toolstrip/factory/TSToolSetContents$Dependency
instanceKlass com/mathworks/mwswing/IconSet$IconSizeComparator
instanceKlass com/mathworks/mwswing/IconSet
instanceKlass com/mathworks/mwswing/ResizableIcon
instanceKlass com/mathworks/toolstrip/factory/TSToolSetContents$ToolParameters
instanceKlass org/apache/commons/lang/builder/HashCodeBuilder
instanceKlass com/mathworks/util/Pair
instanceKlass com/mathworks/toolstrip/factory/XMLUtils
instanceKlass com/mathworks/mwswing/SimpleDOMUtils
instanceKlass com/mathworks/toolstrip/factory/TSToolSetContents
instanceKlass com/mathworks/toolstrip/factory/TSTabConfiguration$Tool
instanceKlass com/mathworks/toolstrip/factory/TSTabConfiguration$ToolParameters
instanceKlass com/mathworks/toolstrip/factory/TSTabConfiguration$Section
instanceKlass com/mathworks/toolstrip/factory/TSTabConfiguration
instanceKlass com/mathworks/system/editor/toolstrip/SystemToolstripInfoRegistrar
instanceKlass com/mathworks/toolbox/matlab/testframework/ui/toolstrip/EditTestsToolstripInfoRegistrar
instanceKlass com/mathworks/toolbox/matlab/testframework/ui/toolstrip/RunTestsToolstripInfoRegistrar
instanceKlass com/mathworks/mde/editor/EditorViewToolSetFactory$Registrar
instanceKlass com/mathworks/mde/editor/codepad/CodepadToolSetFactory$Registrar
instanceKlass com/mathworks/mde/array/ArrayEditorToolstripTabFactory$Registrar
instanceKlass com/mathworks/mlwidgets/favoritecommands/FavoriteCommandsToolSetFactory$Registrar
instanceKlass com/mathworks/toolstrip/components/gallery/model/ActionsProvider
instanceKlass com/mathworks/mlwidgets/favoritecommands/UserFavoriteCommands$ToolSetReadyListener
instanceKlass com/mathworks/mlwidgets/favoritecommands/FavoriteCommands
instanceKlass com/mathworks/mde/desk/MLToolstripFactory$Registrar
instanceKlass com/mathworks/toolstrip/factory/TSToolSet$ToolDecorator
instanceKlass com/mathworks/mde/desk/CommonToolRegistrar
instanceKlass com/mathworks/mde/liveeditor/LiveEditorToolSetFactory$Registrar
instanceKlass com/mathworks/mde/editor/EditorToolSetFactory$Registrar
instanceKlass com/mathworks/widgets/desk/DTMultipleClientFrame$FocusTracker
instanceKlass com/mathworks/widgets/desk/DTFrame$1
instanceKlass com/google/common/base/Converter
instanceKlass com/google/common/collect/Maps$EntryTransformer
instanceKlass com/google/common/collect/SortedMapDifference
instanceKlass com/google/common/collect/MapDifference
instanceKlass com/google/common/collect/Maps
instanceKlass com/google/common/collect/Platform
instanceKlass com/google/common/collect/Multiset
instanceKlass com/google/common/collect/AbstractMultimap
instanceKlass com/mathworks/mwswing/modality/ModalLevel
instanceKlass com/mathworks/mwswing/modality/ModalStackImpl
instanceKlass com/mathworks/mwswing/modality/ModalManagerImpl$ModalityManagerAWTEventListener
instanceKlass com/mathworks/mwswing/modality/ModalStack
instanceKlass com/mathworks/mwswing/modality/ModalManagerImpl
instanceKlass com/mathworks/mwswing/window/MJFullWindowRegistry
instanceKlass com/mathworks/mde/desk/PlotGalleryManager
instanceKlass com/mathworks/widgets/desk/DTMultipleClientFrame$ClientMenuInfo
instanceKlass com/mathworks/widgets/desk/DTToolBarLocation
instanceKlass java/io/ObjectOutput
instanceKlass com/mathworks/toolstrip/factory/TSToolSet
instanceKlass com/mathworks/toolstrip/Toolstrip
instanceKlass com/mathworks/widgets/desk/DTFrame$DeferredMenuBarUpdate
instanceKlass com/mathworks/mwswing/MJFrame$FullScreenListener
instanceKlass com/mathworks/mwswing/modality/ModalManager
instanceKlass com/mathworks/services/Branding
instanceKlass com/mathworks/widgets/desk/DTFrame$MenuToStatusBarBridge
instanceKlass com/mathworks/mde/desk/MLFeatures$Listener
instanceKlass com/mathworks/toolstrip/components/TSComponent
instanceKlass com/mathworks/desktop/mnemonics/HasMnemonic
instanceKlass com/mathworks/toolstrip/ToolstripSection
instanceKlass com/mathworks/widgets/desk/DTComponentBar$DragOffListener
instanceKlass com/mathworks/toolstrip/components/TSUtil$KeyTriggerListener
instanceKlass com/mathworks/widgets/desk/DTWindowRegistry$ActivatorData
instanceKlass com/mathworks/mde/desk/MLDesktop$Initializer
instanceKlass com/mathworks/mde/cmdwin/CmdWinMLIF$GoToNullPrompt
instanceKlass com/mathworks/jmi/correction/SuggestionEvent
instanceKlass com/mathworks/mde/cmdwin/CmdWinDocument$2
instanceKlass com/mathworks/mde/cmdwin/CmdWinDocument$1
instanceKlass com/mathworks/mde/cmdwin/Prompt
instanceKlass javax/swing/text/StyleContext$KeyEnumeration
instanceKlass javax/swing/text/GapContent$StickyPosition
instanceKlass javax/swing/text/Position
instanceKlass javax/swing/text/AbstractDocument$1
instanceKlass javax/swing/text/AbstractDocument$AbstractElement
instanceKlass javax/swing/tree/TreeNode
instanceKlass javax/swing/text/Element
instanceKlass java/util/Collections$3
instanceKlass javax/swing/text/StyleContext$SmallAttributeSet
instanceKlass javax/swing/text/StyleContext$NamedStyle
instanceKlass javax/swing/text/Style
instanceKlass javax/swing/text/SimpleAttributeSet$EmptyAttributeSet
instanceKlass javax/swing/text/SimpleAttributeSet
instanceKlass javax/swing/text/MutableAttributeSet
instanceKlass javax/swing/text/AttributeSet
instanceKlass javax/swing/text/StyleContext$FontKey
instanceKlass javax/swing/text/AttributeSet$ParagraphAttribute
instanceKlass javax/swing/text/AttributeSet$ColorAttribute
instanceKlass javax/swing/text/AttributeSet$FontAttribute
instanceKlass javax/swing/text/AttributeSet$CharacterAttribute
instanceKlass javax/swing/text/StyleConstants
instanceKlass javax/swing/text/StyleContext
instanceKlass javax/swing/text/AbstractDocument$AttributeContext
instanceKlass javax/swing/text/GapVector
instanceKlass javax/swing/event/DocumentEvent
instanceKlass javax/swing/text/AbstractDocument$Content
instanceKlass javax/swing/event/DocumentListener
instanceKlass javax/swing/text/AbstractDocument
instanceKlass com/mathworks/widgets/text/print/PrintableTextDocument
instanceKlass javax/swing/text/Document
instanceKlass org/cef/network/CefRequest
instanceKlass com/mathworks/mde/cmdwin/CmdWinMLIF
instanceKlass org/cef/browser/CefFrame
instanceKlass com/mathworks/mlwidgets/prefs/ConfirmationDialogPrefsPanel$DialogItem
instanceKlass com/mathworks/mwswing/table/AccessibleTextProvider
instanceKlass javax/swing/table/TableCellEditor
instanceKlass javax/swing/CellEditor
instanceKlass javax/swing/table/TableCellRenderer
instanceKlass com/mathworks/mde/cmdwin/CmdWinPrefs
instanceKlass com/mathworks/services/FontPrefsComponent
instanceKlass com/mathworks/mde/licensing/borrowing/BorrowUI$LazyHolder
instanceKlass com/mathworks/mde/licensing/borrowing/BorrowUI
instanceKlass com/mathworks/mvm/MvmSession
instanceKlass com/mathworks/toolbox/matlab/matlabwindowjava/CEFWebComponent$BrowserLoader$1
instanceKlass com/mathworks/addons/launchers/TriggerAddOnsStartUpTasks$1
instanceKlass com/mathworks/toolbox/matlab/matlabwindowjava/CEFWebComponent$BrowserLoadRunnable
instanceKlass com/mathworks/addons_common/util/MatlabPlatformUtil
instanceKlass com/mathworks/addons/launchers/TriggerAddOnsStartUpTasks
instanceKlass com/mathworks/util/DeleteOnExitShutdownInitializer$1
instanceKlass com/mathworks/util/DeleteOnExitShutdownInitializer
instanceKlass com/mathworks/mde/liveeditor/BrowserHandler$2
instanceKlass com/mathworks/mde/liveeditor/BrowserHandler$1
instanceKlass com/mathworks/mde/liveeditor/BrowserHandler$5
instanceKlass com/mathworks/services/ColorPrefs
instanceKlass com/mathworks/mde/liveeditor/BrowserHandler
instanceKlass com/mathworks/mde/liveeditor/widget/rtc/CachedLightweightBrowserFactory$2
instanceKlass com/mathworks/desktop/overlay/Overlay
instanceKlass com/mathworks/util/NativeEvent$Listener
instanceKlass com/mathworks/desktop/overlay/impl/DefaultOverlayManager
instanceKlass com/mathworks/desktop/overlay/OverlayManager
instanceKlass com/mathworks/toolbox/matlab/matlabwindowjava/LightweightCEFBrowser$CEFTesterConfig
instanceKlass com/mathworks/html/LightweightBrowserTesterConfig
instanceKlass com/mathworks/toolbox/matlab/matlabwindowjava/CEFWebComponent$3
instanceKlass com/mathworks/toolbox/matlab/matlabwindowjava/CEFBrowserFocusManager
instanceKlass com/mathworks/toolbox/matlab/matlabwindowjava/dialog/FileDialog
instanceKlass org/cef/browser/CefBrowserWr$8
instanceKlass org/cef/browser/CefBrowserWr$7
instanceKlass org/cef/browser/CefBrowserWr$6
instanceKlass org/cef/browser/CefBrowserWr$5
instanceKlass java/awt/MouseInfo
instanceKlass org/cef/browser/CefBrowserWr$1
instanceKlass org/cef/handler/CefWindowHandlerAdapter
instanceKlass org/cef/browser/CefBrowser
instanceKlass org/cef/browser/CefBrowserFactory
instanceKlass org/cef/browser/CefRequestContext
instanceKlass org/cef/handler/CefRequestContextHandlerAdapter
instanceKlass org/cef/handler/CefRequestContextHandler
instanceKlass com/mathworks/toolbox/matlab/matlabwindowjava/CefRequestContextManager
instanceKlass org/cef/handler/CefLoadHandlerAdapter
instanceKlass org/cef/browser/CefMessageRouter
instanceKlass org/cef/handler/CefKeyboardHandlerAdapter
instanceKlass org/cef/handler/CefJSDialogHandlerAdapter
instanceKlass com/mathworks/toolbox/matlab/matlabwindowjava/handler/DragHandler
instanceKlass com/mathworks/toolbox/matlab/matlabwindowjava/handler/ContextMenuHandler
instanceKlass org/cef/handler/CefRequestHandlerAdapter
instanceKlass com/mathworks/toolbox/matlab/matlabwindowjava/CEFWebComponent$CEFWebComponentZoomHandler
instanceKlass com/mathworks/toolbox/matlab/matlabwindowjava/CEFWebComponent$BrowserLoader
instanceKlass org/cef/handler/CefMessageRouterHandler
instanceKlass com/mathworks/toolbox/matlab/matlabwindowjava/handler/ZoomMessageHandler
instanceKlass com/mathworks/toolbox/matlab/matlabwindowjava/CEFWebComponent
instanceKlass org/cef/CefClient$1
instanceKlass org/cef/handler/CefClientHandler
instanceKlass org/cef/handler/CefWindowHandler
instanceKlass org/cef/handler/CefRequestHandler
instanceKlass org/cef/handler/CefResourceHandler
instanceKlass org/cef/handler/CefRenderHandler
instanceKlass org/cef/handler/CefLoadHandler
instanceKlass com/mathworks/toolbox/matlab/jcefapp/AppHandler$SchemeHandlerFactory
instanceKlass com/mathworks/toolbox/matlab/matlabwindowjava/LightweightCEFBrowser$ClientAppHandler$1
instanceKlass org/cef/handler/CefLifeSpanHandler
instanceKlass org/cef/callback/CefSchemeHandlerFactory
instanceKlass org/cef/handler/CefKeyboardHandler
instanceKlass org/cef/handler/CefJSDialogHandler
instanceKlass com/mathworks/toolbox/matlab/jcefapp/AppHandler$1
instanceKlass org/cef/handler/CefFocusHandler
instanceKlass org/cef/handler/CefDragHandler
instanceKlass org/cef/handler/CefDownloadHandler
instanceKlass org/cef/handler/CefDialogHandler
instanceKlass org/cef/handler/CefContextMenuHandler
instanceKlass com/mathworks/pathdataservice/CurrentFolderData$MetaData
instanceKlass com/mathworks/pathdataservice/CurrentFolderInfo
instanceKlass com/mathworks/matlab/api/explorer/FileLocation
instanceKlass com/mathworks/pathdataservice/CurrentFolderData
instanceKlass com/mathworks/pathdataservice/PathDataService$ListFolderResponse
instanceKlass com/mathworks/pathdataservice/PathDataService$NameSorter
instanceKlass com/google/gson/internal/ConstructorConstructor$3
instanceKlass com/google/gson/internal/Primitives
instanceKlass com/google/gson/annotations/SerializedName
instanceKlass org/cef/callback/CefSchemeRegistrar
instanceKlass com/google/gson/internal/UnsafeAllocator
instanceKlass com/google/gson/internal/ConstructorConstructor$14
instanceKlass com/google/gson/annotations/JsonAdapter
instanceKlass com/mathworks/pathdataservice/PathDataService$PathServiceMessage
instanceKlass com/mathworks/pathdataservice/PathPropertiesProvider
instanceKlass com/mathworks/pathdataservice/PathDataService$1
instanceKlass com/mathworks/pathdataservice/PathDataService$$Lambda$26
instanceKlass com/mathworks/addressbar_api/SimpleAddressBarPlugin
instanceKlass com/mathworks/storage/matlabdrivedesktop/NativeMatlabDriveAccess
instanceKlass com/mathworks/storage/matlabdrivedesktop/SettingsFeatureSwitch
instanceKlass com/mathworks/storage/matlabdrivedesktop/FeatureSwitch
instanceKlass com/mathworks/storage/matlabdrivedesktop/MatlabDriveAccess
instanceKlass com/mathworks/storage/matlabdrivedesktop/MatlabDriveAddressBarPlugin
instanceKlass com/mathworks/mlwidgets/explorer/util/SourceControlManagerPlugin
instanceKlass com/mathworks/toolbox/slproject/project/GUI/projectui/ProjectViewNodeFactory
instanceKlass com/mathworks/addons_common/notificationframework/InstalledFolderRegistryObserver
instanceKlass com/mathworks/matlab/api/editor/EditorLayerProvider
instanceKlass com/mathworks/matlab/api/editor/EditorSyntaxHighlighting
instanceKlass com/mathworks/matlab/api/editor/EditorLanguage
instanceKlass com/mathworks/cmlink/creation/api/RepositoryLocationCreatorFactory
instanceKlass com/mathworks/project/impl/model/TargetFactory
instanceKlass com/mathworks/toolbox/rptgenxmlcomp/comparison/node/customization/CustomizationManager
instanceKlass com/mathworks/addons_common/AddonManager
instanceKlass com/mathworks/mde/liveeditor/LiveEditorToolstripContributor
instanceKlass com/mathworks/matlab/api/editor/EditorToolstripTabContributor
instanceKlass com/mathworks/find_files_api/FileTypeSpecificOpenToLineActionProvider
instanceKlass com/mathworks/find_files_api/OpenActionProvider
instanceKlass com/mathworks/mde/find/FileTypeContentsProvider
instanceKlass com/mathworks/addons_common/notificationframework/EnableDisableManagementNotifierAPI
instanceKlass com/mathworks/addons_common/util/InstalledAddonMetadataModifier
instanceKlass com/mathworks/addons_common/util/AddonMetadataResolver
instanceKlass com/mathworks/registration_point_api/RegistrationPoint
instanceKlass com/mathworks/addons_common/notificationframework/BalloonTooltipNotificationClickedCallback
instanceKlass com/mathworks/toolbox/slproject/project/matlab/api/workingfolder/MatlabAPIWorkingFolderActivator
instanceKlass com/mathworks/toolbox/slproject/project/extensions/customization/ProjectToolFactory
instanceKlass com/mathworks/toolbox/slproject/project/extensions/customization/WorkingFolderExtensionFactory
instanceKlass com/mathworks/cmlink/util/icon/FileIconFactoryProducer
instanceKlass com/mathworks/toolbox/slproject/project/archiving/ProjectArchiverFactory
instanceKlass com/mathworks/toolbox/slproject/project/sharing/api/r15a/ShareExtensionFactory
instanceKlass com/mathworks/toolbox/slproject/project/metadata/MetadataManagerFactory
instanceKlass com/mathworks/toolbox/slproject/project/extensions/ProjectExtensionFactory
instanceKlass org/cef/callback/CefNativeAdapter
instanceKlass com/mathworks/mde/editor/debug/DebuggerActionsProvider
instanceKlass org/cef/callback/CefCommandLine
instanceKlass com/mathworks/matlab/api/editor/actions/KeyBindingContributor
instanceKlass com/mathworks/matlab/api/editor/EditorKitProvider
instanceKlass com/mathworks/mwswing/api/FileExtensionFilterContributor
instanceKlass com/mathworks/matlab/api/editor/actions/EditorToolTipDelegate
instanceKlass com/mathworks/widgets/editor/breakpoints/MarginProvider
instanceKlass com/mathworks/matlab/api/toolbars/ToolBarContributor
instanceKlass com/mathworks/matlab/api/editor/actions/SelectionDelegate
instanceKlass com/mathworks/matlab/api/editor/actions/Prioritizable
instanceKlass com/mathworks/matlab/api/editor/EditorLanguagePreferencesPanel
instanceKlass com/mathworks/matlab/api/menus/MenuContributor
instanceKlass com/mathworks/comparisons/plugin/ComparisonPlugin
instanceKlass com/mathworks/toolbox/slproject/project/sharing/api/r16a/ShareExtensionFactory
instanceKlass com/mathworks/cmlink/util/internalapi/InternalCMAdapterFactory
instanceKlass com/mathworks/util/ImplementorsCacheImpl
instanceKlass com/mathworks/util/ImplementorsCache
instanceKlass com/mathworks/util/ImplementorsCacheFactory$LazyHolder
instanceKlass com/mathworks/util/ImplementorsCacheFactory
instanceKlass com/mathworks/addressbar_api/AddressBarPluginManager$AddressBarPluginManagerHolder
instanceKlass com/mathworks/addressbar_api/AddressBarPluginManager
instanceKlass com/mathworks/pathdataservice/PathDataService$3
instanceKlass com/mathworks/pathdataservice/PathDataService$PathUpdateCallback
instanceKlass com/mathworks/pathdataservice/PathDataService$2
instanceKlass com/mathworks/pathdataservice/PathDataService$4
instanceKlass com/mathworks/fileutils/MatlabPath$3
instanceKlass com/mathworks/fileutils/MatlabPath$2
instanceKlass com/mathworks/fileutils/MatlabPath$CwdChangeWhenAtPrompt
instanceKlass com/mathworks/mvm/eventmgr/EventListening
instanceKlass com/mathworks/fileutils/MatlabPath$1
instanceKlass com/mathworks/mvm/eventmgr/DefaultEventMgr
instanceKlass com/mathworks/fileutils/MatlabPath
instanceKlass com/mathworks/mlwidgets/explorer/model/MatlabPathModel$1
instanceKlass com/mathworks/mlwidgets/explorer/model/MatlabPathModel
instanceKlass com/mathworks/mlwidgets/explorer/model/WritablePathModel
instanceKlass com/mathworks/mlwidgets/explorer/model/PathModel
instanceKlass com/mathworks/fileiconprovider/FileIconProvider$1
instanceKlass com/mathworks/filesystem_adapter/services/filedataservice/FileDataService$1
instanceKlass com/mathworks/filesystem_adapter/reports/ReportsMLOnlineCommunicator$1
instanceKlass com/mathworks/filesystem_adapter/services/actiondataservice/JSActionsSynchronizer$1
instanceKlass com/mathworks/filesystem_adapter/services/actiondataservice/JsActionIconsEncoder
instanceKlass com/mathworks/filesystem_adapter/services/validationService/ValidationService$1
instanceKlass com/mathworks/mde/find/matlabonline/FindFilesMLOnlineCommunicator$1
instanceKlass com/mathworks/sourcecontrol/jscommunication/JavaScriptCommunicator$1
instanceKlass com/mathworks/mde/desk/ContributedToolsLoader$1
instanceKlass com/mathworks/mde/desk/ContributedToolsLoader
instanceKlass com/mathworks/toolstrip/factory/TSToolSet$Listener
instanceKlass com/mathworks/mde/desk/ToolsFetcher$3
instanceKlass com/mathworks/mde/desk/ToolsFetcher$2
instanceKlass com/mathworks/mde/desk/ToolsFetcher$1
instanceKlass com/mathworks/filesystem_adapter/services/filechooserservice/FileChooserService$1
instanceKlass com/mathworks/filesystem_adapter/services/AddressBarFileDataService$1
instanceKlass com/mathworks/addressbar_api/AddressBarAPI
instanceKlass com/mathworks/pathdataservice/PathDataService
instanceKlass com/mathworks/fileiconprovider/FileIconProvider
instanceKlass com/mathworks/addons_common/InstalledAddon
instanceKlass com/mathworks/addons_product/MatlabOnlineStrategy
instanceKlass com/mathworks/addons_product/MatlabPlatformStrategy
instanceKlass com/mathworks/cmlink/management/cache/CMStatusCacheListener
instanceKlass com/mathworks/sourcecontrol/commitfiles/CacheReplacedListener
instanceKlass com/mathworks/sourcecontrol/jscommunication/JavaScriptCommunicator
instanceKlass com/mathworks/filesystem_adapter/reports/ReportsMLOnlineCommunicator
instanceKlass com/mathworks/filesystem_adapter/services/AddressBarFileDataService
instanceKlass com/mathworks/matlab/api/explorer/ActionInput
instanceKlass com/mathworks/filesystem_adapter/services/actiondataservice/JSActionsSynchronizer
instanceKlass com/mathworks/cfbutils/FileSystemPollingChangeListener
instanceKlass com/mathworks/filesystem_adapter/services/filedataservice/FileDataService
instanceKlass com/mathworks/filesystem_adapter/services/filechooserservice/FileChooserService
instanceKlass com/mathworks/filesystem_adapter/services/validationService/ValidationService
instanceKlass com/mathworks/hwsmanagement/SpkgInMatlabOnlineUtils
instanceKlass com/mathworks/mde/find/matlabonline/FindFilesMLOnlineCommunicator
instanceKlass com/mathworks/addons/matlabonline/AddOnsOnWorker
instanceKlass com/mathworks/mde/explorer/JavaScriptCurrentFolderInstance
instanceKlass com/mathworks/mde/desk/MWDUtils
instanceKlass com/mathworks/mde/liveeditor/LiveEditorInitializationManager
instanceKlass com/mathworks/mde/editor/plugins/editordataservice/MatlabClientUtilities
instanceKlass com/mathworks/matlabserver/connector/impl/ConnectorLifecycleHelperImpl$1
instanceKlass org/cef/CefApp$6
instanceKlass com/mathworks/matlabserver/connector/api/ConnectorLifecycle
instanceKlass org/cef/CefApp$3
instanceKlass com/mathworks/mde/desk/ToolsFetcher$ToolData
instanceKlass com/mathworks/toolstrip/factory/TSToolSetContents$Tool
instanceKlass org/cef/CefApp$7
instanceKlass com/mathworks/mde/desk/ToolsFetcher$Handler
instanceKlass org/cef/handler/CefPrintHandler
instanceKlass org/cef/callback/CefNative
instanceKlass com/mathworks/jmi/MatlabWorker
instanceKlass com/mathworks/mde/desk/ToolsFetcher
instanceKlass org/cef/CefApp$2
instanceKlass java/awt/EventQueue$1AWTInvocationLock
instanceKlass org/cef/CefApp$1
instanceKlass com/mathworks/services/editordataservice/EditorDataServiceManager$2
instanceKlass com/mathworks/peermodel/ManagerInfo
instanceKlass java/util/concurrent/RunnableScheduledFuture
instanceKlass java/util/concurrent/ScheduledFuture
instanceKlass java/util/concurrent/Delayed
instanceKlass org/cef/handler/CefAppHandlerAdapter
instanceKlass com/mathworks/peermodel/synchronizer/utils/EventCoalescer$2
instanceKlass com/mathworks/peermodel/synchronizer/utils/EventCoalescer$1
instanceKlass org/cef/OS
instanceKlass com/mathworks/jmi/Support
instanceKlass org/cef/CefSettings$ColorType
instanceKlass com/mathworks/peermodel/synchronizer/utils/EventCoalescer
instanceKlass org/cef/CefSettings
instanceKlass java/util/concurrent/CountDownLatch
instanceKlass java/util/UUID$Holder
instanceKlass com/mathworks/toolbox/matlab/jcefapp/JcefClient
instanceKlass com/mathworks/peermodel/impl/ObservableImpl
instanceKlass javax/swing/LayoutComparator
instanceKlass java/util/function/IntUnaryOperator
instanceKlass java/util/function/IntToDoubleFunction
instanceKlass java/util/function/IntFunction
instanceKlass java/util/function/IntToLongFunction
instanceKlass java/util/function/LongBinaryOperator
instanceKlass java/util/function/IntBinaryOperator
instanceKlass java/util/function/DoubleBinaryOperator
instanceKlass java/util/function/BinaryOperator
instanceKlass com/mathworks/peermodel/events/Event
instanceKlass java/util/stream/LongStream
instanceKlass com/mathworks/peermodel/PeerNodeVisitor
instanceKlass java/util/stream/DoubleStream
instanceKlass com/mathworks/peermodel/PeerNode
instanceKlass com/mathworks/peermodel/events/PeerNodeListenable
instanceKlass java/util/stream/IntStream
instanceKlass com/mathworks/peermodel/impl/PeerModelManagerImpl
instanceKlass java/util/Spliterator$OfDouble
instanceKlass com/mathworks/peermodel/PeerModelManagerSyncable
instanceKlass com/mathworks/peermodel/events/ObservableSyncable
instanceKlass java/util/Spliterator$OfInt
instanceKlass java/util/Spliterator$OfLong
instanceKlass java/util/Spliterator$OfPrimitive
instanceKlass javax/swing/SortingFocusTraversalPolicy$1
instanceKlass javax/swing/RepaintManager$PaintManager
instanceKlass com/mathworks/services/editordataservice/EditorDataServiceImpl$2
instanceKlass javax/swing/JRootPane$RootLayout
instanceKlass com/mathworks/peermodel/events/PeerNodeListener
instanceKlass com/mathworks/services/editordataservice/EditorDataServiceImpl
instanceKlass com/mathworks/mde/liveeditor/widget/rtc/RichDocument$6
instanceKlass com/mathworks/mde/liveeditor/widget/rtc/DocumentEventSupport$2
instanceKlass com/mathworks/services/clipboardservice/ConnectorClipboardService$2
instanceKlass com/mathworks/toolbox/matlab/matlabwindowjava/LightweightCEFBrowser$1
instanceKlass com/mathworks/html/LightweightRequestHandler
instanceKlass com/mathworks/services/clipboardservice/ConnectorClipboardService$5
instanceKlass org/cef/handler/CefDisplayHandler
instanceKlass com/mathworks/services/clipboardservice/ConnectorClipboardService$7
instanceKlass com/mathworks/services/clipboardservice/ConnectorClipboardService$6
instanceKlass com/mathworks/html/LightweightRequestHandlerAdapter
instanceKlass sun/awt/EventListenerAggregate
instanceKlass com/mathworks/services/clipboardservice/ConnectorClipboardService$1
instanceKlass java/awt/datatransfer/Clipboard
instanceKlass com/mathworks/html/LightweightBrowserEventListeners
instanceKlass com/mathworks/html/BrowserZoomActions
instanceKlass org/cef/handler/CefAppHandler
instanceKlass com/mathworks/html/LightweightNewWindowHandler
instanceKlass com/mathworks/html/BrowserSelectedTextRetriever
instanceKlass com/mathworks/html/CurrentPageInfoHandler
instanceKlass com/mathworks/html/HtmlFindInPage
instanceKlass com/mathworks/html/LightweightBrowserContextMenuHandler
instanceKlass com/mathworks/html/BrowserHistoryNavigator
instanceKlass com/mathworks/html/LightweightBrowserSupportedCommand
instanceKlass com/mathworks/html/AbstractLightweightBrowser
instanceKlass com/mathworks/mlwidgets/html/messages/BrowserMessageSubscriber$1
instanceKlass com/mathworks/mlwidgets/html/messages/BrowserMessageSubscriber$2
instanceKlass com/mathworks/mlwidgets/html/messages/HtmlTextHandler
instanceKlass com/mathworks/mlwidgets/html/messages/BrowserMessageSubscriber
instanceKlass com/mathworks/mlwidgets/html/messages/BrowserMessageResponseListener
instanceKlass sun/awt/datatransfer/DataTransferer$IndexedComparator
instanceKlass sun/awt/datatransfer/DataTransferer$StandardEncodingsHolder
instanceKlass com/mathworks/mlwidgets/html/messages/BrowserMessageHandler
instanceKlass java/util/Collections$EmptyEnumeration
instanceKlass sun/awt/Mutex
instanceKlass sun/awt/datatransfer/ToolkitThreadBlockedHandler
instanceKlass com/mathworks/html/LightweightBrowser
instanceKlass com/mathworks/mlwidgets/html/LightweightCefBrowserBuilder
instanceKlass com/mathworks/mlwidgets/html/LightweightBrowserBuilder$2
instanceKlass sun/awt/datatransfer/DataTransferer
instanceKlass com/mathworks/mlwidgets/html/BrowserCreationHook
instanceKlass com/mathworks/mlwidgets/html/LightweightBrowserTypeSettings
instanceKlass com/mathworks/html/BrowserOptions
instanceKlass java/awt/datatransfer/SystemFlavorMap$2
instanceKlass com/mathworks/mlwidgets/html/LightweightBrowserBuilder$1
instanceKlass sun/net/DefaultProgressMeteringPolicy
instanceKlass sun/net/ProgressMeteringPolicy
instanceKlass com/mathworks/html/ProxySettings$1
instanceKlass sun/net/ProgressMonitor
instanceKlass com/mathworks/html/ProxySettings
instanceKlass java/awt/datatransfer/SystemFlavorMap$1
instanceKlass java/awt/datatransfer/MimeType
instanceKlass java/awt/datatransfer/MimeTypeParameterList
instanceKlass com/mathworks/mlwidgets/html/LightweightBrowserBuilder$LightweightBrowserTypeBuilder
instanceKlass java/awt/datatransfer/DataFlavor
instanceKlass com/mathworks/html/ProxyAuthenticationFailureHandler
instanceKlass java/awt/datatransfer/SystemFlavorMap$SoftCache
instanceKlass java/awt/datatransfer/SystemFlavorMap
instanceKlass com/mathworks/html/ZoomSettingsManager
instanceKlass java/awt/datatransfer/FlavorTable
instanceKlass java/awt/datatransfer/FlavorMap
instanceKlass com/mathworks/mlwidgets/html/LightweightBrowserBuilder
instanceKlass com/mathworks/mde/liveeditor/widget/rtc/CachedLightweightBrowserFactory$1
instanceKlass java/awt/datatransfer/FlavorListener
instanceKlass com/mathworks/services/clipboardservice/ConnectorClipboardService
instanceKlass com/mathworks/mde/liveeditor/widget/rtc/CachedLightweightBrowserFactory
instanceKlass com/mathworks/mde/liveeditor/widget/rtc/RichDocument$4
instanceKlass com/mathworks/mde/liveeditor/widget/rtc/RichDocument$5
instanceKlass com/mathworks/mde/liveeditor/widget/rtc/RichDocument$1
instanceKlass com/mathworks/mde/liveeditor/widget/rtc/ConnectorFactory$2
instanceKlass com/mathworks/mde/liveeditor/widget/rtc/ConnectorFactory$1
instanceKlass com/mathworks/mde/liveeditor/widget/rtc/ConnectorFactory
instanceKlass com/mathworks/mde/liveeditor/widget/rtc/DocumentEventSupport$1
instanceKlass com/mathworks/mde/liveeditor/widget/rtc/DocumentEventSupport
instanceKlass java/net/URLEncoder
instanceKlass java/net/URLDecoder
instanceKlass com/mathworks/mde/editor/plugins/editordataservice/LegacyJavaExecutionFeature$1
instanceKlass com/mathworks/mde/editor/plugins/editordataservice/LegacyJavaExecutionFeature
instanceKlass com/google/common/collect/CollectPreconditions
instanceKlass com/mathworks/mde/editor/plugins/editordataservice/DbquitDialogService$$Lambda$25
instanceKlass com/mathworks/mde/editor/plugins/editordataservice/DbquitDialogService
instanceKlass com/mathworks/mde/editor/plugins/editordataservice/BusyIdleFeature$$Lambda$24
instanceKlass com/mathworks/mde/editor/plugins/editordataservice/BusyIdleFeature
instanceKlass com/mathworks/connector/message_service/bayeux/PublishRequest
instanceKlass com/google/gson/internal/LinkedTreeMap$LinkedTreeMapIterator
instanceKlass com/google/gson/internal/Streams
instanceKlass com/google/common/collect/UnmodifiableIterator
instanceKlass com/google/gson/internal/LinkedTreeMap$Node
instanceKlass com/google/gson/internal/LinkedTreeMap$1
instanceKlass com/google/common/collect/BiMap
instanceKlass com/google/common/collect/ImmutableMap
instanceKlass com/google/gson/internal/ConstructorConstructor$13
instanceKlass java/util/concurrent/ConcurrentNavigableMap
instanceKlass com/mathworks/mde/liveeditor/widget/rtc/RichDocument
instanceKlass com/mathworks/mde/desk/MLDesktopShutdownHelper$3
instanceKlass com/mathworks/mde/desk/MLDesktopShutdownHelper$2
instanceKlass com/mathworks/mde/desk/MLDesktopShutdownHelper$1
instanceKlass com/mathworks/mde/editor/plugins/editordataservice/debug/DebuggerInstaller$8
instanceKlass com/mathworks/mde/editor/plugins/editordataservice/debug/DebuggerInstaller$7
instanceKlass com/mathworks/mde/editor/plugins/editordataservice/debug/DebuggerInstaller$6
instanceKlass com/mathworks/mde/desk/MLDesktop$4
instanceKlass com/mathworks/mde/editor/plugins/editordataservice/debug/DebuggerInstaller$4
instanceKlass com/mathworks/mde/editor/EditorPauseAction$2
instanceKlass com/mathworks/mde/editor/MatlabBatchedBusyIdleStateManager$1
instanceKlass com/mathworks/widgets/desk/Desktop$44
instanceKlass com/mathworks/mde/editor/MatlabBusyIdleStateManager$1
instanceKlass com/mathworks/jmi/Matlab$1
instanceKlass com/mathworks/mde/desk/MLDesktop$3
instanceKlass com/mathworks/mde/cmdwin/KeystrokeRequestedEvent
instanceKlass com/mathworks/mde/desk/MLDesktop$2
instanceKlass com/mathworks/toolstrip/ToolstripTab
instanceKlass com/mathworks/desktop/client/Client
instanceKlass com/mathworks/desktop/attr/Attributes
instanceKlass com/mathworks/widgets/desk/DTGroup$DeferredPropertyChange
instanceKlass com/mathworks/widgets/desk/DTGroup$1
instanceKlass com/mathworks/mde/cmdwin/LoadNativeCmdWin
instanceKlass com/mathworks/widgets/desk/DTPropertyBridge
instanceKlass com/mathworks/mde/cmdwin/CmdWinSinkRegistrar
instanceKlass java/awt/event/WindowAdapter
instanceKlass com/sun/java/swing/plaf/windows/WindowsPopupMenuUI$MnemonicListener
instanceKlass javax/swing/plaf/basic/BasicPopupMenuUI$MenuKeyboardHelper
instanceKlass javax/swing/MenuSelectionManager
instanceKlass com/mathworks/mde/editor/MatlabBatchedBusyIdleStateManager$2
instanceKlass javax/swing/plaf/basic/BasicPopupMenuUI$MouseGrabber
instanceKlass com/mathworks/mde/editor/BusyIdleStateManager
instanceKlass javax/swing/plaf/basic/BasicPopupMenuUI$BasicMenuKeyListener
instanceKlass javax/swing/plaf/basic/BasicPopupMenuUI$BasicPopupMenuListener
instanceKlass javax/swing/plaf/basic/BasicLookAndFeel$1
instanceKlass com/mathworks/mde/editor/EditorPauseAction$3
instanceKlass javax/swing/plaf/basic/BasicLookAndFeel$AWTEventHelper
instanceKlass javax/swing/Popup
instanceKlass com/mathworks/mde/editor/EditorPauseAction$1
instanceKlass com/mathworks/mwswing/MJMenuItem$ActionPropertyHandler
instanceKlass com/mathworks/services/PrefChangeListener
instanceKlass com/mathworks/mlwidgets/debug/DebugActions$DebugAction$12$1
instanceKlass com/mathworks/mwswing/plaf/MBasicMenuItemUI$PropertyChangeHandler
instanceKlass com/mathworks/mwswing/plaf/MBasicMenuItemUI$MenuKeyHandler
instanceKlass com/mathworks/mwswing/plaf/MBasicMenuItemUI$MenuDragMouseHandler
instanceKlass com/mathworks/mwswing/plaf/MBasicMenuItemUI$MouseInputHandler
instanceKlass com/sun/java/swing/plaf/windows/WindowsIconFactory$MenuItemArrowIcon
instanceKlass javax/swing/plaf/basic/BasicMenuItemUI$Handler
instanceKlass javax/swing/event/MenuDragMouseListener
instanceKlass javax/swing/event/MenuKeyListener
instanceKlass javax/swing/plaf/basic/BasicMenuUI$MouseInputHandler
instanceKlass com/mathworks/mwswing/MWindowsMenuUI$WindowsVistaPropertyChangeListener
instanceKlass sun/swing/MenuItemLayoutHelper
instanceKlass javax/swing/plaf/basic/BasicGraphicsUtils
instanceKlass com/mathworks/mlwidgets/debug/DebugActions
instanceKlass com/sun/java/swing/plaf/windows/WindowsIconFactory$MenuArrowIcon
instanceKlass com/sun/java/swing/plaf/windows/WindowsMenuUI$1
instanceKlass com/sun/java/swing/plaf/windows/WindowsMenuItemUIAccessor
instanceKlass com/mathworks/mde/editor/EditorToolSetFactory
instanceKlass javax/swing/JMenuItem$MenuItemFocusListener
instanceKlass javax/swing/JMenu$MenuChangeListener
instanceKlass com/mathworks/mwswing/ToolTipProvider
instanceKlass com/mathworks/mde/editor/BusyIdleStateManager$BusyIdleListener
instanceKlass com/mathworks/mde/editor/EditorPauseAction
instanceKlass sun/swing/UIAction
instanceKlass com/mathworks/mde/editor/plugins/editordataservice/debug/DebuggerInstaller$2
instanceKlass javax/swing/plaf/basic/BasicMenuBarUI$Handler
instanceKlass com/sun/java/swing/plaf/windows/WindowsMenuBarUI$2
instanceKlass javax/swing/plaf/basic/BasicBorders
instanceKlass javax/swing/DefaultSingleSelectionModel
instanceKlass javax/swing/SingleSelectionModel
instanceKlass com/mathworks/mwswing/WeakPropertyChangeCoupler$1
instanceKlass com/mathworks/mwswing/WeakPropertyChangeCoupler
instanceKlass com/mathworks/mwswing/MJButton$ActionPropertyHandler
instanceKlass javax/swing/ActionPropertyChangeListener
instanceKlass javax/swing/KeyboardManager$ComponentKeyStrokePair
instanceKlass javax/swing/KeyboardManager
instanceKlass com/mathworks/toolstrip/factory/ContextTargetingManager$ActionTrigger
instanceKlass com/mathworks/toolstrip/factory/ContextTargetingManager
instanceKlass com/mathworks/widgets/desk/DTMenuMergeTag
instanceKlass com/mathworks/services/PrefUtils
instanceKlass com/mathworks/services/binding/MatlabKeyBindingPreferenceUtils
instanceKlass org/apache/xerces/impl/Constants$ArrayEnumeration
instanceKlass org/apache/xerces/impl/Constants
instanceKlass com/mathworks/mwswing/binding/ContextID
instanceKlass com/mathworks/mwswing/binding/ContextActionData
instanceKlass com/mathworks/mwswing/binding/ContextReader
instanceKlass java/util/Collections$UnmodifiableList$1
instanceKlass com/mathworks/mwswing/binding/MetaBindingUtils
instanceKlass com/mathworks/mwswing/binding/NavigationalBindingUtils
instanceKlass com/mathworks/util/InitializationHelper
instanceKlass com/mathworks/util/InitializeBeforeAccess
instanceKlass org/apache/xerces/util/XMLSymbols
instanceKlass org/apache/xerces/util/XMLChar
instanceKlass org/apache/xerces/impl/XMLEntityManager$EncodingInfo
instanceKlass org/apache/xerces/xni/parser/XMLInputSource
instanceKlass org/xml/sax/InputSource
instanceKlass org/apache/xerces/util/ErrorHandlerWrapper
instanceKlass com/mathworks/xml/EncodingParser$QuietErrorHandler
instanceKlass org/apache/xerces/parsers/AbstractSAXParser$AttributesProxy
instanceKlass org/xml/sax/ext/Attributes2
instanceKlass org/apache/xerces/impl/msg/XMLMessageFormatter
instanceKlass org/apache/xerces/impl/XMLVersionDetector
instanceKlass org/apache/xerces/impl/validation/ValidationManager
instanceKlass org/apache/xerces/impl/dv/dtd/NMTOKENDatatypeValidator
instanceKlass org/apache/xerces/impl/dv/dtd/NOTATIONDatatypeValidator
instanceKlass org/apache/xerces/impl/dv/dtd/ENTITYDatatypeValidator
instanceKlass org/apache/xerces/impl/dv/dtd/ListDatatypeValidator
instanceKlass org/apache/xerces/impl/dv/dtd/IDREFDatatypeValidator
instanceKlass org/apache/xerces/impl/dv/dtd/IDDatatypeValidator
instanceKlass org/apache/xerces/impl/dv/dtd/StringDatatypeValidator
instanceKlass org/apache/xerces/impl/dv/DatatypeValidator
instanceKlass org/apache/xerces/impl/dv/SecuritySupport$2
instanceKlass org/apache/xerces/impl/dv/SecuritySupport$1
instanceKlass org/apache/xerces/impl/dv/SecuritySupport$4
instanceKlass org/apache/xerces/impl/dv/SecuritySupport
instanceKlass org/apache/xerces/impl/dv/ObjectFactory
instanceKlass org/apache/xerces/impl/dv/DTDDVFactory
instanceKlass org/apache/xerces/impl/dtd/DTDGrammarBucket
instanceKlass org/apache/xerces/impl/dtd/XMLAttributeDecl
instanceKlass org/apache/xerces/impl/dtd/XMLSimpleType
instanceKlass org/apache/xerces/impl/dtd/XMLElementDecl
instanceKlass org/apache/xerces/impl/validation/ValidationState
instanceKlass org/apache/xerces/impl/dv/ValidationContext
instanceKlass org/apache/xerces/impl/dtd/DTDGrammar
instanceKlass org/apache/xerces/xni/grammars/Grammar
instanceKlass org/apache/xerces/impl/validation/EntityState
instanceKlass org/apache/xerces/impl/dtd/XMLEntityDecl
instanceKlass org/apache/xerces/impl/dtd/XMLDTDProcessor
instanceKlass org/apache/xerces/xni/parser/XMLDTDContentModelFilter
instanceKlass org/apache/xerces/xni/parser/XMLDTDFilter
instanceKlass org/apache/xerces/impl/XMLDocumentScannerImpl$TrailingMiscDispatcher
instanceKlass org/apache/xerces/impl/XMLDocumentScannerImpl$DTDDispatcher
instanceKlass org/apache/xerces/impl/XMLDocumentScannerImpl$PrologDispatcher
instanceKlass org/apache/xerces/impl/XMLDocumentScannerImpl$XMLDeclDispatcher
instanceKlass org/apache/xerces/util/NamespaceSupport
instanceKlass org/apache/xerces/util/XMLAttributesImpl$Attribute
instanceKlass org/apache/xerces/util/XMLAttributesImpl
instanceKlass com/mathworks/mwswing/MJToolBar$LocalContainerListener
instanceKlass org/apache/xerces/impl/XMLDocumentFragmentScannerImpl$FragmentContentDispatcher
instanceKlass org/apache/xerces/xni/QName
instanceKlass org/apache/xerces/impl/XMLDocumentFragmentScannerImpl$ElementStack
instanceKlass org/apache/xerces/xni/grammars/XMLDTDDescription
instanceKlass org/apache/xerces/xni/grammars/XMLGrammarDescription
instanceKlass javax/accessibility/AccessibleRelationSet
instanceKlass javax/accessibility/AccessibleContext$1
instanceKlass sun/awt/AWTAccessor$AccessibleContextAccessor
instanceKlass org/apache/xerces/impl/XMLDocumentFragmentScannerImpl$Dispatcher
instanceKlass org/apache/xerces/xni/XMLAttributes
instanceKlass javax/accessibility/AccessibleExtendedComponent
instanceKlass javax/accessibility/AccessibleComponent
instanceKlass javax/accessibility/AccessibleText
instanceKlass javax/accessibility/AccessibleValue
instanceKlass javax/accessibility/AccessibleAction
instanceKlass org/apache/xerces/xni/XMLString
instanceKlass org/apache/xerces/impl/XMLScanner
instanceKlass com/mathworks/mwswing/MJToolBar$2
instanceKlass org/apache/xerces/impl/XMLEntityHandler
instanceKlass java/beans/VetoableChangeListener
instanceKlass javax/swing/plaf/basic/BasicButtonListener
instanceKlass org/apache/xerces/xni/parser/XMLErrorHandler
instanceKlass org/apache/xerces/impl/XMLErrorReporter
instanceKlass javax/swing/AbstractButton$Handler
instanceKlass javax/swing/DefaultButtonModel
instanceKlass javax/swing/ButtonModel
instanceKlass com/mathworks/mwswing/Painter
instanceKlass com/mathworks/mwswing/MJButton$LocalHierarchyListener
instanceKlass org/apache/xerces/impl/XMLEntityManager$CharacterBuffer
instanceKlass org/apache/xerces/impl/XMLEntityManager$CharacterBufferPool
instanceKlass org/apache/xerces/impl/XMLEntityManager$ByteBufferPool
instanceKlass org/apache/xerces/util/AugmentationsImpl$AugmentationsItemsContainer
instanceKlass org/apache/xerces/util/AugmentationsImpl
instanceKlass java/awt/VKCollection
instanceKlass javax/swing/plaf/basic/BasicToolBarUI$Handler
instanceKlass org/apache/xerces/util/XMLResourceIdentifierImpl
instanceKlass javax/swing/event/MouseInputListener
instanceKlass com/sun/java/swing/plaf/windows/WindowsBorders
instanceKlass org/apache/xerces/impl/XMLEntityManager$1
instanceKlass javax/swing/BoxLayout
instanceKlass javax/swing/JToolBar$DefaultToolBarLayout
instanceKlass com/mathworks/mwswing/CellViewerCustomizer
instanceKlass org/apache/xerces/impl/XMLEntityScanner
instanceKlass org/apache/xerces/impl/XMLEntityManager$Entity
instanceKlass org/apache/xerces/xni/XMLResourceIdentifier
instanceKlass javax/swing/event/PopupMenuListener
instanceKlass org/apache/xerces/xni/Augmentations
instanceKlass org/apache/xerces/impl/XMLEntityManager
instanceKlass org/apache/xerces/xni/parser/XMLEntityResolver
instanceKlass org/apache/xerces/util/SymbolTable$Entry
instanceKlass org/apache/xerces/xni/grammars/XMLGrammarPool
instanceKlass org/apache/xerces/util/SymbolTable
instanceKlass com/mathworks/hg/peer/FigurePeer$BreakpointDispatch
instanceKlass org/apache/xerces/xni/NamespaceContext
instanceKlass org/apache/xerces/xni/parser/XMLDocumentScanner
instanceKlass org/apache/xerces/util/MessageFormatter
instanceKlass org/apache/xerces/impl/dtd/XMLDTDValidator
instanceKlass org/apache/xerces/impl/RevalidationHandler
instanceKlass org/apache/xerces/impl/dtd/XMLDTDValidatorFilter
instanceKlass org/apache/xerces/xni/parser/XMLDocumentFilter
instanceKlass org/apache/xerces/xni/parser/XMLDocumentSource
instanceKlass com/mathworks/hg/peer/Echo
instanceKlass org/apache/xerces/xni/parser/XMLDTDScanner
instanceKlass org/apache/xerces/xni/parser/XMLDTDContentModelSource
instanceKlass org/apache/xerces/xni/parser/XMLDTDSource
instanceKlass org/apache/xerces/xni/XMLLocator
instanceKlass org/apache/xerces/xni/parser/XMLComponent
instanceKlass org/apache/xerces/util/ParserConfigurationSettings
instanceKlass org/apache/xerces/parsers/XML11Configurable
instanceKlass org/apache/xerces/xni/parser/XMLPullParserConfiguration
instanceKlass org/apache/xerces/xni/parser/XMLParserConfiguration
instanceKlass org/apache/xerces/xni/parser/XMLComponentManager
instanceKlass org/apache/xerces/parsers/SecuritySupport$6
instanceKlass org/apache/xerces/parsers/SecuritySupport$7
instanceKlass org/apache/xerces/parsers/SecuritySupport$2
instanceKlass org/apache/xerces/parsers/SecuritySupport$1
instanceKlass com/mathworks/hg/peer/event/ToolbuttonListener
instanceKlass org/apache/xerces/parsers/SecuritySupport$4
instanceKlass org/apache/xerces/parsers/SecuritySupport
instanceKlass org/apache/xerces/parsers/ObjectFactory
instanceKlass org/xml/sax/Attributes
instanceKlass org/xml/sax/AttributeList
instanceKlass org/xml/sax/Locator
instanceKlass org/apache/xerces/parsers/XMLParser
instanceKlass org/apache/xerces/xni/XMLDTDContentModelHandler
instanceKlass org/apache/xerces/xni/XMLDTDHandler
instanceKlass org/apache/xerces/xni/XMLDocumentHandler
instanceKlass com/mathworks/hg/peer/AbstractToolbuttonPeer
instanceKlass org/xml/sax/XMLReader
instanceKlass org/xml/sax/Parser
instanceKlass org/apache/xerces/xs/PSVIProvider
instanceKlass com/mathworks/hg/peer/ToolbarPeer
instanceKlass org/xml/sax/EntityResolver
instanceKlass org/xml/sax/ErrorHandler
instanceKlass org/xml/sax/ContentHandler
instanceKlass javax/xml/transform/Result
instanceKlass com/mathworks/hg/peer/event/UiMenuListener
instanceKlass javax/xml/transform/Source
instanceKlass com/mathworks/hg/peer/AbstractSplitButtonPeer
instanceKlass com/mathworks/xml/XMLUtils
instanceKlass com/mathworks/hg/peer/ContextMenuPeer
instanceKlass org/apache/commons/io/IOUtils
instanceKlass com/mathworks/hg/peer/utils/MatlabIconComponent
instanceKlass com/mathworks/mwswing/binding/KeyBindingReaderUtils
instanceKlass com/mathworks/mwswing/binding/ActionDataReader
instanceKlass com/mathworks/services/binding/MatlabKeyBindingPreferences
instanceKlass com/mathworks/hg/peer/MenuPeer
instanceKlass com/mathworks/mwswing/binding/ActionDataID
instanceKlass com/mathworks/mwswing/binding/DefaultKeyBindingSetID
instanceKlass com/mathworks/mwswing/binding/AbstractNamedUniqueID
instanceKlass com/mathworks/mwswing/binding/UniqueID
instanceKlass com/mathworks/mwswing/binding/KeyBindingManager
instanceKlass com/mathworks/mwswing/binding/KeyBindingManagerRegistry
instanceKlass com/mathworks/services/binding/KeyBindingPreferences
instanceKlass com/mathworks/hg/peer/FigureComponentProxy
instanceKlass com/mathworks/services/binding/MatlabKeyBindings
instanceKlass com/mathworks/hg/peer/CanvasComponentCreationListener
instanceKlass com/mathworks/hg/peer/FigurePeerFocusListener
instanceKlass com/mathworks/jmi/Callback
instanceKlass com/mathworks/hg/peer/FigurePeerKeyListener
instanceKlass com/mathworks/hg/peer/FigurePeerMouseListener
instanceKlass com/mathworks/hg/peer/FigurePeerWindowListener
instanceKlass com/mathworks/hg/peer/FigurePeerPaintListener
instanceKlass com/mathworks/hg/peer/FigureNotification
instanceKlass com/mathworks/hg/peer/FigurePeerAcceleratorKeyListener
instanceKlass com/mathworks/hg/peer/FigurePeerScrollWheelListener
instanceKlass com/mathworks/hg/peer/FigurePeerWindowStateListener
instanceKlass com/mathworks/hg/peer/FigurePeerWindowStyleListener
instanceKlass com/mathworks/mde/editor/plugins/editordataservice/debug/DebuggerInstaller$9
instanceKlass com/mathworks/hg/peer/FigurePeerButtonMotionListener
instanceKlass com/mathworks/hg/peer/FigurePeerComponentListener
instanceKlass com/mathworks/mde/editor/plugins/editordataservice/debug/DebuggerInstaller$5
instanceKlass com/mathworks/mde/editor/plugins/editordataservice/debug/DebuggerInstaller$3
instanceKlass com/mathworks/hg/peer/AxisComponent
instanceKlass com/mathworks/mlwidgets/stack/StackInfoRegistry$DBStackCallback
instanceKlass com/mathworks/mlwidgets/stack/StackInfoRegistry
instanceKlass com/mathworks/hg/peer/AbstractUicontrolPeer
instanceKlass com/mathworks/hg/types/GUIDEViewProvider
instanceKlass com/mathworks/mlservices/MatlabDebugServices$1
instanceKlass com/mathworks/hg/peer/CallbackTrigger
instanceKlass com/mathworks/hg/UicontrolPeer
instanceKlass com/mathworks/hg/BaseControl
instanceKlass com/mathworks/mlservices/MatlabDebugServices$3
instanceKlass com/mathworks/hg/peer/FigureChild
instanceKlass com/mathworks/capabilities/CapabilityList$1
instanceKlass com/mathworks/mvm/MvmWrapper
instanceKlass java/beans/Transient
instanceKlass com/sun/beans/WildcardTypeImpl
instanceKlass sun/reflect/generics/tree/Wildcard
instanceKlass sun/reflect/generics/tree/BottomSignature
instanceKlass com/sun/beans/TypeResolver
instanceKlass com/mathworks/capabilities/CapabilityList
instanceKlass com/mathworks/mvm/exec/MatlabFevalRequest$Options
instanceKlass java/beans/MethodRef
instanceKlass com/mathworks/mlservices/MatlabDebugServices$DBStatusDBStackCallback
instanceKlass com/sun/beans/util/Cache$CacheEntry
instanceKlass com/sun/beans/util/Cache
instanceKlass com/mathworks/mlservices/debug/breakpoint/GlobalBreakpointDBStatusHandler
instanceKlass com/sun/beans/finder/AbstractFinder
instanceKlass com/mathworks/mlservices/debug/breakpoint/GlobalBreakpointState
instanceKlass java/util/logging/Formatter
instanceKlass java/util/logging/ErrorManager
instanceKlass com/mathworks/mlservices/MatlabDebugServices$BusyExecutionListener
instanceKlass com/mathworks/mlservices/MatlabDebugServices$CtrlCListener
instanceKlass com/mathworks/mlservices/MatlabDebugServices$DefaultMatlabPauseObserver
instanceKlass com/mathworks/mlservices/MatlabDebugServices$DefaultMatlabDebugObserver
instanceKlass java/beans/SimpleBeanInfo
instanceKlass com/mathworks/mlservices/MatlabDebugServices$StackCallback
instanceKlass com/sun/beans/finder/ClassFinder
instanceKlass java/beans/BeanInfo
instanceKlass com/sun/beans/finder/InstanceFinder
instanceKlass com/mathworks/mlservices/MatlabDebugServices$StackDispatch
instanceKlass com/mathworks/mlservices/MatlabDebugServices$DebugDispatch$DebugExitStackCheck
instanceKlass java/beans/WeakIdentityMap
instanceKlass java/beans/ThreadGroupContext
instanceKlass com/mathworks/mlservices/MatlabDebugServices$DebugDispatch
instanceKlass java/beans/FeatureDescriptor
instanceKlass com/mathworks/matlab/api/debug/Breakpoint
instanceKlass com/sun/beans/WeakCache
instanceKlass java/beans/Introspector
instanceKlass com/mathworks/mlservices/debug/breakpoint/BreakpointBase
instanceKlass com/mathworks/hg/peer/LightWeightManager
instanceKlass com/mathworks/mlservices/MatlabDebugServices
instanceKlass com/mathworks/widgets/debug/DebuggerManager$IdleMatlabDebugger
instanceKlass com/mathworks/widgets/debug/DebuggerManager
instanceKlass com/mathworks/matlab/api/editor/actions/DebuggerActions
instanceKlass com/mathworks/mlservices/MatlabDebugAdapter
instanceKlass com/mathworks/mde/editor/plugins/editordataservice/debug/DebuggerInstaller$StackCallback
instanceKlass com/mathworks/mde/editor/plugins/editordataservice/debug/DebuggerInstaller$10
instanceKlass com/mathworks/hg/peer/event/HGSendPollable
instanceKlass com/mathworks/mde/editor/plugins/editordataservice/debug/DebuggerInstaller$1
instanceKlass com/mathworks/jmi/bean/Coalesceable
instanceKlass com/mathworks/widgets/debug/DebuggerManager$DebuggerManagerStateListener
instanceKlass com/mathworks/mlservices/MatlabDebugObserver
instanceKlass com/mathworks/mlwidgets/stack/StackInfoRegistry$StackInfoChange
instanceKlass com/mathworks/mde/editor/plugins/editordataservice/debug/DebuggerInstaller
instanceKlass com/mathworks/hg/peer/FigureFrameProxyBase
instanceKlass com/mathworks/hg/peer/PositionableFigureClient
instanceKlass com/mathworks/hg/peer/FigureEditableComponent
instanceKlass javax/swing/event/AncestorListener
instanceKlass com/mathworks/hg/util/HGPeerRunnable
instanceKlass com/mathworks/hg/peer/FigureJavaComponentListener$FigureJavaComponentSizeListener
instanceKlass com/mathworks/hg/peer/FigurePeer
instanceKlass com/mathworks/hg/peer/UIComponentParentWithLayout
instanceKlass com/mathworks/hg/peer/UIComponentParent
instanceKlass com/mathworks/hg/peer/FigureValidator
instanceKlass com/mathworks/hg/peer/FigureNotificationHandler
instanceKlass com/mathworks/hg/util/HGPeerQueueUser
instanceKlass com/mathworks/widgets/desk/DTGroupProperty$1
instanceKlass com/mathworks/widgets/desk/DTGroupBase
instanceKlass com/mathworks/jmi/ClassLoaderManager
instanceKlass com/mathworks/mwswing/BorderUtils
instanceKlass javax/swing/plaf/basic/BasicHTML
instanceKlass java/awt/Component$3
instanceKlass com/mathworks/widgets/desk/DTGlobalActionManager$1
instanceKlass com/mathworks/widgets/desk/DTClient$LocationListener
instanceKlass com/mathworks/widgets/desk/DTDocumentContainer$State
instanceKlass javax/swing/event/MenuListener
instanceKlass com/mathworks/widgets/desk/TargetedAction
instanceKlass com/google/common/collect/ListMultimap
instanceKlass com/google/common/collect/Multimap
instanceKlass com/mathworks/widgets/desk/DTDocumentArranger
instanceKlass com/mathworks/widgets/desk/DTDocumentTabsProperties$Listener
instanceKlass com/mathworks/mwswing/MJAbstractAction$1
instanceKlass com/mathworks/mwswing/binding/KeyStrokeList
instanceKlass com/mathworks/mwswing/KeyControlledDragger
instanceKlass java/awt/event/KeyEvent$1
instanceKlass sun/awt/AWTAccessor$KeyEventAccessor
instanceKlass com/mathworks/mwswing/binding/KeyStrokeUtils
instanceKlass javax/swing/ArrayTable
instanceKlass com/mathworks/mwswing/ActionUtils
instanceKlass com/mathworks/mwswing/binding/ExtendedActionBridge
instanceKlass com/mathworks/widgets/desk/DTNestingContainer$TreeState
instanceKlass java/awt/TrayIcon
instanceKlass java/awt/MenuComponent
instanceKlass java/awt/EventQueue$3
instanceKlass sun/awt/dnd/SunDragSourceContextPeer
instanceKlass java/awt/dnd/peer/DragSourceContextPeer
instanceKlass sun/awt/EventQueueDelegate
instanceKlass java/awt/ModalEventFilter
instanceKlass com/mathworks/widgets/desk/DTDropTarget
instanceKlass java/awt/EventDispatchThread$HierarchyEventFilter
instanceKlass java/awt/EventFilter
instanceKlass java/awt/EventDispatchThread$1
instanceKlass java/awt/Conditional
instanceKlass com/mathworks/services/mlx/service/SerializationService$4
instanceKlass com/mathworks/services/mlx/service/SerializationService$3
instanceKlass com/mathworks/services/mlx/service/SerializationService$2
instanceKlass com/mathworks/mlwidgets/util/MatlabDropTargetListener
instanceKlass com/mathworks/services/mlx/service/SerializationService$1
instanceKlass com/mathworks/services/mlx/service/SerializationService
instanceKlass com/mathworks/mde/editor/plugins/editordataservice/MatlabExecutionService$2
instanceKlass com/mathworks/mde/editor/plugins/editordataservice/MatlabExecutionService$1
instanceKlass com/mathworks/mde/editor/RealMatlab
instanceKlass java/awt/EventQueue$5
instanceKlass java/awt/event/InvocationEvent$1
instanceKlass sun/awt/AWTAccessor$InvocationEventAccessor
instanceKlass com/mathworks/mde/editor/EditorMatlab
instanceKlass java/awt/ActiveEvent
instanceKlass com/mathworks/mde/editor/plugins/editordataservice/MatlabExecutionService
instanceKlass com/mathworks/widgets/desk/Desktop$DeferredFacadeProxy$1
instanceKlass com/mathworks/connector/message_service/impl/AbstractMessageService$Subscription
instanceKlass com/mathworks/widgets/desk/DTGroup$LocationListener
instanceKlass java/awt/event/ComponentAdapter
instanceKlass com/mathworks/messageservice/MessageUtils
instanceKlass com/mathworks/services/editordataservice/EditorDataServiceManager$3
instanceKlass com/mathworks/services/editordataservice/EditorDataServiceManager$SingletonHolder
instanceKlass com/mathworks/services/editordataservice/EditorDataServiceManager$1
instanceKlass com/mathworks/services/editordataservice/EditorDataServiceManager
instanceKlass com/mathworks/connector/client_services/UserManagerImpl$GetCurrentClientPropertiesResponse
instanceKlass com/mathworks/connector/client_services/UserManagerImpl$GetCurrentClientProperties
instanceKlass com/mathworks/mwswing/SimpleDOMParser
instanceKlass com/mathworks/connector/client_services/UserManagerImpl$GetCurrentEntitledProductsResponse
instanceKlass com/sun/java/swing/SwingUtilities3
instanceKlass com/mathworks/connector/client_services/UserManagerImpl$GetCurrentEntitledProducts
instanceKlass javax/swing/RepaintManager$ProcessingRunnable
instanceKlass sun/reflect/misc/Trampoline
instanceKlass com/mathworks/connector/client_services/UserManagerImpl$GetCurrentUserHomeDirResponse
instanceKlass com/mathworks/connector/client_services/UserManagerImpl$GetCurrentUserHomeDir
instanceKlass sun/reflect/misc/MethodUtil$1
instanceKlass com/mathworks/connector/client_services/ClientBrowserServiceImpl$OpenWithBrowser
instanceKlass com/mathworks/connector/client_services/ClientEditorServiceImpl$OpenOrCreateInEditor
instanceKlass java/awt/FlowLayout
instanceKlass com/mathworks/connector/client_services/ClientEditorServiceImpl$OpenToLineInEditor
instanceKlass com/mathworks/currentfolder/model/featureswitch/FeatureSwitchListener
instanceKlass com/mathworks/matlabserver/connector/nonce/NewNonceResponse
instanceKlass com/mathworks/widgets/grouptable/GroupingTableSelectionListener
instanceKlass com/mathworks/matlabserver/connector/nonce/NewNonce
instanceKlass com/mathworks/matlabserver/connector/nonce/ApplyNonceResponse
instanceKlass com/mathworks/widgets/grouptable/Affordance
instanceKlass com/mathworks/widgets/grouptable/ExpansionProvider
instanceKlass com/mathworks/widgets/grouptable/TableConfigurationSerializer
instanceKlass com/mathworks/matlabserver/connector/nonce/ApplyNonce
instanceKlass com/mathworks/mlwidgets/explorer/model/navigation/NavigationListener
instanceKlass com/mathworks/matlabserver/connector/http/RemoveStaticContentPath
instanceKlass com/mathworks/mwswing/ExtendedButton
instanceKlass com/mathworks/matlabserver/connector/http/GetStaticContentPathResponse
instanceKlass com/mathworks/widgets/grouptable/transfer/ReceiveHandler
instanceKlass com/mathworks/widgets/grouptable/transfer/SendHandler
instanceKlass com/mathworks/matlabserver/connector/http/GetStaticContentPath
instanceKlass com/mathworks/mwswing/PopupMenuCustomizer
instanceKlass com/mathworks/matlabserver/connector/http/AddStaticContentPathResponse
instanceKlass com/mathworks/mlwidgets/explorer/widgets/address/TitleChangeListener
instanceKlass com/mathworks/matlabserver/connector/http/AddStaticContentPath
instanceKlass com/mathworks/mlservices/MatlabExecutionErrorHandler
instanceKlass com/mathworks/mde/cmdwin/CmdWinExecuteServices
instanceKlass com/mathworks/mlwidgets/explorer/util/ComponentInjector
instanceKlass com/mathworks/mlservices/MLExecuteRegistrar
instanceKlass com/mathworks/mlservices/MLExecute
instanceKlass com/mathworks/mlservices/MLServicesRegistry$EventMulticaster
instanceKlass com/mathworks/mlservices/MLServicesRegistry
instanceKlass com/mathworks/mlservices/MLExecuteServices$ServicesRegistryListener
instanceKlass com/jidesoft/grid/IndexChangeListener
instanceKlass com/mathworks/mlservices/MLServicesRegistry$Listener
instanceKlass com/mathworks/mlservices/MLServices
instanceKlass com/jidesoft/grid/TableAdapter
instanceKlass com/mathworks/matlabserver/workercommon/desktopservices/eval/WorkerEvalExecutionListener$MatlabExecutionStateReturnVal
instanceKlass com/mathworks/matlabserver/workercommon/desktopservices/eval/WorkerEvalExecutionListener
instanceKlass com/mathworks/connector/cosg/impl/CosgRegistryImpl$EchoResponse
instanceKlass com/mathworks/connector/cosg/impl/CosgRegistryImpl$EchoRequest
instanceKlass com/mathworks/connector/cosg/impl/CosgRegistryImpl$2
instanceKlass com/jidesoft/grid/SortListener
instanceKlass com/mathworks/connector/cosg/impl/CosgRegistryImpl$1
instanceKlass com/mathworks/connector/Promise
instanceKlass com/mathworks/connector/Future
instanceKlass com/mathworks/mwswing/table/SortedTable
instanceKlass com/mathworks/connector/cosg/CosgRegisterOpaqueType
instanceKlass com/mathworks/matlab/api/explorer/ActionInputSource
instanceKlass com/mathworks/connector/cosg/impl/CosgRegistryImpl$CosgHandlerContainer
instanceKlass com/mathworks/matlab/api/explorer/FileSystem
instanceKlass com/mathworks/matlabserver/workercommon/messageservices/matlabexecutionservices/MatlabExecutionStateResponseMessageDO
instanceKlass com/mathworks/mde/desk/DesktopExplorerAdapterImpl
instanceKlass com/mathworks/mde/desk/MLDesktop$doMatlabStatus
instanceKlass com/mathworks/matlabserver/workercommon/messageservices/matlabexecutionservices/MatlabExecutionStateRequestMessageDO
instanceKlass com/mathworks/cosg/CosgResponseWrapper
instanceKlass com/mathworks/matlabserver/workercommon/messageservices/matlabexecutionservices/MatlabExecutionStateImpl
instanceKlass com/mathworks/peermodel/synchronizer/utils/ClientPagedDataJSONConverter
instanceKlass com/mathworks/peermodel/pageddata/PagedDataFactory
instanceKlass com/mathworks/peermodel/pageddata/impl/PagedDataImpl
instanceKlass com/mathworks/peermodel/pageddata/ClientPagedData
instanceKlass com/mathworks/peermodel/pageddata/ServerPagedData
instanceKlass com/mathworks/peermodel/PeerSynchronizerFactory
instanceKlass com/mathworks/peermodel/synchronizer/PeerSynchronizer
instanceKlass com/mathworks/messageservice/Subscriber
instanceKlass com/mathworks/widgets/desk/DTToolBarConfiguration
instanceKlass com/mathworks/peermodel/events/Observer
instanceKlass com/mathworks/peermodel/PeerSynchronizer
instanceKlass com/mathworks/peermodel/PeerModelManagers
instanceKlass com/mathworks/peermodel/PeerModelManager
instanceKlass com/mathworks/peermodel/events/PeerModelListenable
instanceKlass com/mathworks/peermodel/events/PeerEventObservable
instanceKlass com/mathworks/peermodel/events/Observable
instanceKlass com/mathworks/widgets/desk/DTPropertyProvider
instanceKlass com/mathworks/peermodel/PeerModelBuilderImpl
instanceKlass com/mathworks/peermodel/PeerModelBuilder
instanceKlass com/mathworks/peermodel/synchronizer/utils/PeerModelInitialize
instanceKlass com/mathworks/widgets/desk/DTProperty
instanceKlass javax/swing/AbstractAction
instanceKlass org/apache/commons/lang/exception/Nestable
instanceKlass com/mathworks/messageservice/MessageServiceFactory
instanceKlass com/mathworks/connector/message_service/impl/JniMessageServiceAdaptorImpl$1
instanceKlass com/mathworks/widgets/desk/DefaultViewTabFactory
instanceKlass com/google/gson/BufferedImageConverter
instanceKlass com/mathworks/messageservice/json/converters/JSONTypeConverter
instanceKlass com/mathworks/widgets/desk/DTWindowRegistry
instanceKlass com/mathworks/connector/message_service/impl/JSONConverterImpl$MessageJSONCustomConverter
instanceKlass com/mathworks/widgets/desk/DTGroupPropertyProvider
instanceKlass com/mathworks/toolstrip/accessories/QuickAccessToolBar
instanceKlass com/mathworks/widgets/desk/RecentFiles
instanceKlass com/mathworks/connector/message_service/impl/JSONConverterImpl
instanceKlass javax/swing/ActionMap
instanceKlass com/mathworks/widgets/desk/DTMainToolBarSupplier
instanceKlass com/mathworks/toolstrip/factory/QuickAccessConfiguration
instanceKlass com/mathworks/toolstrip/factory/TSToolSetContents$Listener
instanceKlass com/mathworks/messageservice/json/JSONCustomConverters
instanceKlass com/mathworks/messageservice/MessageService
instanceKlass com/mathworks/widgets/desk/DTLayoutLibrary
instanceKlass com/mathworks/mwswing/SimpleNode
instanceKlass com/mathworks/messageservice/Message
instanceKlass org/w3c/dom/Element
instanceKlass com/mathworks/messageservice/ContextState
instanceKlass org/w3c/dom/Document
instanceKlass com/mathworks/mde/desk/MLDesktop$MatlabReadyListener
instanceKlass com/mathworks/toolstrip/factory/TSRegistry
instanceKlass com/mathworks/mde/desk/MLDesktopShutdownHelper
instanceKlass com/mathworks/connector/message_service/impl/AbstractMessageService
instanceKlass com/mathworks/mde/desk/MLDesktop$DesktopStatusPauseObserver
instanceKlass com/mathworks/widgets/desk/DeferredDesktopFacade
instanceKlass com/mathworks/messageservice/MessageServiceOpaque
instanceKlass com/mathworks/widgets/desk/Desktop$DeferredFacadeProxy
instanceKlass com/mathworks/widgets/desk/DTToolBarRegistry
instanceKlass com/mathworks/widgets/desk/DTGlobalActionManager
instanceKlass com/mathworks/widgets/desk/DTLayoutSaveManager$1
instanceKlass com/mathworks/widgets/desk/DTLayoutSaveManager$LocalLocationListener
instanceKlass com/mathworks/widgets/desk/DTLayoutSaveManager$LocalArrangementListener
instanceKlass com/mathworks/widgets/desk/DTGroupAdapter
instanceKlass com/mathworks/widgets/desk/DTClientAdapter
instanceKlass com/mathworks/widgets/desk/DTLocation$Listener
instanceKlass com/mathworks/widgets/desk/DTGroupListener
instanceKlass com/mathworks/widgets/desk/DTClientListener
instanceKlass com/mathworks/widgets/desk/DTLayoutSaveManager
instanceKlass com/mathworks/desktop/attr/AttributeChangeListener
instanceKlass com/mathworks/desktop/attr/Attribute
instanceKlass com/mathworks/widgets/desk/DTSelectionManager
instanceKlass com/mathworks/services/settings/SettingUtils
instanceKlass com/mathworks/services/mlx/MlxFileUtils
instanceKlass com/mathworks/widgets/desk/DTLazyPropertyProvider
instanceKlass com/mathworks/widgets/desk/DTClientPropertyProvider
instanceKlass com/mathworks/mde/liveeditor/ToolstripManager
instanceKlass com/mathworks/mde/editor/debug/ToolstripRefresher
instanceKlass com/mathworks/widgets/desk/DTRecoverable
instanceKlass com/mathworks/matlab/api/editor/Editor
instanceKlass com/mathworks/matlab/api/datamodel/PropertyChangeProvider
instanceKlass com/mathworks/mde/liveeditor/LiveEditorTabManager
instanceKlass com/mathworks/matlabserver/connector/impl/ConnectorImpl$1$$Lambda$23
instanceKlass java/lang/invoke/LambdaForm$DMH
instanceKlass com/mathworks/mde/liveeditor/LiveEditorInitializer$1
instanceKlass com/mathworks/matlab/environment/context/Util
instanceKlass com/mathworks/mde/liveeditor/LiveEditorInitializer
instanceKlass com/mathworks/matlabserver/workercommon/client/ClientServiceRegistryFacade
instanceKlass com/mathworks/matlabserver/workercommon/client/ClientServiceRegistryFactory
instanceKlass com/google/gson/internal/$Gson$Types$ParameterizedTypeImpl
instanceKlass com/mathworks/connector/client_services/UserManagerImpl$SupportedProducts
instanceKlass com/mathworks/connector/client_services/UserManagerImpl
instanceKlass com/mathworks/matlabserver/internalservices/workersecurity/UserManager
instanceKlass com/mathworks/connector/client_services/ClientCommandWindowServiceImpl
instanceKlass com/mathworks/matlabserver/workercommon/client/services/ClientCommandWindowService
instanceKlass com/mathworks/connector/client_services/ClientBrowserServiceImpl
instanceKlass com/mathworks/matlabserver/workercommon/client/services/ClientBrowserService
instanceKlass com/mathworks/connector/client_services/ClientEditorServiceImpl
instanceKlass com/mathworks/matlabserver/workercommon/client/services/ClientEditorService
instanceKlass com/mathworks/matlabserver/workercommon/client/services/MessageProducer
instanceKlass com/mathworks/matlabserver/workercommon/client/impl/ClientServiceRegistryImpl
instanceKlass com/mathworks/connector/json/impl/JsonDeserializationServiceProvider
instanceKlass com/mathworks/connector/json/impl/JsonSerializationServiceProvider
instanceKlass com/mathworks/connector/MessageBase
instanceKlass com/google/gson/internal/bind/TreeTypeAdapter$SingleTypeFactory
instanceKlass com/google/gson/JsonDeserializationContext
instanceKlass com/google/gson/JsonSerializationContext
instanceKlass com/google/gson/InstanceCreator
instanceKlass com/google/gson/JsonSerializer
instanceKlass com/mathworks/connector/json/impl/JsonSerializerImpl$GenericMessageDeserializer
instanceKlass com/google/gson/JsonDeserializer
instanceKlass com/mathworks/connector/json/impl/JsonSerializerImpl
instanceKlass com/google/gson/internal/bind/ReflectiveTypeAdapterFactory$BoundField
instanceKlass com/google/gson/internal/bind/ReflectiveTypeAdapterFactory
instanceKlass com/google/gson/internal/bind/JsonAdapterAnnotationTypeAdapterFactory
instanceKlass com/google/gson/internal/bind/MapTypeAdapterFactory
instanceKlass com/google/gson/internal/bind/CollectionTypeAdapterFactory
instanceKlass com/google/gson/internal/bind/ArrayTypeAdapter$1
instanceKlass com/google/gson/internal/bind/DateTypeAdapter$1
instanceKlass java/util/concurrent/atomic/AtomicLongArray
instanceKlass com/google/gson/internal/bind/NumberTypeAdapter$1
instanceKlass com/google/gson/internal/bind/ObjectTypeAdapter$1
instanceKlass com/google/gson/internal/bind/TypeAdapters$28
instanceKlass com/google/gson/internal/bind/TypeAdapters$32
instanceKlass com/google/gson/internal/bind/TypeAdapters$33
instanceKlass java/util/concurrent/atomic/AtomicIntegerArray
instanceKlass com/google/gson/internal/bind/TypeAdapters$31
instanceKlass com/google/gson/internal/bind/TypeAdapters$30
instanceKlass com/google/gson/internal/bind/TypeAdapters
instanceKlass com/google/gson/internal/JavaVersion
instanceKlass com/google/gson/internal/reflect/ReflectionAccessor
instanceKlass com/google/gson/internal/ObjectConstructor
instanceKlass com/google/gson/internal/ConstructorConstructor
instanceKlass java/lang/reflect/WildcardType
instanceKlass com/google/gson/internal/$Gson$Types
instanceKlass com/google/gson/internal/$Gson$Preconditions
instanceKlass com/google/gson/reflect/TypeToken
instanceKlass com/google/gson/Gson
instanceKlass com/google/gson/internal/sql/SqlTimestampTypeAdapter$1
instanceKlass com/google/gson/internal/sql/SqlTimeTypeAdapter$1
instanceKlass com/google/gson/internal/sql/SqlDateTypeAdapter$1
instanceKlass com/google/gson/stream/JsonReader
instanceKlass com/google/gson/stream/JsonWriter
instanceKlass com/google/gson/internal/bind/DefaultDateTypeAdapter$DateType
instanceKlass com/google/gson/internal/sql/SqlTypesSupport
instanceKlass com/google/gson/JsonElement
instanceKlass com/google/gson/TypeAdapter
instanceKlass com/google/gson/internal/Excluder
instanceKlass com/google/gson/TypeAdapterFactory
instanceKlass com/google/gson/ToNumberStrategy
instanceKlass com/google/gson/FieldNamingStrategy
instanceKlass com/google/gson/GsonBuilder
instanceKlass com/mathworks/cosg/CosgRegistryFactory
instanceKlass com/mathworks/connector/cosg/impl/CosgRegistryImpl
instanceKlass com/mathworks/connector/Address
instanceKlass com/mathworks/connector/impl/ContextImpl
instanceKlass com/mathworks/cosg/CosgRegistry
instanceKlass com/mathworks/connector/cosg/impl/CosgServiceProvider
instanceKlass com/mathworks/messageservice/builders/MessageServiceBuilder
instanceKlass com/mathworks/connector/Future$Continuation
instanceKlass com/mathworks/connector/native_bridge/impl/NativeBridgeServiceProvider
instanceKlass com/mathworks/connector/Context
instanceKlass com/mathworks/connector/impl/ConnectorImpl
instanceKlass com/mathworks/connector/native_bridge/NativeBridge
instanceKlass com/mathworks/matlabserver/connector/api/Server
instanceKlass com/mathworks/matlabserver/connector/api/ConnectorLifecycleHelper
instanceKlass com/mathworks/matlabserver/connector/util/SessionNonceHelper
instanceKlass com/mathworks/connector/json/JsonSerializer
instanceKlass com/mathworks/connector/Connector
instanceKlass com/mathworks/connector/ServiceProvider
instanceKlass com/mathworks/cosg/CosgMessageHandler
instanceKlass com/mathworks/connector/message_service/api/JniMessageServiceAdaptor
instanceKlass com/mathworks/matlabserver/workercommon/client/ClientServiceRegistry
instanceKlass com/mathworks/connector/Message
instanceKlass com/mathworks/matlabserver/connector/api/Connector$1
instanceKlass com/mathworks/matlabserver/connector/api/Connector
instanceKlass com/mathworks/matlabserver/connector/api/AutoStart
instanceKlass com/mathworks/jmi/MatlabPath$PathCallback
instanceKlass com/mathworks/services/message/MWHandler
instanceKlass com/mathworks/jmi/MatlabMCR
instanceKlass com/mathworks/jmi/MatlabPath
instanceKlass com/mathworks/mlwidgets/prefs/InitialWorkingFolder$1
instanceKlass com/mathworks/mlwidgets/prefs/InitialWorkingFolder
instanceKlass com/mathworks/toolstrip/plaf/ToolstripTheme
instanceKlass javax/swing/text/ViewFactory
instanceKlass com/mathworks/toolstrip/plaf/TSComponentUI
instanceKlass com/mathworks/mde/desk/MLDesktop$ClientInfo
instanceKlass sun/java2d/pipe/AlphaPaintPipe$TileContext
instanceKlass java/awt/ColorPaintContext
instanceKlass java/awt/PaintContext
instanceKlass com/mathworks/mwswing/ColorUtils
instanceKlass com/mathworks/mwswing/IconUtils
instanceKlass com/mathworks/mwswing/ContrastingIcon
instanceKlass com/mathworks/mwswing/ExtendedAction
instanceKlass com/mathworks/widgets/desk/DTUtilities
instanceKlass java/lang/StrictMath
instanceKlass java/io/RandomAccessFile$1
instanceKlass javax/imageio/metadata/IIOMetadata
instanceKlass javax/imageio/stream/FileCacheImageInputStream$StreamDisposerRecord
instanceKlass com/sun/imageio/stream/StreamCloser$2
instanceKlass com/sun/imageio/stream/StreamCloser$1
instanceKlass com/sun/imageio/stream/StreamCloser$CloseAction
instanceKlass com/sun/imageio/stream/StreamCloser
instanceKlass sun/nio/fs/WindowsChannelFactory$2
instanceKlass sun/nio/fs/WindowsChannelFactory$Flags
instanceKlass sun/nio/fs/WindowsChannelFactory$1
instanceKlass sun/nio/fs/WindowsChannelFactory
instanceKlass sun/nio/fs/WindowsSecurityDescriptor
instanceKlass java/nio/file/OpenOption
instanceKlass sun/nio/fs/WindowsPath$1
instanceKlass sun/nio/fs/BasicFileAttributesHolder
instanceKlass sun/nio/fs/WindowsDirectoryStream$WindowsDirectoryIterator
instanceKlass sun/nio/fs/WindowsFileAttributes
instanceKlass java/nio/file/attribute/DosFileAttributes
instanceKlass java/nio/file/attribute/BasicFileAttributes
instanceKlass sun/nio/fs/NativeBuffer$Deallocator
instanceKlass sun/nio/fs/NativeBuffer
instanceKlass sun/nio/fs/NativeBuffers
instanceKlass sun/nio/fs/WindowsNativeDispatcher$BackupResult
instanceKlass sun/nio/fs/WindowsNativeDispatcher$CompletionStatus
instanceKlass sun/nio/fs/WindowsNativeDispatcher$AclInformation
instanceKlass sun/nio/fs/WindowsNativeDispatcher$Account
instanceKlass sun/nio/fs/WindowsNativeDispatcher$DiskFreeSpace
instanceKlass sun/nio/fs/WindowsNativeDispatcher$VolumeInformation
instanceKlass sun/nio/fs/WindowsNativeDispatcher$FirstStream
instanceKlass sun/nio/fs/WindowsNativeDispatcher$FirstFile
instanceKlass sun/nio/fs/WindowsNativeDispatcher$1
instanceKlass sun/nio/fs/WindowsNativeDispatcher
instanceKlass sun/nio/fs/WindowsDirectoryStream
instanceKlass java/nio/file/DirectoryStream
instanceKlass java/nio/file/Files$AcceptAllFilter
instanceKlass java/nio/file/DirectoryStream$Filter
instanceKlass java/net/NetworkInterface$2
instanceKlass java/net/DefaultInterface
instanceKlass java/net/InterfaceAddress
instanceKlass java/net/NetworkInterface$1
instanceKlass java/net/NetworkInterface
instanceKlass sun/security/provider/ByteArrayAccess
instanceKlass sun/security/provider/SeedGenerator$1
instanceKlass sun/security/provider/SeedGenerator
instanceKlass sun/security/provider/SecureRandom$SeederHolder
instanceKlass sun/security/jca/GetInstance$Instance
instanceKlass java/security/MessageDigestSpi
instanceKlass sun/security/jca/GetInstance
instanceKlass java/security/SecureRandomSpi
instanceKlass java/security/Provider$UString
instanceKlass java/security/Provider$Service
instanceKlass sun/security/provider/NativePRNG$NonBlocking
instanceKlass sun/security/provider/NativePRNG$Blocking
instanceKlass sun/security/provider/NativePRNG
instanceKlass sun/security/provider/SunEntries$1
instanceKlass sun/security/provider/SunEntries
instanceKlass sun/security/jca/ProviderConfig$2
instanceKlass sun/security/jca/ProviderList$2
instanceKlass sun/misc/FDBigInteger
instanceKlass java/security/Provider$EngineDescription
instanceKlass java/security/Provider$ServiceKey
instanceKlass sun/security/jca/ProviderConfig
instanceKlass sun/security/jca/ProviderList
instanceKlass sun/security/jca/Providers
instanceKlass java/util/Random
instanceKlass sun/nio/fs/AbstractPath
instanceKlass java/net/URI$Parser
instanceKlass java/net/URI
instanceKlass sun/nio/cs/SingleByte
instanceKlass sun/nio/fs/Util
instanceKlass sun/nio/fs/WindowsPathParser$Result
instanceKlass sun/nio/fs/WindowsPathParser
instanceKlass java/nio/file/FileSystem
instanceKlass java/nio/file/spi/FileSystemProvider
instanceKlass sun/nio/fs/DefaultFileSystemProvider
instanceKlass java/nio/file/FileSystems$DefaultFileSystemHolder$1
instanceKlass java/nio/file/FileSystems$DefaultFileSystemHolder
instanceKlass java/nio/file/FileSystems
instanceKlass java/nio/file/Paths
instanceKlass java/nio/file/TempFileHelper
instanceKlass java/nio/file/Files
instanceKlass javax/imageio/stream/ImageInputStreamImpl
instanceKlass javax/imageio/ImageIO$CacheInfo
instanceKlass javax/imageio/ImageIO$ImageReaderIterator
instanceKlass javax/imageio/spi/FilterIterator
instanceKlass javax/imageio/spi/PartialOrderIterator
instanceKlass javax/imageio/ImageIO$ContainsFilter
instanceKlass javax/imageio/spi/ServiceRegistry$Filter
instanceKlass javax/imageio/ImageTypeSpecifier
instanceKlass javax/imageio/ImageWriter
instanceKlass javax/imageio/ImageTranscoder
instanceKlass javax/imageio/metadata/IIOMetadataFormat
instanceKlass javax/imageio/ImageReader
instanceKlass javax/imageio/spi/IIORegistry$1
instanceKlass com/sun/imageio/plugins/jpeg/JPEG
instanceKlass javax/imageio/stream/ImageOutputStream
instanceKlass javax/imageio/spi/DigraphNode
instanceKlass javax/imageio/stream/ImageInputStream
instanceKlass javax/imageio/spi/SubRegistry
instanceKlass javax/imageio/spi/IIOServiceProvider
instanceKlass javax/imageio/spi/RegisterableService
instanceKlass javax/imageio/spi/ServiceRegistry
instanceKlass javax/imageio/ImageIO
instanceKlass org/apache/batik/transcoder/TranscoderOutput
instanceKlass com/mathworks/util/IconUtils
instanceKlass com/mathworks/toolstrip/components/PopupListener
instanceKlass com/mathworks/widgets/desk/MacScreenMenuProxy
instanceKlass com/mathworks/widgets/incSearch/IncSearchInterface
instanceKlass java/awt/dnd/Autoscroll
instanceKlass com/mathworks/widgets/desk/RecentFiles$Opener
instanceKlass com/mathworks/widgets/desk/RecentFiles$IconSupplier
instanceKlass com/mathworks/widgets/desk/DTToolstripFactory
instanceKlass com/mathworks/widgets/desk/DTMnemonicsProvider
instanceKlass com/mathworks/desktop/mnemonics/MnemonicsProvider
instanceKlass com/mathworks/widgets/desk/ToolstripInfoRegistrar
instanceKlass javax/swing/InputMap
instanceKlass com/mathworks/mvm/eventmgr/MvmListener
instanceKlass com/mathworks/services/PrefListener
instanceKlass com/mathworks/mde/desk/ContributedToolsLoader$DoneListener
instanceKlass com/mathworks/util/Predicate
instanceKlass com/mathworks/matlab/api/explorer/NewFileTemplate
instanceKlass com/mathworks/mde/liveeditor/widget/rtc/DocumentListener
instanceKlass com/mathworks/mlservices/MatlabPauseObserver
instanceKlass com/mathworks/explorer/DesktopExplorerAdapter
instanceKlass com/mathworks/toolstrip/factory/QuickAccessConfiguration$ChangeListener
instanceKlass com/mathworks/mwswing/ControlKeyOverride
instanceKlass com/mathworks/mwswing/MJTiledPane$GridListener
instanceKlass com/mathworks/widgets/desk/DTMenuContributor
instanceKlass com/mathworks/widgets/desk/DTContainer
instanceKlass com/mathworks/widgets/desk/DTCloseTransaction$DoneListener
instanceKlass com/mathworks/widgets/desk/DTCloseTransaction
instanceKlass com/mathworks/widgets/desk/DTCloseReplyListener
instanceKlass com/mathworks/widgets/desk/Desktop$CallableWrapper
instanceKlass org/w3c/dom/Node
instanceKlass com/mathworks/widgets/desk/DTDocumentContainer$ArrangementListener
instanceKlass com/mathworks/mwswing/modality/ModalParticipant
instanceKlass com/mathworks/util/HWndProvider
instanceKlass java/io/Externalizable
instanceKlass com/mathworks/widgets/desk/DTLocation
instanceKlass com/mathworks/widgets/desk/DTToolBarContainer$Listener
instanceKlass com/mathworks/widgets/desk/DTOccupant
instanceKlass com/mathworks/widgets/desk/DTToolBarRegistry$Registrant
instanceKlass com/mathworks/widgets/desk/DTAsyncWindowCloser
instanceKlass com/mathworks/widgets/desk/DTWindowCloser
instanceKlass com/mathworks/widgets/desk/DTSelectable
instanceKlass com/mathworks/mwswing/SynchronousInvokeUtility$SynchronousEvent
instanceKlass com/mathworks/widgets/desk/Desktop
instanceKlass com/mathworks/widgets/desk/DTWindowActivator
instanceKlass com/mathworks/mlservices/MatlabDesktop
instanceKlass com/mathworks/mlservices/MLExecutionListener
instanceKlass com/mathworks/toolstrip/plaf/TSLookAndFeel
instanceKlass com/mathworks/mwswing/EdtUncaughtExceptionHandler
instanceKlass com/jidesoft/plaf/LookAndFeelFactory$UIDefaultsCustomizer
instanceKlass com/jidesoft/plaf/basic/BasicPainter
instanceKlass com/jidesoft/plaf/basic/ThemePainter
instanceKlass com/jidesoft/plaf/vsnet/HeaderCellBorder
instanceKlass com/jidesoft/plaf/vsnet/VsnetWindowsUtils$14
instanceKlass sun/java2d/loops/GraphicsPrimitiveMgr$PrimitiveSpec
instanceKlass sun/java2d/loops/GraphicsPrimitiveMgr$2
instanceKlass sun/java2d/loops/GraphicsPrimitiveMgr$1
instanceKlass sun/java2d/loops/GeneralRenderer
instanceKlass sun/java2d/loops/CustomComponent
instanceKlass sun/java2d/pipe/ValidatePipe
instanceKlass java/awt/BasicStroke
instanceKlass java/awt/Stroke
instanceKlass java/awt/AlphaComposite
instanceKlass sun/java2d/loops/XORComposite
instanceKlass java/awt/Composite
instanceKlass sun/awt/ConstrainableGraphics
instanceKlass sun/java2d/loops/GraphicsPrimitiveMgr
instanceKlass sun/java2d/loops/GraphicsPrimitive
instanceKlass sun/java2d/loops/CompositeType
instanceKlass sun/java2d/DefaultDisposerRecord
instanceKlass sun/java2d/loops/RenderLoops
instanceKlass sun/awt/image/BufImgSurfaceData$ICMColorData
instanceKlass com/jidesoft/plaf/vsnet/VsnetWindowsUtils$13
instanceKlass com/jidesoft/plaf/vsnet/VsnetWindowsUtils$12
instanceKlass com/jidesoft/plaf/vsnet/VsnetWindowsUtils$11
instanceKlass com/jidesoft/plaf/vsnet/VsnetWindowsUtils$10
instanceKlass com/jidesoft/chart/Product
instanceKlass com/jidesoft/shortcut/Product
instanceKlass com/jidesoft/wizard/Product
instanceKlass com/jidesoft/grid/Product
instanceKlass com/jidesoft/document/Product
instanceKlass com/jidesoft/action/Product
instanceKlass com/jidesoft/docking/Product
instanceKlass sun/security/util/DisabledAlgorithmConstraints$1
instanceKlass sun/security/util/DisabledAlgorithmConstraints$Constraint
instanceKlass sun/security/util/DisabledAlgorithmConstraints$Constraints
instanceKlass sun/security/util/AbstractAlgorithmConstraints$1
instanceKlass sun/security/util/AlgorithmDecomposer
instanceKlass sun/security/util/AbstractAlgorithmConstraints
instanceKlass java/security/AlgorithmConstraints
instanceKlass sun/security/util/SignatureFileVerifier
instanceKlass sun/awt/image/GifFrame
instanceKlass java/awt/Graphics
instanceKlass com/jidesoft/icons/IconsFactory
instanceKlass com/jidesoft/icons/JideIconsFactory
instanceKlass javax/swing/plaf/BorderUIResource
instanceKlass com/jidesoft/plaf/windows/WindowsIconFactory$CheckBoxIcon
instanceKlass com/jidesoft/plaf/windows/WindowsIconFactory
instanceKlass com/jidesoft/plaf/vsnet/VsnetWindowsUtils$9
instanceKlass com/jidesoft/plaf/vsnet/VsnetWindowsUtils$8
instanceKlass com/jidesoft/plaf/vsnet/VsnetWindowsUtils$7
instanceKlass com/jidesoft/plaf/vsnet/VsnetWindowsUtils$6
instanceKlass com/jidesoft/plaf/vsnet/VsnetWindowsUtils$5
instanceKlass com/jidesoft/plaf/vsnet/VsnetWindowsUtils$4
instanceKlass com/jidesoft/plaf/vsnet/VsnetWindowsUtils$3
instanceKlass com/jidesoft/plaf/vsnet/VsnetWindowsUtils$2
instanceKlass com/jidesoft/plaf/vsnet/VsnetWindowsUtils$1
instanceKlass com/jidesoft/plaf/ExtWindowsDesktopProperty
instanceKlass com/jidesoft/swing/JideSwingUtilities$10
instanceKlass com/jidesoft/utils/SystemInfo$JavaVersion
instanceKlass com/jidesoft/utils/SystemInfo
instanceKlass com/jidesoft/utils/SecurityUtils
instanceKlass com/jidesoft/dialog/ButtonNames
instanceKlass com/jidesoft/dialog/ButtonListener
instanceKlass javax/swing/event/RowSorterListener
instanceKlass javax/swing/event/CellEditorListener
instanceKlass javax/swing/event/ListSelectionListener
instanceKlass javax/swing/event/TableColumnModelListener
instanceKlass javax/swing/event/TableModelListener
instanceKlass javax/swing/table/TableModel
instanceKlass com/jidesoft/swing/JideSwingUtilities$Handler
instanceKlass javax/swing/event/ChangeListener
instanceKlass com/jidesoft/swing/JideSwingUtilities$GetHandler
instanceKlass com/jidesoft/swing/JideSwingUtilities
instanceKlass com/jidesoft/plaf/WindowsDesktopProperty
instanceKlass com/jidesoft/plaf/basic/Painter
instanceKlass com/jidesoft/plaf/vsnet/ConvertListener
instanceKlass com/jidesoft/plaf/basic/BasicLookAndFeelExtension
instanceKlass com/jidesoft/plaf/LookAndFeelExtension
instanceKlass java/util/Vector$Itr
instanceKlass com/jidesoft/plaf/LookAndFeelFactory$UIDefaultsInitializer
instanceKlass com/jidesoft/plaf/LookAndFeelFactory$1
instanceKlass com/jidesoft/plaf/UIDefaultsLookup
instanceKlass com/jidesoft/plaf/LookAndFeelFactory
instanceKlass java/math/MutableBigInteger
instanceKlass com/jidesoft/utils/Q
instanceKlass javax/swing/RootPaneContainer
instanceKlass javax/swing/WindowConstants
instanceKlass com/jidesoft/utils/Lm
instanceKlass com/jidesoft/utils/ProductNames
instanceKlass com/mathworks/mwswing/MJStartup$2
instanceKlass java/awt/event/KeyAdapter
instanceKlass java/awt/event/MouseMotionAdapter
instanceKlass javax/swing/ToolTipManager$stillInsideTimerAction
instanceKlass javax/swing/ToolTipManager$outsideTimerAction
instanceKlass javax/swing/ToolTipManager$insideTimerAction
instanceKlass java/awt/event/MouseAdapter
instanceKlass java/awt/event/FocusAdapter
instanceKlass com/mathworks/mwswing/binding/KeySequenceDispatcher
instanceKlass com/mathworks/mwswing/MKeyEventDispatcher
instanceKlass com/mathworks/mwswing/BareSwingDetector
instanceKlass com/mathworks/mwswing/MJStartup$1
instanceKlass com/mathworks/mwswing/MJStartup
instanceKlass javax/swing/Timer$DoPostEvent
instanceKlass javax/swing/event/EventListenerList
instanceKlass javax/swing/Timer
instanceKlass com/mathworks/mwswing/MJStartupForDesktop$UIActivityReporter
instanceKlass java/awt/AWTEventMulticaster
instanceKlass java/awt/event/TextListener
instanceKlass java/awt/event/AdjustmentListener
instanceKlass java/awt/event/ItemListener
instanceKlass java/awt/event/WindowStateListener
instanceKlass java/awt/event/WindowFocusListener
instanceKlass java/awt/event/ContainerListener
instanceKlass java/awt/Toolkit$SelectiveAWTEventListener
instanceKlass com/mathworks/mwswing/MJStartupForDesktop$EscapeKeyHandler
instanceKlass com/mathworks/mwswing/plaf/PlafUtils$SystemColorTracker
instanceKlass sun/font/TrueTypeFont$DirectoryEntry
instanceKlass java/nio/DirectByteBuffer$Deallocator
instanceKlass sun/nio/ch/Util$BufferCache
instanceKlass sun/nio/ch/Util$2
instanceKlass sun/nio/ch/Util
instanceKlass sun/nio/ch/IOStatus
instanceKlass sun/nio/ch/NativeThread
instanceKlass java/nio/channels/spi/AbstractInterruptibleChannel$1
instanceKlass sun/nio/ch/FileDispatcherImpl$1
instanceKlass sun/nio/ch/NativeDispatcher
instanceKlass sun/nio/ch/NativeThreadSet
instanceKlass java/io/RandomAccessFile
instanceKlass sun/font/TrueTypeFont$1
instanceKlass sun/font/TrueTypeFont$TTDisposerRecord
instanceKlass sun/font/SunFontManager$5
instanceKlass sun/font/SunFontManager$FamilyDescription
instanceKlass sun/awt/Win32FontManager$2
instanceKlass sun/font/SunFontManager$3
instanceKlass sun/font/FontFamily
instanceKlass sun/font/Font2DHandle
instanceKlass sun/font/CompositeFontDescriptor
instanceKlass sun/awt/FontDescriptor
instanceKlass sun/awt/FontConfiguration
instanceKlass sun/font/SunFontManager$FontRegistrationInfo
instanceKlass sun/font/SunFontManager$2
instanceKlass sun/awt/Win32FontManager$1
instanceKlass sun/font/GlyphList
instanceKlass sun/font/StrikeCache$1
instanceKlass sun/font/StrikeCache
instanceKlass sun/font/FontStrike
instanceKlass sun/font/CharToGlyphMapper
instanceKlass java/awt/geom/Path2D
instanceKlass sun/font/StrikeMetrics
instanceKlass sun/font/Font2D
instanceKlass sun/font/FontManagerNativeLibrary$1
instanceKlass sun/font/FontManagerNativeLibrary
instanceKlass sun/font/SunFontManager$1
instanceKlass sun/font/SunFontManager$T1Filter
instanceKlass sun/font/SunFontManager$TTFilter
instanceKlass java/io/FilenameFilter
instanceKlass sun/font/SunFontManager
instanceKlass sun/font/FontManagerForSGE
instanceKlass sun/font/FontManager
instanceKlass sun/java2d/FontSupport
instanceKlass sun/font/FontManagerFactory$1
instanceKlass sun/font/FontManagerFactory
instanceKlass sun/font/FontUtilities$1
instanceKlass sun/font/FontUtilities
instanceKlass org/apache/commons/lang/Validate
instanceKlass com/mathworks/mwswing/FontSize
instanceKlass com/mathworks/mwswing/FontUtils
instanceKlass com/mathworks/services/DisplayScaleFactorSetting
instanceKlass com/mathworks/util/ResolutionUtils
instanceKlass com/mathworks/mwswing/ScreenSizeChangeHandler
instanceKlass com/mathworks/cfbutils/StatEntryReceiver
instanceKlass com/mathworks/util/NativeJava
instanceKlass com/mathworks/mwswing/ExtendedInputMap
instanceKlass com/mathworks/mwswing/binding/KeyBindingManagerListener
instanceKlass javax/swing/Scrollable
instanceKlass javax/swing/Action
instanceKlass java/awt/event/ActionListener
instanceKlass com/mathworks/mwswing/MJUtilities
instanceKlass com/sun/java/swing/plaf/windows/WindowsLookAndFeel$SkinIcon
instanceKlass javax/swing/BorderFactory
instanceKlass com/sun/java/swing/plaf/windows/WindowsLookAndFeel$1
instanceKlass com/sun/java/swing/plaf/windows/WindowsIconFactory$RadioButtonMenuItemIcon
instanceKlass javax/swing/plaf/basic/BasicIconFactory$CheckBoxMenuItemIcon
instanceKlass javax/swing/plaf/basic/BasicIconFactory$MenuItemCheckIcon
instanceKlass javax/swing/plaf/basic/BasicIconFactory
instanceKlass java/awt/ItemSelectable
instanceKlass javax/swing/MenuElement
instanceKlass com/sun/java/swing/plaf/windows/WindowsIconFactory$VistaMenuItemCheckIconFactory$VistaMenuItemCheckIcon
instanceKlass com/sun/java/swing/plaf/windows/WindowsIconFactory$MenuItemCheckIcon
instanceKlass sun/swing/SwingLazyValue$1
instanceKlass com/sun/java/swing/plaf/windows/WindowsIconFactory$VistaMenuItemCheckIconFactory
instanceKlass sun/swing/MenuItemCheckIconFactory
instanceKlass sun/util/ResourceBundleEnumeration
instanceKlass com/sun/java/swing/plaf/windows/WindowsLookAndFeel$ActiveWindowsIcon
instanceKlass com/sun/java/swing/plaf/windows/WindowsIconFactory$FrameButtonIcon
instanceKlass com/sun/java/swing/plaf/windows/WindowsIconFactory
instanceKlass com/sun/java/swing/plaf/windows/WindowsLookAndFeel$LazyWindowsIcon
instanceKlass java/util/EventListenerProxy
instanceKlass sun/swing/SwingUtilities2$AATextInfo
instanceKlass com/sun/java/swing/plaf/windows/XPStyle$Skin
instanceKlass com/sun/java/swing/plaf/windows/WindowsLookAndFeel$XPColorValue$XPColorValueKey
instanceKlass com/sun/java/swing/plaf/windows/WindowsLookAndFeel$XPValue
instanceKlass com/sun/java/swing/plaf/windows/DesktopProperty
instanceKlass com/sun/java/swing/plaf/windows/WindowsTreeUI$ExpandedIcon
instanceKlass javax/swing/UIDefaults$LazyInputMap
instanceKlass javax/swing/plaf/basic/BasicLookAndFeel$2
instanceKlass sun/swing/SwingUtilities2$2
instanceKlass javax/swing/border/AbstractBorder
instanceKlass javax/swing/UIDefaults$ActiveValue
instanceKlass sun/swing/SwingLazyValue
instanceKlass javax/swing/UIDefaults$LazyValue
instanceKlass javax/swing/plaf/UIResource
instanceKlass java/awt/SystemColor$$Lambda$22
instanceKlass sun/awt/AWTAccessor$SystemColorAccessor
instanceKlass java/lang/invoke/LambdaForm$DMH
instanceKlass com/sun/java/swing/plaf/windows/WindowsRootPaneUI$AltProcessor
instanceKlass javax/swing/plaf/ComponentUI
instanceKlass javax/swing/UIManager$2
instanceKlass sun/awt/PaintEventDispatcher
instanceKlass sun/swing/SwingAccessor
instanceKlass javax/swing/RepaintManager$1
instanceKlass sun/swing/SwingAccessor$RepaintManagerAccessor
instanceKlass javax/swing/RepaintManager$DisplayChangedHandler
instanceKlass javax/swing/RepaintManager
instanceKlass javax/swing/UIManager$1
instanceKlass sun/swing/ImageCache
instanceKlass sun/swing/CachedPainter
instanceKlass com/sun/java/swing/plaf/windows/XPStyle
instanceKlass sun/swing/DefaultLookup
instanceKlass javax/swing/UIManager$LAFState
instanceKlass sun/swing/SwingUtilities2$LSBCacheEntry
instanceKlass java/awt/font/FontRenderContext
instanceKlass sun/swing/SwingUtilities2
instanceKlass sun/swing/StringUIClientPropertyKey
instanceKlass sun/swing/UIClientPropertyKey
instanceKlass javax/swing/LookAndFeel
instanceKlass java/awt/Toolkit$DesktopPropertyChangeSupport$1
instanceKlass sun/awt/SunHints$Value
instanceKlass java/awt/RenderingHints$Key
instanceKlass sun/awt/SunHints
instanceKlass java/awt/RenderingHints
instanceKlass sun/awt/windows/WDesktopProperties$WinPlaySound
instanceKlass sun/awt/windows/ThemeReader
instanceKlass sun/awt/windows/WDesktopProperties
instanceKlass sun/awt/OSInfo$1
instanceKlass sun/awt/OSInfo$WindowsVersion
instanceKlass sun/awt/OSInfo
instanceKlass javax/swing/UIManager$LookAndFeelInfo
instanceKlass javax/swing/UIManager
instanceKlass javax/swing/border/Border
instanceKlass com/mathworks/mwswing/plaf/PlafUtils
instanceKlass com/mathworks/mwswing/MouseWheelRedirectorUtils$1
instanceKlass javax/swing/ScrollPaneConstants
instanceKlass com/mathworks/mwswing/MouseWheelRedirector
instanceKlass com/mathworks/services/MouseWheelRedirectorSetting
instanceKlass com/mathworks/mwswing/MouseWheelRedirectorUtils
instanceKlass com/google/common/cache/LocalCache$AbstractReferenceEntry
instanceKlass java/awt/image/BufferedImage$1
instanceKlass java/awt/image/WritableRenderedImage
instanceKlass java/awt/image/RenderedImage
instanceKlass java/awt/image/SampleModel
instanceKlass java/awt/image/DataBuffer$1
instanceKlass sun/awt/image/SunWritableRaster$DataStealer
instanceKlass java/awt/image/DataBuffer
instanceKlass java/awt/image/Raster
instanceKlass java/lang/invoke/LambdaForm$MH
instanceKlass java/lang/invoke/LambdaForm$DMH
instanceKlass sun/awt/image/ImageWatched$WeakLink$$Lambda$21
instanceKlass java/lang/invoke/LambdaForm$DMH
instanceKlass sun/awt/image/PNGImageDecoder$Chromaticities
instanceKlass sun/awt/image/ImageDecoder
instanceKlass sun/awt/image/ImageFetcher$1
instanceKlass sun/awt/image/FetcherInfo
instanceKlass sun/awt/image/ImageConsumerQueue
instanceKlass sun/awt/image/ImageWatched$Link
instanceKlass sun/awt/image/ImageWatched
instanceKlass java/awt/image/ImageConsumer
instanceKlass sun/awt/image/MultiResolutionImage
instanceKlass java/awt/MediaEntry
instanceKlass sun/awt/image/NativeLibLoader$1
instanceKlass sun/awt/image/NativeLibLoader
instanceKlass sun/awt/image/InputStreamImageSource
instanceKlass sun/awt/image/ImageFetchable
instanceKlass java/awt/image/ImageProducer
instanceKlass java/awt/MediaTracker
instanceKlass javax/accessibility/AccessibleContext
instanceKlass sun/awt/EventQueueItem
instanceKlass java/awt/event/InputMethodListener
instanceKlass java/awt/event/MouseWheelListener
instanceKlass java/awt/event/MouseMotionListener
instanceKlass java/awt/event/MouseListener
instanceKlass java/awt/event/KeyListener
instanceKlass java/awt/event/HierarchyBoundsListener
instanceKlass java/awt/event/HierarchyListener
instanceKlass java/awt/event/FocusListener
instanceKlass java/awt/event/ComponentListener
instanceKlass java/awt/dnd/DropTarget
instanceKlass java/awt/dnd/DropTargetListener
instanceKlass java/awt/image/BufferStrategy
instanceKlass javax/swing/ImageIcon$2
instanceKlass javax/swing/ImageIcon$1
instanceKlass javax/swing/ImageIcon
instanceKlass com/mathworks/util/StringUtils
instanceKlass java/util/concurrent/atomic/AtomicReferenceArray
instanceKlass com/google/common/cache/LocalCache$LoadingValueReference
instanceKlass com/google/common/cache/RemovalListener
instanceKlass com/google/common/cache/Weigher
instanceKlass com/google/common/base/Predicate
instanceKlass com/google/common/base/Equivalence
instanceKlass java/util/function/BiPredicate
instanceKlass com/google/common/base/MoreObjects
instanceKlass com/google/common/cache/LocalCache$1
instanceKlass com/google/common/cache/ReferenceEntry
instanceKlass com/google/common/cache/CacheLoader
instanceKlass com/google/common/cache/LocalCache$LocalManualCache
instanceKlass com/google/common/cache/LocalCache$ValueReference
instanceKlass com/google/common/cache/CacheBuilder$2
instanceKlass com/google/common/base/Preconditions
instanceKlass com/google/common/cache/CacheStats
instanceKlass com/google/common/base/Suppliers$SupplierOfInstance
instanceKlass com/google/common/base/Suppliers
instanceKlass com/google/common/cache/CacheBuilder$1
instanceKlass com/google/common/cache/AbstractCache$StatsCounter
instanceKlass com/google/common/cache/LoadingCache
instanceKlass com/google/common/base/Function
instanceKlass com/google/common/cache/Cache
instanceKlass com/google/common/base/Ticker
instanceKlass com/google/common/base/Supplier
instanceKlass com/google/common/cache/CacheBuilder
instanceKlass com/mathworks/util/logger/impl/LegacyLoggerFactory
instanceKlass com/mathworks/util/logger/LoggerFactory
instanceKlass com/mathworks/util/logger/Log
instanceKlass javax/swing/Icon
instanceKlass com/mathworks/common/icons/IconEnumerationUtils
instanceKlass com/mathworks/common/icons/IconContainer
instanceKlass sun/awt/KeyboardFocusManagerPeerImpl
instanceKlass java/awt/peer/KeyboardFocusManagerPeer
instanceKlass java/awt/FocusTraversalPolicy
instanceKlass java/awt/DefaultKeyboardFocusManager$1
instanceKlass sun/awt/AWTAccessor$DefaultKeyboardFocusManagerAccessor
instanceKlass java/awt/AWTKeyStroke$1
instanceKlass java/awt/AWTKeyStroke
instanceKlass java/awt/KeyboardFocusManager$1
instanceKlass sun/awt/AWTAccessor$KeyboardFocusManagerAccessor
instanceKlass java/awt/KeyboardFocusManager
instanceKlass java/awt/KeyEventPostProcessor
instanceKlass java/awt/KeyEventDispatcher
instanceKlass java/awt/Window$WindowDisposerRecord
instanceKlass java/awt/BorderLayout
instanceKlass java/awt/LayoutManager2
instanceKlass java/awt/GraphicsConfiguration
instanceKlass sun/awt/image/SurfaceManager$ProxiedGraphicsConfig
instanceKlass java/awt/GraphicsDevice
instanceKlass sun/misc/FloatingDecimal$ASCIIToBinaryBuffer
instanceKlass sun/misc/FloatingDecimal$PreparedASCIIToBinaryBuffer
instanceKlass sun/misc/FloatingDecimal$ASCIIToBinaryConverter
instanceKlass sun/misc/FloatingDecimal$BinaryToASCIIBuffer
instanceKlass sun/misc/FloatingDecimal$ExceptionalBinaryToASCIIBuffer
instanceKlass sun/misc/FloatingDecimal$BinaryToASCIIConverter
instanceKlass sun/misc/FloatingDecimal
instanceKlass sun/java2d/SunGraphicsEnvironment$1
instanceKlass sun/awt/SunDisplayChanger
instanceKlass sun/java2d/SurfaceManagerFactory
instanceKlass sun/java2d/windows/WindowsFlags$1
instanceKlass sun/java2d/windows/WindowsFlags
instanceKlass java/awt/Cursor$1
instanceKlass sun/awt/AWTAccessor$CursorAccessor
instanceKlass java/awt/geom/Point2D
instanceKlass java/awt/Cursor
instanceKlass java/awt/ComponentOrientation
instanceKlass java/awt/Frame$1
instanceKlass sun/awt/AWTAccessor$FrameAccessor
instanceKlass java/awt/Window$1
instanceKlass sun/awt/AWTAccessor$WindowAccessor
instanceKlass java/awt/event/WindowListener
instanceKlass sun/awt/PostEventQueue
instanceKlass sun/awt/MostRecentKeyValue
instanceKlass java/awt/Queue
instanceKlass java/awt/EventQueue$2
instanceKlass sun/awt/AWTAccessor$EventQueueAccessor
instanceKlass java/awt/EventQueue$1
instanceKlass java/awt/EventQueue
instanceKlass sun/awt/AppContext$1
instanceKlass sun/awt/AppContext$2
instanceKlass sun/awt/AppContext$3
instanceKlass javax/swing/SwingUtilities
instanceKlass javax/swing/SwingConstants
instanceKlass javax/swing/JComponent$1
instanceKlass java/awt/Container$1
instanceKlass sun/awt/AWTAccessor$ContainerAccessor
instanceKlass java/awt/geom/Dimension2D
instanceKlass java/awt/LightweightDispatcher
instanceKlass java/awt/LayoutManager
instanceKlass javax/swing/TransferHandler$HasGetTransferHandler
instanceKlass javax/accessibility/Accessible
instanceKlass java/awt/event/AWTEventListener
instanceKlass com/mathworks/mwswing/MJStartupForDesktop
instanceKlass com/mathworks/services/AntialiasedFontPrefs
instanceKlass java/util/concurrent/ConcurrentHashMap$MapEntry
instanceKlass org/apache/logging/log4j/core/util/NameUtil
instanceKlass org/apache/logging/log4j/core/Logger$PrivateConfig
instanceKlass org/apache/logging/log4j/core/util/DefaultShutdownCallbackRegistry$RegisteredCancellable
instanceKlass org/apache/logging/log4j/core/LoggerContext$1
instanceKlass org/apache/logging/log4j/core/impl/Log4jLogEvent
instanceKlass org/apache/logging/log4j/core/jmx/AppenderAdmin
instanceKlass org/apache/logging/log4j/core/jmx/AppenderAdminMBean
instanceKlass org/apache/logging/log4j/core/jmx/ContextSelectorAdmin
instanceKlass org/apache/logging/log4j/core/jmx/ContextSelectorAdminMBean
instanceKlass org/apache/logging/log4j/status/StatusData
instanceKlass org/apache/logging/log4j/core/jmx/StatusLoggerAdminMBean
instanceKlass org/apache/logging/log4j/status/StatusListener
instanceKlass javax/management/NotificationFilter
instanceKlass javax/management/NotificationListener
instanceKlass org/apache/logging/log4j/core/jmx/LoggerContextAdminMBean
instanceKlass com/sun/jmx/mbeanserver/Repository$ObjectNamePattern
instanceKlass sun/management/Flag$1
instanceKlass sun/management/Flag
instanceKlass sun/management/ExtendedPlatformComponent
instanceKlass sun/management/DiagnosticCommandImpl$Wrapper
instanceKlass sun/management/DiagnosticCommandArgumentInfo
instanceKlass sun/management/DiagnosticCommandInfo
instanceKlass sun/management/DiagnosticCommandImpl$OperationInfoComparator
instanceKlass java/lang/management/ManagementFactory$3
instanceKlass com/sun/management/DiagnosticCommandMBean
instanceKlass com/sun/management/VMOption
instanceKlass sun/management/HotSpotDiagnostic
instanceKlass com/sun/management/HotSpotDiagnosticMXBean
instanceKlass com/sun/management/UnixOperatingSystemMXBean
instanceKlass sun/nio/ch/FileChannelImpl$1
instanceKlass sun/nio/ch/IOUtil$1
instanceKlass sun/nio/ch/IOUtil
instanceKlass java/nio/file/attribute/FileAttribute
instanceKlass java/nio/channels/spi/AbstractInterruptibleChannel
instanceKlass java/nio/channels/InterruptibleChannel
instanceKlass java/nio/channels/ScatteringByteChannel
instanceKlass java/nio/channels/GatheringByteChannel
instanceKlass java/nio/channels/SeekableByteChannel
instanceKlass java/nio/channels/ByteChannel
instanceKlass java/nio/channels/WritableByteChannel
instanceKlass java/nio/channels/ReadableByteChannel
instanceKlass java/nio/channels/Channel
instanceKlass sun/management/ManagementFactoryHelper$1
instanceKlass java/nio/Bits$1$1
instanceKlass sun/misc/JavaNioAccess$BufferPool
instanceKlass java/lang/management/BufferPoolMXBean
instanceKlass javax/management/MBeanInfo$ArrayGettersSafeAction
instanceKlass javax/management/openmbean/OpenMBeanOperationInfo
instanceKlass sun/management/ManagementFactoryHelper$PlatformLoggingImpl
instanceKlass sun/management/ManagementFactoryHelper$LoggingMXBean
instanceKlass java/util/logging/LoggingMXBean
instanceKlass java/lang/management/PlatformLoggingMXBean
instanceKlass java/lang/management/LockInfo
instanceKlass java/lang/management/ThreadInfo
instanceKlass sun/management/ThreadImpl
instanceKlass com/sun/management/ThreadMXBean
instanceKlass java/lang/management/ThreadMXBean
instanceKlass sun/reflect/generics/tree/TypeVariableSignature
instanceKlass sun/management/BaseOperatingSystemImpl
instanceKlass com/sun/management/OperatingSystemMXBean
instanceKlass java/lang/management/OperatingSystemMXBean
instanceKlass sun/management/Sensor
instanceKlass sun/management/MemoryPoolImpl
instanceKlass java/lang/management/MemoryPoolMXBean
instanceKlass javax/management/DescriptorKey
instanceKlass sun/reflect/generics/reflectiveObjects/LazyReflectiveObjectGenerator
instanceKlass java/lang/reflect/TypeVariable
instanceKlass sun/reflect/generics/tree/ClassSignature
instanceKlass sun/reflect/generics/reflectiveObjects/ParameterizedTypeImpl
instanceKlass java/lang/reflect/ParameterizedType
instanceKlass sun/reflect/generics/tree/MethodTypeSignature
instanceKlass sun/reflect/generics/tree/Signature
instanceKlass sun/reflect/generics/tree/FormalTypeParameter
instanceKlass com/sun/management/GcInfo
instanceKlass javax/management/openmbean/CompositeDataView
instanceKlass jdk/Exported
instanceKlass com/sun/management/GarbageCollectorMXBean
instanceKlass sun/management/ManagementFactory
instanceKlass java/lang/management/GarbageCollectorMXBean
instanceKlass java/lang/management/MemoryManagerMXBean
instanceKlass com/sun/jmx/mbeanserver/PerInterface$MethodAndSig
instanceKlass java/lang/management/MemoryUsage
instanceKlass sun/management/NotificationEmitterSupport
instanceKlass java/lang/management/MemoryMXBean
instanceKlass sun/management/CompilationImpl
instanceKlass sun/management/VMManagementImpl$1
instanceKlass java/lang/management/CompilationMXBean
instanceKlass com/sun/jmx/mbeanserver/WeakIdentityHashMap
instanceKlass com/sun/jmx/mbeanserver/MXBeanLookup
instanceKlass com/sun/jmx/mbeanserver/PerInterface$InitMaps
instanceKlass com/sun/jmx/mbeanserver/PerInterface
instanceKlass javax/management/openmbean/OpenMBeanAttributeInfo
instanceKlass javax/management/openmbean/OpenMBeanParameterInfo
instanceKlass com/sun/jmx/mbeanserver/MBeanIntrospector$MBeanInfoMaker
instanceKlass com/sun/jmx/mbeanserver/MBeanAnalyzer$MBeanVisitor
instanceKlass com/sun/jmx/mbeanserver/MBeanAnalyzer$AttrMethods
instanceKlass com/sun/jmx/mbeanserver/MXBeanMapping
instanceKlass javax/management/openmbean/TabularData
instanceKlass javax/management/openmbean/CompositeData
instanceKlass javax/management/openmbean/OpenType
instanceKlass com/sun/jmx/mbeanserver/MXBeanMappingFactory
instanceKlass com/sun/jmx/mbeanserver/ConvertingMethod
instanceKlass com/sun/jmx/mbeanserver/MBeanAnalyzer$MethodOrder
instanceKlass com/sun/jmx/mbeanserver/MBeanAnalyzer
instanceKlass com/sun/jmx/mbeanserver/MBeanIntrospector
instanceKlass javax/management/MXBean
instanceKlass com/sun/jmx/mbeanserver/MBeanSupport
instanceKlass com/sun/jmx/mbeanserver/DescriptorCache
instanceKlass javax/management/JMX
instanceKlass javax/management/StandardMBean
instanceKlass java/lang/management/ManagementFactory$2
instanceKlass java/util/Collections$1
instanceKlass sun/management/ClassLoadingImpl
instanceKlass java/lang/management/ClassLoadingMXBean
instanceKlass java/lang/management/PlatformComponent$15
instanceKlass java/lang/management/PlatformComponent$14
instanceKlass java/lang/management/PlatformComponent$13
instanceKlass java/lang/management/PlatformComponent$12
instanceKlass java/lang/management/PlatformComponent$11
instanceKlass java/lang/management/PlatformComponent$10
instanceKlass java/lang/management/PlatformComponent$9
instanceKlass java/lang/management/PlatformComponent$8
instanceKlass java/lang/management/PlatformComponent$7
instanceKlass java/lang/management/PlatformComponent$6
instanceKlass java/lang/management/PlatformComponent$5
instanceKlass java/lang/management/PlatformComponent$4
instanceKlass java/lang/management/PlatformComponent$3
instanceKlass java/lang/management/PlatformComponent$2
instanceKlass java/lang/management/PlatformComponent$1
instanceKlass java/lang/management/PlatformComponent$MXBeanFetcher
instanceKlass com/sun/jmx/mbeanserver/JmxMBeanServer$3
instanceKlass javax/management/ObjectInstance
instanceKlass com/sun/jmx/mbeanserver/NamedObject
instanceKlass com/sun/jmx/interceptor/DefaultMBeanServerInterceptor$ResourceContext$1
instanceKlass com/sun/jmx/interceptor/DefaultMBeanServerInterceptor$ResourceContext
instanceKlass com/sun/jmx/mbeanserver/Repository$RegistrationContext
instanceKlass com/sun/jmx/mbeanserver/DynamicMBean2
instanceKlass com/sun/jmx/defaults/JmxProperties
instanceKlass com/sun/jmx/mbeanserver/Introspector
instanceKlass com/sun/jmx/mbeanserver/JmxMBeanServer$2
instanceKlass com/sun/jmx/interceptor/DefaultMBeanServerInterceptor
instanceKlass com/sun/jmx/interceptor/MBeanServerInterceptor
instanceKlass com/sun/jmx/mbeanserver/Repository
instanceKlass com/sun/jmx/mbeanserver/JmxMBeanServer$1
instanceKlass com/sun/jmx/mbeanserver/SecureClassLoaderRepository
instanceKlass com/sun/jmx/mbeanserver/MBeanInstantiator
instanceKlass com/sun/jmx/mbeanserver/ClassLoaderRepositorySupport$LoaderEntry
instanceKlass com/sun/jmx/mbeanserver/ClassLoaderRepositorySupport
instanceKlass com/sun/jmx/mbeanserver/ModifiableClassLoaderRepository
instanceKlass javax/management/loading/ClassLoaderRepository
instanceKlass javax/management/ImmutableDescriptor
instanceKlass javax/management/Descriptor
instanceKlass com/sun/jmx/remote/util/ClassLogger
instanceKlass javax/management/NotificationBroadcasterSupport$1
instanceKlass javax/management/NotificationBroadcasterSupport
instanceKlass java/util/ComparableTimSort
instanceKlass javax/management/ObjectName$Property
instanceKlass javax/management/ObjectName
instanceKlass javax/management/QueryExp
instanceKlass com/sun/jmx/mbeanserver/Util
instanceKlass javax/management/MBeanInfo
instanceKlass javax/management/MBeanFeatureInfo
instanceKlass javax/management/DescriptorRead
instanceKlass javax/management/MBeanServerDelegate
instanceKlass javax/management/NotificationEmitter
instanceKlass javax/management/NotificationBroadcaster
instanceKlass javax/management/MBeanServerDelegateMBean
instanceKlass javax/management/MBeanRegistration
instanceKlass javax/management/DynamicMBean
instanceKlass com/sun/jmx/mbeanserver/JmxMBeanServer
instanceKlass com/sun/jmx/mbeanserver/SunJmxMBeanServer
instanceKlass javax/management/MBeanServer
instanceKlass javax/management/MBeanServerConnection
instanceKlass javax/management/MBeanServerBuilder
instanceKlass com/sun/jmx/mbeanserver/GetPropertyAction
instanceKlass javax/management/MBeanServerFactory
instanceKlass org/apache/logging/log4j/core/util/Log4jThreadFactory
instanceKlass org/apache/logging/log4j/core/jmx/Server
instanceKlass javax/script/ScriptEngine
instanceKlass jdk/nashorn/api/scripting/NashornScriptEngineFactory
instanceKlass javax/script/ScriptEngineFactory
instanceKlass javax/script/ScriptEngineManager$1
instanceKlass javax/script/SimpleBindings
instanceKlass javax/script/Bindings
instanceKlass javax/script/ScriptEngineManager
instanceKlass org/apache/logging/log4j/core/script/ScriptManager
instanceKlass org/apache/logging/log4j/core/util/FileWatcher
instanceKlass java/util/Formattable
instanceKlass java/util/Formatter$FixedString
instanceKlass java/util/Formatter$Conversion
instanceKlass java/util/Formatter$Flags
instanceKlass java/util/Formatter$FormatSpecifier
instanceKlass java/util/Formatter$FormatString
instanceKlass java/util/Currency$CurrencyNameGetter
instanceKlass java/util/Currency$1
instanceKlass java/util/Currency
instanceKlass java/util/concurrent/atomic/AtomicMarkableReference$Pair
instanceKlass java/util/concurrent/atomic/AtomicMarkableReference
instanceKlass java/text/DecimalFormatSymbols
instanceKlass java/util/Formatter
instanceKlass org/apache/logging/log4j/core/Version
instanceKlass java/net/InetAddress$CacheEntry
instanceKlass java/util/LinkedList$ListItr
instanceKlass sun/net/InetAddressCachePolicy$2
instanceKlass java/security/Security$1
instanceKlass java/security/Security
instanceKlass sun/net/InetAddressCachePolicy$1
instanceKlass sun/net/InetAddressCachePolicy
instanceKlass java/net/Inet4AddressImpl
instanceKlass java/net/Inet6Address$Inet6AddressHolder
instanceKlass java/net/InetAddress$2
instanceKlass sun/net/spi/nameservice/NameService
instanceKlass java/net/Inet6AddressImpl
instanceKlass java/net/InetAddressImpl
instanceKlass java/net/InetAddressImplFactory
instanceKlass java/net/InetAddress$Cache
instanceKlass java/net/InetAddress$InetAddressHolder
instanceKlass java/net/InetAddress$1
instanceKlass java/net/InetAddress
instanceKlass org/apache/logging/log4j/core/util/NetUtils
instanceKlass org/apache/logging/log4j/core/LoggerContext$$Lambda$20
instanceKlass java/util/IdentityHashMap$IdentityHashMapIterator
instanceKlass sun/awt/AppContext$6
instanceKlass sun/misc/JavaAWTAccess
instanceKlass sun/awt/AppContext$GetAppContextLock
instanceKlass sun/awt/AppContext
instanceKlass org/apache/logging/log4j/core/util/BasicAuthorizationProvider$$Lambda$19
instanceKlass org/apache/logging/log4j/core/util/BasicAuthorizationProvider$$Lambda$18
instanceKlass org/apache/logging/log4j/core/util/BasicAuthorizationProvider$$Lambda$17
instanceKlass org/apache/logging/log4j/core/util/BasicAuthorizationProvider
instanceKlass com/fasterxml/jackson/core/JsonParser
instanceKlass com/fasterxml/jackson/databind/JsonSerializable$Base
instanceKlass com/fasterxml/jackson/databind/JsonSerializable
instanceKlass com/fasterxml/jackson/core/TreeNode
instanceKlass com/fasterxml/jackson/core/TreeCodec
instanceKlass com/fasterxml/jackson/core/Versioned
instanceKlass org/apache/logging/log4j/core/util/ReflectionUtil
instanceKlass org/apache/logging/log4j/core/config/Order
instanceKlass java/util/TimSort
instanceKlass java/util/Arrays$LegacyMergeSort
instanceKlass org/apache/logging/log4j/core/config/OrderComparator
instanceKlass org/apache/logging/log4j/core/util/AuthorizationProvider
instanceKlass org/apache/logging/log4j/core/config/builder/api/ConfigurationBuilder
instanceKlass org/apache/logging/log4j/core/selector/ClassLoaderContextSelector$$Lambda$16
instanceKlass org/apache/logging/log4j/core/LoggerContext$ThreadContextDataTask
instanceKlass org/apache/logging/log4j/core/appender/ConsoleAppender$FactoryData
instanceKlass org/apache/logging/log4j/core/appender/ConsoleAppender$ConsoleManagerFactory
instanceKlass org/apache/logging/log4j/core/layout/ByteBufferDestination
instanceKlass org/apache/logging/log4j/core/layout/PatternLayout$PatternFormatterPatternSerializer
instanceKlass org/apache/logging/log4j/core/pattern/PlainTextRenderer
instanceKlass org/apache/logging/log4j/core/impl/ThrowableFormatOptions
instanceKlass org/apache/logging/log4j/core/pattern/PatternFormatter
instanceKlass org/apache/logging/log4j/core/pattern/TextRenderer
instanceKlass org/apache/logging/log4j/core/pattern/NameAbbreviator
instanceKlass org/apache/logging/log4j/core/util/OptionConverter
instanceKlass sun/util/calendar/CalendarUtils
instanceKlass sun/util/calendar/CalendarDate
instanceKlass sun/util/locale/LanguageTag
instanceKlass sun/util/resources/LocaleData$1
instanceKlass sun/util/resources/LocaleData
instanceKlass sun/util/locale/provider/LocaleResources
instanceKlass sun/util/locale/provider/CalendarDataUtility$CalendarWeekParameterGetter
instanceKlass sun/util/locale/provider/LocaleServiceProviderPool$LocalizedObjectGetter
instanceKlass sun/util/locale/provider/SPILocaleProviderAdapter$1
instanceKlass sun/util/locale/provider/LocaleServiceProviderPool
instanceKlass sun/util/locale/provider/CalendarDataUtility
instanceKlass java/util/Calendar$Builder
instanceKlass sun/util/locale/provider/JRELocaleProviderAdapter$1
instanceKlass sun/util/locale/provider/LocaleDataMetaInfo
instanceKlass sun/util/locale/provider/AvailableLanguageTags
instanceKlass sun/util/locale/provider/LocaleProviderAdapter$1
instanceKlass sun/util/locale/provider/ResourceBundleBasedAdapter
instanceKlass sun/util/locale/provider/LocaleProviderAdapter
instanceKlass java/util/spi/LocaleServiceProvider
instanceKlass java/util/Locale$1
instanceKlass java/util/Calendar
instanceKlass java/util/TimeZone$1
instanceKlass sun/util/calendar/ZoneInfoFile$ZoneOffsetTransitionRule
instanceKlass sun/util/calendar/ZoneInfoFile$1
instanceKlass sun/util/calendar/ZoneInfoFile
instanceKlass java/util/TimeZone
instanceKlass org/apache/logging/log4j/core/time/MutableInstant
instanceKlass java/time/temporal/TemporalAccessor
instanceKlass org/apache/logging/log4j/core/util/datetime/FixedDateFormat
instanceKlass org/apache/logging/log4j/core/pattern/DatePatternConverter$CachedTime
instanceKlass org/apache/logging/log4j/core/pattern/DatePatternConverter$Formatter
instanceKlass org/apache/logging/log4j/core/time/Instant
instanceKlass org/apache/logging/log4j/core/pattern/PatternParser$1
instanceKlass org/apache/logging/log4j/core/pattern/FormattingInfo
instanceKlass sun/reflect/ClassDefiner$1
instanceKlass sun/reflect/ClassDefiner
instanceKlass sun/reflect/MethodAccessorGenerator$1
instanceKlass sun/reflect/Label$PatchInfo
instanceKlass sun/reflect/Label
instanceKlass sun/reflect/UTF8
instanceKlass sun/reflect/ClassFileAssembler
instanceKlass sun/reflect/ByteVectorImpl
instanceKlass sun/reflect/ByteVector
instanceKlass sun/reflect/ByteVectorFactory
instanceKlass sun/reflect/AccessorGenerator
instanceKlass sun/reflect/ClassFileConstants
instanceKlass java/lang/annotation/Target
instanceKlass sun/reflect/annotation/AnnotationInvocationHandler
instanceKlass sun/reflect/annotation/AnnotationParser$1
instanceKlass java/lang/annotation/Documented
instanceKlass java/lang/annotation/Inherited
instanceKlass java/lang/annotation/Retention
instanceKlass sun/reflect/annotation/ExceptionProxy
instanceKlass sun/reflect/annotation/AnnotationType$1
instanceKlass java/lang/reflect/GenericArrayType
instanceKlass org/apache/logging/log4j/core/config/plugins/Plugin
instanceKlass sun/reflect/generics/visitor/Reifier
instanceKlass sun/reflect/generics/visitor/TypeTreeVisitor
instanceKlass sun/reflect/generics/factory/CoreReflectionFactory
instanceKlass sun/reflect/generics/factory/GenericsFactory
instanceKlass sun/reflect/generics/scope/AbstractScope
instanceKlass sun/reflect/generics/scope/Scope
instanceKlass sun/reflect/generics/tree/ClassTypeSignature
instanceKlass sun/reflect/generics/tree/SimpleClassTypeSignature
instanceKlass sun/reflect/generics/tree/FieldTypeSignature
instanceKlass sun/reflect/generics/tree/BaseType
instanceKlass sun/reflect/generics/tree/TypeSignature
instanceKlass sun/reflect/generics/tree/ReturnType
instanceKlass sun/reflect/generics/tree/TypeArgument
instanceKlass sun/reflect/generics/tree/TypeTree
instanceKlass sun/reflect/generics/tree/Tree
instanceKlass sun/reflect/generics/parser/SignatureParser
instanceKlass sun/reflect/annotation/AnnotationParser
instanceKlass org/apache/logging/log4j/core/pattern/ConverterKeys
instanceKlass java/util/concurrent/CopyOnWriteArrayList$COWIterator
instanceKlass java/util/concurrent/ConcurrentHashMap$Traverser
instanceKlass java/lang/invoke/LambdaForm$MH
instanceKlass java/lang/invoke/LambdaForm$DMH
instanceKlass org/apache/logging/log4j/core/config/plugins/util/PluginRegistry$$Lambda$15
instanceKlass org/apache/logging/log4j/util/Supplier
instanceKlass java/lang/invoke/LambdaForm$DMH
instanceKlass org/apache/logging/log4j/core/util/AbstractWatcher
instanceKlass org/apache/logging/log4j/core/config/plugins/convert/TypeConverters$UuidConverter
instanceKlass org/apache/logging/log4j/core/config/plugins/convert/TypeConverters$UrlConverter
instanceKlass org/apache/logging/log4j/core/config/plugins/convert/TypeConverters$UriConverter
instanceKlass org/apache/logging/log4j/core/config/plugins/convert/TypeConverters$StringConverter
instanceKlass org/apache/logging/log4j/core/config/plugins/convert/TypeConverters$ShortConverter
instanceKlass org/apache/logging/log4j/core/config/plugins/convert/TypeConverters$SecurityProviderConverter
instanceKlass org/apache/logging/log4j/core/config/plugins/convert/TypeConverters$PatternConverter
instanceKlass org/apache/logging/log4j/core/config/plugins/convert/TypeConverters$PathConverter
instanceKlass org/apache/logging/log4j/core/config/plugins/convert/TypeConverters$LongConverter
instanceKlass org/apache/logging/log4j/core/config/plugins/convert/TypeConverters$LevelConverter
instanceKlass org/apache/logging/log4j/core/config/plugins/convert/TypeConverters$IntegerConverter
instanceKlass org/apache/logging/log4j/core/config/plugins/convert/TypeConverters$InetAddressConverter
instanceKlass org/apache/logging/log4j/core/config/plugins/convert/TypeConverters$FloatConverter
instanceKlass org/apache/logging/log4j/core/config/plugins/convert/TypeConverters$FileConverter
instanceKlass org/apache/logging/log4j/core/config/plugins/convert/TypeConverters$DurationConverter
instanceKlass org/apache/logging/log4j/core/config/plugins/convert/TypeConverters$DoubleConverter
instanceKlass org/apache/logging/log4j/core/config/plugins/convert/TypeConverters$CronExpressionConverter
instanceKlass org/apache/logging/log4j/core/config/plugins/convert/TypeConverters$ClassConverter
instanceKlass org/apache/logging/log4j/core/config/plugins/convert/TypeConverters$CharsetConverter
instanceKlass org/apache/logging/log4j/core/config/plugins/convert/TypeConverters$CharArrayConverter
instanceKlass org/apache/logging/log4j/core/config/plugins/convert/TypeConverters$CharacterConverter
instanceKlass org/apache/logging/log4j/core/config/plugins/convert/TypeConverters$ByteArrayConverter
instanceKlass org/apache/logging/log4j/core/config/plugins/convert/TypeConverters$ByteConverter
instanceKlass org/apache/logging/log4j/core/config/plugins/convert/TypeConverters$BooleanConverter
instanceKlass org/apache/logging/log4j/core/config/plugins/convert/TypeConverters$BigIntegerConverter
instanceKlass org/apache/logging/log4j/core/config/plugins/convert/TypeConverters$BigDecimalConverter
instanceKlass org/apache/logging/log4j/core/config/plugins/convert/TypeConverter
instanceKlass org/apache/logging/log4j/core/lookup/StructuredDataLookup
instanceKlass org/apache/logging/log4j/core/lookup/ContextMapLookup
instanceKlass org/apache/log4j/builders/appender/NullAppenderBuilder
instanceKlass org/apache/log4j/builders/filter/DenyAllFilterBuilder
instanceKlass org/apache/log4j/builders/filter/FilterBuilder
instanceKlass org/apache/log4j/builders/layout/SimpleLayoutBuilder
instanceKlass org/apache/log4j/builders/layout/LayoutBuilder
instanceKlass org/apache/log4j/builders/AbstractBuilder
instanceKlass org/apache/log4j/builders/appender/AppenderBuilder
instanceKlass org/apache/logging/log4j/core/pattern/FileDatePatternConverter
instanceKlass org/apache/logging/log4j/core/config/arbiters/SystemPropertyArbiter
instanceKlass org/apache/logging/log4j/core/net/ssl/SslConfiguration
instanceKlass org/apache/logging/log4j/core/appender/rolling/action/PathSortByModificationTime
instanceKlass org/apache/logging/log4j/core/appender/rolling/action/PathSorter
instanceKlass org/apache/logging/log4j/core/net/SocketPerformancePreferences
instanceKlass org/apache/logging/log4j/core/net/SocketOptions
instanceKlass org/apache/logging/log4j/core/net/SocketAddress
instanceKlass org/apache/logging/log4j/core/config/arbiters/SelectArbiter
instanceKlass org/apache/logging/log4j/core/config/ScriptsPlugin
instanceKlass org/apache/logging/log4j/core/layout/ScriptPatternSelector
instanceKlass org/apache/logging/log4j/core/appender/rolling/action/ScriptCondition
instanceKlass org/apache/logging/log4j/core/config/arbiters/ScriptArbiter
instanceKlass org/apache/logging/log4j/core/script/AbstractScript
instanceKlass org/apache/logging/log4j/core/appender/routing/Routes
instanceKlass org/apache/logging/log4j/core/appender/routing/Route
instanceKlass org/apache/logging/log4j/core/pattern/RegexReplacement
instanceKlass org/apache/logging/log4j/core/appender/rewrite/PropertiesRewritePolicy
instanceKlass org/apache/logging/log4j/core/config/PropertiesPlugin
instanceKlass org/apache/logging/log4j/core/layout/PatternMatch
instanceKlass org/apache/logging/log4j/core/net/MulticastDnsAdvertiser
instanceKlass org/apache/logging/log4j/core/layout/MarkerPatternSelector
instanceKlass org/apache/logging/log4j/core/appender/rewrite/MapRewritePolicy
instanceKlass org/apache/logging/log4j/core/config/LoggersPlugin
instanceKlass org/apache/logging/log4j/core/appender/rewrite/LoggerNameLevelRewritePolicy
instanceKlass org/apache/logging/log4j/core/appender/rewrite/RewritePolicy
instanceKlass org/apache/logging/log4j/core/layout/LoggerFields
instanceKlass org/apache/logging/log4j/core/async/LinkedTransferQueueFactory
instanceKlass org/apache/logging/log4j/core/layout/LevelPatternSelector
instanceKlass org/apache/logging/log4j/core/layout/PatternSelector
instanceKlass org/apache/logging/log4j/core/util/KeyValuePair
instanceKlass org/apache/logging/log4j/core/net/ssl/StoreConfiguration
instanceKlass org/apache/logging/log4j/core/async/JCToolsBlockingQueueFactory
instanceKlass org/apache/logging/log4j/core/appender/rolling/action/IfNot
instanceKlass org/apache/logging/log4j/core/appender/rolling/action/IfLastModified
instanceKlass org/apache/logging/log4j/core/appender/rolling/action/IfFileName
instanceKlass org/apache/logging/log4j/core/appender/rolling/action/IfAny
instanceKlass org/apache/logging/log4j/core/appender/rolling/action/IfAll
instanceKlass org/apache/logging/log4j/core/appender/rolling/action/IfAccumulatedFileSize
instanceKlass org/apache/logging/log4j/core/appender/rolling/action/IfAccumulatedFileCount
instanceKlass org/apache/logging/log4j/core/appender/rolling/action/PathCondition
instanceKlass org/apache/logging/log4j/core/appender/routing/PurgePolicy
instanceKlass org/apache/logging/log4j/core/appender/FailoversPlugin
instanceKlass org/apache/logging/log4j/core/async/DisruptorBlockingQueueFactory
instanceKlass org/apache/logging/log4j/core/appender/rolling/DirectFileRolloverStrategy
instanceKlass org/apache/logging/log4j/core/appender/rolling/action/AbstractAction
instanceKlass org/apache/logging/log4j/core/appender/rolling/action/Action
instanceKlass org/apache/logging/log4j/core/appender/rolling/AbstractRolloverStrategy
instanceKlass org/apache/logging/log4j/core/appender/rolling/RolloverStrategy
instanceKlass org/apache/logging/log4j/core/config/arbiters/DefaultArbiter
instanceKlass org/apache/logging/log4j/core/config/CustomLevels
instanceKlass org/apache/logging/log4j/core/config/CustomLevelConfig
instanceKlass org/apache/logging/log4j/core/appender/rolling/TriggeringPolicy
instanceKlass org/apache/logging/log4j/core/appender/db/jdbc/ConnectionSource
instanceKlass org/apache/logging/log4j/core/appender/db/ColumnMapping
instanceKlass org/apache/logging/log4j/core/appender/db/jdbc/ColumnConfig
instanceKlass org/apache/logging/log4j/core/config/arbiters/ClassArbiter
instanceKlass org/apache/logging/log4j/core/config/arbiters/Arbiter
instanceKlass org/apache/logging/log4j/core/async/ArrayBlockingQueueFactory
instanceKlass org/apache/logging/log4j/core/async/BlockingQueueFactory
instanceKlass org/apache/logging/log4j/core/appender/AppenderSet
instanceKlass org/apache/logging/log4j/core/config/AppendersPlugin
instanceKlass org/apache/logging/log4j/core/config/AppenderRef
instanceKlass org/apache/logging/log4j/core/pattern/AnsiConverter
instanceKlass org/apache/logging/log4j/core/config/plugins/util/PluginType
instanceKlass org/apache/logging/log4j/core/config/builder/api/ConfigurationBuilderFactory
instanceKlass java/lang/invoke/LambdaForm$MH
instanceKlass java/lang/invoke/LambdaForm$DMH
instanceKlass java/lang/invoke/LambdaForm$DMH
instanceKlass org/apache/logging/log4j/core/config/plugins/processor/PluginCache$$Lambda$14
instanceKlass java/lang/invoke/LambdaForm$DMH
instanceKlass org/apache/logging/log4j/core/config/plugins/processor/PluginEntry
instanceKlass org/apache/logging/log4j/core/config/plugins/processor/PluginCache$$Lambda$13
instanceKlass org/apache/logging/log4j/core/config/plugins/processor/PluginCache
instanceKlass org/apache/logging/log4j/core/config/plugins/util/ResolverUtil$Test
instanceKlass org/apache/logging/log4j/core/config/plugins/util/PluginRegistry
instanceKlass org/apache/logging/log4j/core/pattern/ArrayPatternConverter
instanceKlass org/apache/logging/log4j/core/pattern/AbstractPatternConverter
instanceKlass org/apache/logging/log4j/core/pattern/PatternConverter
instanceKlass org/apache/logging/log4j/core/pattern/PatternParser
instanceKlass org/apache/logging/log4j/core/layout/StringBuilderEncoder
instanceKlass org/apache/logging/log4j/core/layout/PatternLayout$PatternSerializer
instanceKlass org/apache/logging/log4j/core/layout/AbstractStringLayout$Serializer
instanceKlass org/apache/logging/log4j/core/layout/PatternLayout$SerializerBuilder
instanceKlass org/apache/logging/log4j/core/layout/PatternLayout$Builder
instanceKlass org/apache/logging/log4j/core/util/Builder
instanceKlass org/apache/logging/log4j/core/layout/AbstractStringLayout$Serializer2
instanceKlass org/apache/logging/log4j/core/layout/AbstractLayout
instanceKlass org/apache/logging/log4j/core/StringLayout
instanceKlass org/apache/logging/log4j/spi/LoggerRegistry$ConcurrentMapFactory
instanceKlass org/apache/logging/log4j/spi/LoggerRegistry$MapFactory
instanceKlass org/apache/logging/log4j/spi/LoggerRegistry
instanceKlass org/apache/logging/log4j/core/config/Node
instanceKlass org/apache/logging/log4j/core/config/plugins/util/PluginManager
instanceKlass org/apache/logging/log4j/core/util/DummyNanoClock
instanceKlass org/apache/logging/log4j/core/util/WatchEventService
instanceKlass java/util/UUID
instanceKlass org/apache/logging/log4j/core/util/WatchManager$LocalUUID
instanceKlass java/util/concurrent/ScheduledExecutorService
instanceKlass org/apache/logging/log4j/core/config/DefaultReliabilityStrategy
instanceKlass org/apache/logging/log4j/core/config/LocationAwareReliabilityStrategy
instanceKlass org/apache/logging/log4j/core/config/AppenderControlArraySet
instanceKlass java/util/stream/MatchOps$$Lambda$12
instanceKlass java/util/stream/MatchOps$BooleanTerminalSink
instanceKlass java/util/stream/Sink
instanceKlass java/util/function/Consumer
instanceKlass java/util/stream/MatchOps$MatchOp
instanceKlass java/util/stream/TerminalOp
instanceKlass java/util/stream/MatchOps
instanceKlass org/apache/logging/log4j/core/impl/ThreadContextDataInjector$$Lambda$11
instanceKlass java/util/function/Predicate
instanceKlass java/lang/invoke/LambdaForm$DMH
instanceKlass java/util/EnumMap$1
instanceKlass java/util/stream/StreamOpFlag$MaskBuilder
instanceKlass java/util/stream/PipelineHelper
instanceKlass java/util/stream/Stream
instanceKlass java/util/stream/BaseStream
instanceKlass java/util/stream/StreamSupport
instanceKlass java/util/ArrayList$ArrayListSpliterator
instanceKlass java/util/Spliterator
instanceKlass org/apache/logging/log4j/core/impl/ThreadContextDataProvider
instanceKlass org/apache/logging/log4j/core/util/ContextDataProvider
instanceKlass java/util/concurrent/ConcurrentLinkedDeque$Node
instanceKlass org/apache/logging/log4j/core/impl/ThreadContextDataInjector
instanceKlass org/apache/logging/log4j/core/impl/ThreadContextDataInjector$ForCopyOnWriteThreadContextMap
instanceKlass org/apache/logging/log4j/spi/DefaultThreadContextStack
instanceKlass org/apache/logging/log4j/spi/DefaultThreadContextMap
instanceKlass org/apache/logging/log4j/spi/GarbageFreeSortedArrayThreadContextMap
instanceKlass java/io/ObjectInputValidation
instanceKlass java/io/ObjectInputStream$GetField
instanceKlass org/apache/logging/log4j/util/SortedArrayStringMap$$Lambda$10
instanceKlass org/apache/logging/log4j/util/TriConsumer
instanceKlass java/lang/invoke/LambdaForm$DMH
instanceKlass org/apache/logging/log4j/util/SortedArrayStringMap
instanceKlass org/apache/logging/log4j/util/IndexedStringMap
instanceKlass org/apache/logging/log4j/util/IndexedReadOnlyStringMap
instanceKlass org/apache/logging/log4j/util/StringMap
instanceKlass org/apache/logging/log4j/util/ReadOnlyStringMap
instanceKlass org/apache/logging/log4j/spi/CopyOnWriteSortedArrayThreadContextMap
instanceKlass org/apache/logging/log4j/spi/CopyOnWrite
instanceKlass org/apache/logging/log4j/spi/ObjectThreadContextMap
instanceKlass org/apache/logging/log4j/spi/CleanableThreadContextMap
instanceKlass org/apache/logging/log4j/spi/ThreadContextMap2
instanceKlass org/apache/logging/log4j/spi/ReadOnlyThreadContextMap
instanceKlass org/apache/logging/log4j/spi/ThreadContextMapFactory
instanceKlass org/apache/logging/log4j/ThreadContext$EmptyIterator
instanceKlass org/apache/logging/log4j/spi/ThreadContextMap
instanceKlass org/apache/logging/log4j/spi/ThreadContextStack
instanceKlass org/apache/logging/log4j/ThreadContext
instanceKlass org/apache/logging/log4j/core/ContextDataInjector
instanceKlass org/apache/logging/log4j/core/impl/ContextDataInjectorFactory
instanceKlass org/apache/logging/log4j/core/time/PreciseClock
instanceKlass org/apache/logging/log4j/core/util/SystemClock
instanceKlass org/apache/logging/log4j/core/util/Clock
instanceKlass org/apache/logging/log4j/core/util/ClockFactory
instanceKlass org/apache/logging/log4j/ThreadContext$ContextStack
instanceKlass org/apache/logging/log4j/core/impl/ReusableLogEventFactory
instanceKlass org/apache/logging/log4j/core/LogEvent
instanceKlass org/apache/logging/log4j/core/impl/LogEventFactory
instanceKlass org/apache/logging/log4j/core/impl/LocationAwareLogEventFactory
instanceKlass org/apache/logging/log4j/core/config/ReliabilityStrategy
instanceKlass java/util/DualPivotQuicksort
instanceKlass org/apache/logging/log4j/core/lookup/StrMatcher
instanceKlass org/apache/logging/log4j/core/lookup/DateLookup
instanceKlass sun/management/Util
instanceKlass sun/management/RuntimeImpl
instanceKlass java/lang/management/RuntimeMXBean
instanceKlass java/lang/management/PlatformManagedObject
instanceKlass sun/management/VMManagementImpl
instanceKlass sun/management/VMManagement
instanceKlass sun/management/ManagementFactoryHelper$4
instanceKlass sun/management/ManagementFactoryHelper
instanceKlass java/lang/management/ManagementFactory
instanceKlass org/apache/logging/log4j/core/net/JndiManager$JndiManagerFactory
instanceKlass org/apache/logging/log4j/core/appender/ManagerFactory
instanceKlass javax/naming/Context
instanceKlass org/apache/logging/log4j/core/appender/AbstractManager
instanceKlass org/apache/logging/log4j/core/lookup/UpperLookup
instanceKlass org/apache/logging/log4j/core/lookup/LowerLookup
instanceKlass org/apache/logging/log4j/core/lookup/MapLookup
instanceKlass org/apache/logging/log4j/core/lookup/PropertiesLookup
instanceKlass org/apache/logging/log4j/core/lookup/AbstractLookup
instanceKlass org/apache/logging/log4j/core/config/DefaultAdvertiser
instanceKlass org/apache/logging/log4j/core/config/ConfigurationSource
instanceKlass org/apache/logging/log4j/core/util/Watcher
instanceKlass org/apache/logging/log4j/core/async/AsyncLoggerConfigDelegate
instanceKlass org/apache/logging/log4j/core/Layout
instanceKlass org/apache/logging/log4j/core/layout/Encoder
instanceKlass org/apache/logging/log4j/core/util/NanoClock
instanceKlass org/apache/logging/log4j/core/lookup/StrLookup
instanceKlass org/apache/logging/log4j/core/net/Advertiser
instanceKlass org/apache/logging/log4j/core/lookup/StrSubstitutor
instanceKlass org/apache/logging/log4j/core/config/ConfigurationAware
instanceKlass org/apache/logging/log4j/core/util/ExecutorServices
instanceKlass org/apache/logging/log4j/spi/LoggerContextShutdownEnabled
instanceKlass org/apache/logging/log4j/core/config/ConfigurationListener
instanceKlass org/apache/logging/log4j/spi/Terminable
instanceKlass org/apache/logging/log4j/util/StackLocator
instanceKlass org/apache/logging/log4j/util/StackLocatorUtil
instanceKlass org/apache/logging/log4j/internal/LogManagerStatus
instanceKlass java/util/concurrent/Executors$DefaultThreadFactory
instanceKlass org/apache/logging/log4j/core/util/Cancellable
instanceKlass org/apache/logging/log4j/core/util/DefaultShutdownCallbackRegistry
instanceKlass org/apache/logging/log4j/core/selector/ClassLoaderContextSelector
instanceKlass org/apache/logging/log4j/spi/LoggerContextShutdownAware
instanceKlass org/apache/logging/log4j/core/util/Loader
instanceKlass org/apache/logging/log4j/core/util/Constants
instanceKlass org/apache/logging/log4j/core/selector/ContextSelector
instanceKlass org/apache/logging/log4j/core/config/Configuration
instanceKlass org/apache/logging/log4j/spi/LoggerContext
instanceKlass org/apache/logging/log4j/core/impl/Log4jContextFactory
instanceKlass org/apache/logging/log4j/core/util/ShutdownCallbackRegistry
instanceKlass org/apache/logging/log4j/spi/Provider
instanceKlass org/apache/logging/log4j/util/ProviderUtil
instanceKlass org/apache/logging/log4j/spi/LoggerContextFactory
instanceKlass org/apache/logging/log4j/LogManager
instanceKlass org/apache/logging/log4j/core/appender/DefaultErrorHandler
instanceKlass org/apache/logging/log4j/core/config/Property
instanceKlass org/apache/logging/log4j/Level
instanceKlass java/text/Format
instanceKlass org/apache/logging/log4j/util/Strings$$Lambda$9
instanceKlass java/lang/invoke/LambdaForm$DMH
instanceKlass org/apache/logging/log4j/util/Strings
instanceKlass java/util/concurrent/ConcurrentLinkedQueue$Node
instanceKlass java/util/concurrent/locks/ReentrantReadWriteLock$WriteLock
instanceKlass java/util/concurrent/locks/ReentrantReadWriteLock$ReadLock
instanceKlass java/util/concurrent/locks/ReentrantReadWriteLock
instanceKlass org/apache/logging/log4j/message/ExitMessage
instanceKlass org/apache/logging/log4j/message/EntryMessage
instanceKlass org/apache/logging/log4j/message/FlowMessage
instanceKlass org/apache/logging/log4j/message/DefaultFlowMessageFactory
instanceKlass org/apache/logging/log4j/message/FlowMessageFactory
instanceKlass java/util/regex/Matcher
instanceKlass java/util/regex/MatchResult
instanceKlass java/util/regex/Pattern$TreeInfo
instanceKlass org/apache/logging/log4j/util/PropertySource$Util
instanceKlass java/util/Collections$UnmodifiableMap$UnmodifiableEntrySet$UnmodifiableEntry
instanceKlass java/util/Collections$UnmodifiableMap$UnmodifiableEntrySet$1
instanceKlass java/lang/invoke/LambdaForm$MH
instanceKlass org/apache/logging/log4j/util/PropertiesUtil$Environment$$Lambda$8
instanceKlass java/lang/invoke/LambdaForm$DMH
instanceKlass java/util/TreeMap$PrivateEntryIterator
instanceKlass org/apache/logging/log4j/util/SystemPropertiesPropertySource
instanceKlass org/apache/logging/log4j/util/EnvironmentPropertySource
instanceKlass org/apache/logging/log4j/util/PropertiesUtil$Environment$$Lambda$7
instanceKlass org/apache/logging/log4j/util/BiConsumer
instanceKlass org/apache/logging/log4j/util/PropertySource$Comparator
instanceKlass java/util/NavigableSet
instanceKlass java/util/SortedSet
instanceKlass org/apache/logging/log4j/util/LoaderUtil$ThreadContextClassLoaderGetter
instanceKlass org/apache/logging/log4j/util/LoaderUtil
instanceKlass org/apache/logging/log4j/util/PropertiesPropertySource
instanceKlass org/apache/logging/log4j/util/PropertiesUtil$Environment
instanceKlass org/apache/logging/log4j/util/PropertySource
instanceKlass org/apache/logging/log4j/util/PropertiesUtil
instanceKlass org/apache/logging/log4j/util/Constants
instanceKlass org/apache/logging/log4j/message/AbstractMessageFactory
instanceKlass org/apache/logging/log4j/message/ReusableMessageFactory
instanceKlass org/apache/logging/log4j/MarkerManager$Log4jMarker
instanceKlass org/apache/logging/log4j/util/StringBuilderFormattable
instanceKlass org/apache/logging/log4j/Marker
instanceKlass org/apache/logging/log4j/MarkerManager
instanceKlass java/util/concurrent/locks/ReadWriteLock
instanceKlass org/apache/logging/log4j/message/MessageFactory2
instanceKlass org/apache/logging/log4j/LogBuilder
instanceKlass org/apache/logging/log4j/message/Message
instanceKlass org/apache/logging/log4j/message/MessageFactory
instanceKlass org/apache/logging/log4j/spi/AbstractLogger
instanceKlass org/apache/logging/log4j/spi/LocationAwareLogger
instanceKlass org/apache/logging/log4j/spi/ExtendedLogger
instanceKlass org/apache/logging/log4j/core/ErrorHandler
instanceKlass org/apache/logging/log4j/core/Filter
instanceKlass org/apache/logging/log4j/Logger
instanceKlass org/apache/logging/log4j/core/AbstractLifeCycle
instanceKlass org/apache/logging/log4j/core/LifeCycle2
instanceKlass org/apache/logging/log4j/core/filter/Filterable
instanceKlass org/apache/logging/log4j/core/impl/LocationAware
instanceKlass org/apache/logging/log4j/core/Appender
instanceKlass org/apache/logging/log4j/core/LifeCycle
instanceKlass com/mathworks/services/Log4JConfiguration
instanceKlass com/mathworks/html/HtmlDataListener
instanceKlass com/mathworks/html/SystemBrowserLauncher
instanceKlass com/mathworks/mlwidgets/html/MatlabSystemBrowserStrategy
instanceKlass java/net/SocketAddress
instanceKlass com/mathworks/net/transport/AbstractTransportClientProperties
instanceKlass java/util/logging/LogManager$5
instanceKlass java/util/ResourceBundle$RBClassLoader$1
instanceKlass java/util/logging/Logger$1
instanceKlass java/util/logging/LogManager$LoggerContext$1
instanceKlass java/util/logging/LogManager$3
instanceKlass java/util/logging/LogManager$2
instanceKlass java/util/logging/LogManager$LogNode
instanceKlass java/util/logging/LogManager$LoggerContext
instanceKlass java/util/logging/LogManager$1
instanceKlass java/util/logging/LogManager
instanceKlass java/util/concurrent/CopyOnWriteArrayList
instanceKlass java/util/logging/Logger$LoggerBundle
instanceKlass java/util/logging/Level$KnownLevel
instanceKlass java/util/logging/Level
instanceKlass java/util/logging/Handler
instanceKlass java/util/logging/Logger
instanceKlass java/net/Authenticator
instanceKlass com/mathworks/net/transport/MWTransportClientProperties
instanceKlass com/mathworks/net/transport/MWTransportClientPropertiesFactory
instanceKlass com/mathworks/html/SystemBrowserStrategy
instanceKlass com/mathworks/mlwidgets/html/HTMLPrefs
instanceKlass com/mathworks/services/Prefs$1
instanceKlass com/mathworks/services/RGBInteger
instanceKlass java/util/RegularEnumSet$EnumSetIterator
instanceKlass com/mathworks/services/settings/SettingInfo
instanceKlass com/mathworks/services/settings/SettingAdapter
instanceKlass sun/nio/ch/Interruptible
instanceKlass java/util/concurrent/locks/LockSupport
instanceKlass java/util/concurrent/atomic/AtomicReference
instanceKlass com/mathworks/services/settings/SettingPath$TreeReference$1
instanceKlass com/mathworks/services/settings/SettingPath$TreeReference
instanceKlass com/mathworks/mvm/eventmgr/MvmDynamicEvent
instanceKlass com/mathworks/mvm/eventmgr/prompt/HomeEvent
instanceKlass com/mathworks/mvm/eventmgr/prompt/CLCEvent
instanceKlass com/mathworks/mvm/eventmgr/SinkTextEvent
instanceKlass com/mathworks/mvm/eventmgr/prompt/DebugLoopEvent
instanceKlass com/mathworks/mvm/eventmgr/prompt/IqmInputRequestEvent
instanceKlass com/mathworks/mvm/eventmgr/prompt/InputRequestEvent
instanceKlass com/mathworks/mvm/eventmgr/DefaultEventMgr$MvmNativeMethods
instanceKlass com/mathworks/mvm/eventmgr/DefaultEventMgr$FactoryNativeMethods
instanceKlass com/mathworks/mvm/eventmgr/DefaultEventMgr$SessionNativeMethods
instanceKlass com/mathworks/mvm/eventmgr/DefaultEventMgr$NativeMethods
instanceKlass com/mathworks/mvm/eventmgr/InsecureReflection
instanceKlass com/mathworks/mvm/exec/FutureResult
instanceKlass com/mathworks/mvm/exec/MatlabIIP
instanceKlass com/mathworks/mvm/exec/NativeFutureResult
instanceKlass com/mathworks/mvm/exec/MatlabRequest
instanceKlass com/mathworks/mvm/exec/ExecutionCapability
instanceKlass com/mathworks/mvm/MvmImpl
instanceKlass com/mathworks/mvm/MVM
instanceKlass com/mathworks/mvm/eventmgr/EventMgr
instanceKlass com/mathworks/mvm/MvmFactory
instanceKlass com/mathworks/mvm/context/ThreadContext
instanceKlass com/mathworks/mvm/context/MvmContext
instanceKlass com/mathworks/services/settings/SettingTestEnvironment
instanceKlass com/mathworks/services/settings/SettingTransaction
instanceKlass com/mathworks/services/settings/SettingLevel$Helper
instanceKlass java/awt/geom/RectangularShape
instanceKlass java/awt/Shape
instanceKlass java/awt/Color
instanceKlass java/awt/Paint
instanceKlass com/mathworks/services/settings/SettingConverter
instanceKlass com/mathworks/services/settings/Setting
instanceKlass java/io/FileFilter
instanceKlass javax/swing/text/EditorKit
instanceKlass com/mathworks/cfbutils/FileUtils
instanceKlass com/mathworks/util/FileUtils
instanceKlass com/mathworks/services/Prefs$pairSet
instanceKlass com/mathworks/util/Log
instanceKlass com/mathworks/util/CharBuffer
instanceKlass com/mathworks/services/Prefs$TwoWayMap
instanceKlass java/util/Collections$EmptyIterator
instanceKlass sun/security/util/ManifestEntryVerifier
instanceKlass java/util/zip/CRC32
instanceKlass java/util/zip/Checksum
instanceKlass java/util/regex/ASCII
instanceKlass sun/net/www/protocol/jar/JarFileFactory
instanceKlass sun/net/www/protocol/jar/URLJarFile$URLJarFileCloseController
instanceKlass java/util/regex/Pattern$Node
instanceKlass java/util/regex/Pattern
instanceKlass com/mathworks/services/Prefs$PrefString
instanceKlass org/apache/commons/io/FilenameUtils
instanceKlass com/mathworks/services/settings/SettingListener
instanceKlass java/util/ArrayList$SubList$1
instanceKlass com/mathworks/services/Prefs
instanceKlass com/mathworks/util/ManifestAttributeProviderImpl
instanceKlass com/mathworks/util/PlatformInfo
instanceKlass com/mathworks/util/ManifestAttributeProvider
instanceKlass com/mathworks/util/ManifestAttributeProviderFactory$LazyHolder
instanceKlass com/mathworks/services/FontWarningHandler
instanceKlass com/mathworks/util/LanguageUtils
instanceKlass com/mathworks/util/SystemPropertiesInitializer
instanceKlass java/util/concurrent/Executors$RunnableAdapter
instanceKlass java/util/concurrent/FutureTask$WaitNode
instanceKlass java/util/concurrent/Callable
instanceKlass java/util/concurrent/FutureTask
instanceKlass java/util/concurrent/RunnableFuture
instanceKlass java/util/concurrent/Future
instanceKlass com/mathworks/util/ManifestAttributeProviderFactory$1
instanceKlass java/util/concurrent/LinkedBlockingQueue$Node
instanceKlass java/util/concurrent/BlockingQueue
instanceKlass java/util/concurrent/ThreadPoolExecutor$AbortPolicy
instanceKlass java/util/concurrent/RejectedExecutionHandler
instanceKlass java/util/concurrent/AbstractExecutorService
instanceKlass java/util/concurrent/ExecutorService
instanceKlass java/util/concurrent/Executor
instanceKlass java/util/concurrent/Executors
instanceKlass com/mathworks/util/DaemonThreadFactory
instanceKlass java/util/concurrent/ThreadFactory
instanceKlass com/mathworks/util/ThreadUtils
instanceKlass com/mathworks/util/ManifestAttributeProviderFactory
instanceKlass com/mathworks/util/WebuiStatus
instanceKlass com/mathworks/util/PostVMInit$StartupClass
instanceKlass com/mathworks/util/PostVMInit
instanceKlass java/lang/Shutdown$Lock
instanceKlass java/lang/Shutdown
instanceKlass java/lang/ApplicationShutdownHooks$1
instanceKlass java/lang/ApplicationShutdownHooks
instanceKlass sun/awt/windows/WToolkit$$Lambda$6
instanceKlass java/lang/invoke/LambdaForm$DMH
instanceKlass java/lang/invoke/LambdaForm$MH
instanceKlass sun/awt/windows/WToolkit$$Lambda$5
instanceKlass sun/awt/windows/WToolkit$$Lambda$4
instanceKlass sun/awt/windows/WToolkit$$Lambda$3
instanceKlass sun/awt/AWTAutoShutdown
instanceKlass sun/misc/ThreadGroupUtils
instanceKlass sun/java2d/Disposer$$Lambda$2
instanceKlass java/lang/invoke/LambdaForm$DMH
instanceKlass sun/java2d/Disposer$1
instanceKlass sun/java2d/Disposer
instanceKlass sun/awt/windows/WToolkit$ToolkitDisposer
instanceKlass sun/java2d/DisposerRecord
instanceKlass sun/misc/PerformanceLogger$TimeData
instanceKlass sun/misc/PerformanceLogger
instanceKlass sun/awt/SunToolkit$ModalityListenerList
instanceKlass sun/awt/ModalityListener
instanceKlass java/beans/ChangeListenerMap
instanceKlass java/beans/PropertyChangeSupport
instanceKlass sun/awt/windows/WToolkit$2
instanceKlass java/awt/Component$DummyRequestFocusController
instanceKlass sun/awt/RequestFocusController
instanceKlass java/awt/Component$1
instanceKlass sun/awt/AWTAccessor$ComponentAccessor
instanceKlass java/lang/Class$4
instanceKlass java/text/AttributedCharacterIterator$Attribute
instanceKlass sun/font/AttributeValues
instanceKlass java/awt/geom/AffineTransform
instanceKlass sun/font/FontAccess
instanceKlass java/awt/Font
instanceKlass sun/awt/windows/WObjectPeer
instanceKlass java/awt/dnd/peer/DropTargetPeer
instanceKlass java/awt/peer/ComponentPeer
instanceKlass java/awt/event/InputEvent$1
instanceKlass sun/awt/AWTAccessor$InputEventAccessor
instanceKlass java/awt/event/NativeLibLoader$1
instanceKlass java/awt/event/NativeLibLoader
instanceKlass java/awt/AWTEvent$1
instanceKlass sun/awt/AWTAccessor$AWTEventAccessor
instanceKlass java/util/EventObject
instanceKlass java/awt/Component$AWTTreeLock
instanceKlass java/awt/Component
instanceKlass java/awt/MenuContainer
instanceKlass java/awt/image/ImageObserver
instanceKlass sun/awt/DisplayChangedListener
instanceKlass sun/awt/image/SurfaceManager
instanceKlass sun/awt/image/SurfaceManager$ImageAccessor
instanceKlass java/awt/ImageCapabilities
instanceKlass java/awt/Image
instanceKlass sun/java2d/DestSurfaceProvider
instanceKlass sun/java2d/loops/RenderCache$Entry
instanceKlass sun/java2d/loops/RenderCache
instanceKlass sun/java2d/pipe/DrawImage
instanceKlass sun/java2d/pipe/GeneralCompositePipe
instanceKlass sun/java2d/pipe/SpanShapeRenderer
instanceKlass sun/java2d/pipe/AlphaPaintPipe
instanceKlass sun/java2d/pipe/AAShapePipe
instanceKlass sun/java2d/pipe/RegionIterator
instanceKlass sun/java2d/pipe/Region
instanceKlass sun/java2d/pipe/SpanClipRenderer
instanceKlass sun/java2d/pipe/PixelToShapeConverter
instanceKlass sun/java2d/pipe/AlphaColorPipe
instanceKlass sun/java2d/pipe/CompositePipe
instanceKlass sun/java2d/pipe/GlyphListPipe
instanceKlass sun/java2d/pipe/OutlineTextRenderer
instanceKlass sun/java2d/pipe/RenderingEngine$1
instanceKlass sun/java2d/pipe/RenderingEngine
instanceKlass sun/java2d/pipe/LoopPipe
instanceKlass sun/java2d/pipe/LoopBasedPipe
instanceKlass sun/java2d/pipe/ParallelogramPipe
instanceKlass sun/java2d/pipe/NullPipe
instanceKlass sun/java2d/pipe/DrawImagePipe
instanceKlass sun/java2d/pipe/TextPipe
instanceKlass sun/java2d/pipe/ShapeDrawPipe
instanceKlass sun/java2d/pipe/PixelFillPipe
instanceKlass sun/java2d/pipe/PixelDrawPipe
instanceKlass sun/java2d/StateTrackableDelegate$2
instanceKlass sun/java2d/StateTrackableDelegate
instanceKlass java/awt/color/ICC_Profile$1
instanceKlass sun/java2d/cmm/ProfileActivator
instanceKlass sun/java2d/cmm/ProfileDeferralMgr
instanceKlass java/awt/color/ICC_Profile
instanceKlass java/awt/color/ColorSpace
instanceKlass java/awt/image/ColorModel$1
instanceKlass java/awt/image/ColorModel
instanceKlass sun/awt/image/PixelConverter
instanceKlass sun/java2d/loops/SurfaceType
instanceKlass sun/java2d/SurfaceData
instanceKlass sun/java2d/Surface
instanceKlass sun/java2d/StateTrackable
instanceKlass sun/java2d/DisposerTarget
instanceKlass java/awt/Transparency
instanceKlass sun/awt/windows/WToolkit$1
instanceKlass sun/util/calendar/CalendarSystem
instanceKlass java/util/Date
instanceKlass sun/util/logging/LoggingSupport$2
instanceKlass java/util/logging/LoggingProxyImpl
instanceKlass sun/util/logging/LoggingProxy
instanceKlass sun/util/logging/LoggingSupport$1
instanceKlass sun/util/logging/LoggingSupport
instanceKlass sun/util/logging/PlatformLogger$LoggerProxy
instanceKlass sun/util/logging/PlatformLogger$1
instanceKlass sun/util/logging/PlatformLogger
instanceKlass java/util/concurrent/locks/AbstractQueuedSynchronizer$ConditionObject
instanceKlass java/util/concurrent/locks/Condition
instanceKlass java/util/concurrent/locks/AbstractQueuedSynchronizer$Node
instanceKlass java/util/concurrent/locks/AbstractOwnableSynchronizer
instanceKlass sun/awt/KeyboardFocusManagerPeerProvider
instanceKlass sun/awt/InputMethodSupport
instanceKlass sun/awt/ComponentFactory
instanceKlass sun/awt/WindowClosingListener
instanceKlass sun/awt/WindowClosingSupport
instanceKlass java/awt/Toolkit$2
instanceKlass java/awt/Insets
instanceKlass java/util/TreeMap$Entry
instanceKlass java/lang/ProcessEnvironment$CheckedEntry
instanceKlass java/lang/ProcessEnvironment$CheckedEntrySet$1
instanceKlass java/util/NavigableMap
instanceKlass java/util/SortedMap
instanceKlass java/util/Collections$UnmodifiableMap
instanceKlass java/lang/ProcessEnvironment$EntryComparator
instanceKlass java/lang/ProcessEnvironment$NameComparator
instanceKlass java/lang/invoke/LambdaForm$MH
instanceKlass java/lang/invoke/LambdaForm$MH
instanceKlass java/lang/invoke/InnerClassLambdaMetafactory$1
instanceKlass java/awt/GraphicsEnvironment$$Lambda$1
instanceKlass java/lang/invoke/InfoFromMemberName
instanceKlass java/lang/invoke/MethodHandleInfo
instanceKlass sun/security/util/SecurityConstants
instanceKlass java/security/AccessController$1
instanceKlass java/lang/invoke/AbstractValidatingLambdaMetafactory
instanceKlass java/lang/invoke/LambdaForm$BMH
instanceKlass java/lang/invoke/LambdaForm$BMH
instanceKlass sun/reflect/UnsafeFieldAccessorFactory
instanceKlass jdk/internal/org/objectweb/asm/FieldVisitor
instanceKlass java/lang/invoke/BoundMethodHandle$Factory$1
instanceKlass java/lang/invoke/BoundMethodHandle$SpeciesData$1
instanceKlass java/lang/invoke/LambdaForm$MH
instanceKlass java/lang/invoke/LambdaForm$BMH
instanceKlass java/lang/invoke/LambdaForm$MH
instanceKlass java/lang/invoke/LambdaForm$DMH
instanceKlass java/lang/invoke/LambdaForm$DMH
instanceKlass java/lang/invoke/LambdaForm$BMH
instanceKlass java/lang/invoke/LambdaForm$BMH
instanceKlass java/lang/invoke/LambdaForm$MH
instanceKlass java/lang/invoke/LambdaFormBuffer
instanceKlass java/lang/invoke/LambdaFormEditor
instanceKlass java/lang/invoke/LambdaForm$DMH
instanceKlass java/lang/invoke/LambdaForm$DMH
instanceKlass java/lang/invoke/LambdaForm$DMH
instanceKlass java/lang/invoke/LambdaForm$DMH
instanceKlass java/lang/invoke/LambdaForm$MH
instanceKlass java/lang/invoke/LambdaForm$DMH
instanceKlass java/lang/invoke/LambdaForm$DMH
instanceKlass java/lang/invoke/LambdaForm$MH
instanceKlass java/lang/invoke/LambdaForm$DMH
instanceKlass java/lang/invoke/LambdaForm$DMH
instanceKlass java/lang/invoke/LambdaForm$MH
instanceKlass java/lang/invoke/LambdaForm$DMH
instanceKlass java/lang/invoke/LambdaForm$DMH
instanceKlass java/lang/invoke/LambdaForm$MH
instanceKlass java/lang/invoke/LambdaForm$DMH
instanceKlass java/lang/invoke/LambdaForm$DMH
instanceKlass java/lang/invoke/LambdaForm$MH
instanceKlass java/lang/invoke/LambdaForm$DMH
instanceKlass java/lang/invoke/LambdaForm$MH
instanceKlass java/lang/invoke/LambdaForm$DMH
instanceKlass java/lang/invoke/LambdaForm$DMH
instanceKlass java/lang/invoke/LambdaForm$MH
instanceKlass java/lang/invoke/LambdaForm$DMH
instanceKlass java/lang/invoke/LambdaForm$DMH
instanceKlass java/lang/invoke/LambdaForm$MH
instanceKlass java/lang/invoke/LambdaForm$DMH
instanceKlass java/lang/invoke/LambdaForm$MH
instanceKlass java/lang/invoke/LambdaForm$DMH
instanceKlass java/lang/invoke/LambdaForm$MH
instanceKlass java/lang/invoke/LambdaForm$DMH
instanceKlass java/lang/invoke/MethodHandleImpl$Lazy
instanceKlass java/lang/invoke/LambdaForm$MH
instanceKlass java/lang/invoke/LambdaForm$DMH
instanceKlass java/lang/invoke/LambdaForm$DMH
instanceKlass java/lang/invoke/LambdaForm$DMH
instanceKlass java/lang/invoke/LambdaForm$DMH
instanceKlass java/lang/invoke/LambdaForm$DMH
instanceKlass java/util/SubList$1
instanceKlass java/util/ListIterator
instanceKlass java/lang/invoke/LambdaForm$MH
instanceKlass java/lang/invoke/LambdaForm$MH
instanceKlass java/lang/invoke/LambdaForm$MH
instanceKlass java/lang/invoke/LambdaForm$MH
instanceKlass java/lang/invoke/LambdaForm$MH
instanceKlass java/lang/invoke/LambdaForm$MH
instanceKlass java/lang/invoke/LambdaForm$MH
instanceKlass java/lang/invoke/LambdaForm$MH
instanceKlass java/lang/invoke/LambdaForm$MH
instanceKlass java/lang/invoke/LambdaForm$MH
instanceKlass java/lang/invoke/LambdaForm$MH
instanceKlass java/lang/invoke/LambdaForm$MH
instanceKlass java/lang/invoke/InvokerBytecodeGenerator$CpPatch
instanceKlass java/lang/invoke/LambdaForm$DMH
instanceKlass java/lang/invoke/LambdaForm$DMH
instanceKlass java/lang/invoke/LambdaForm$DMH
instanceKlass java/lang/invoke/LambdaForm$DMH
instanceKlass java/lang/invoke/LambdaForm$DMH
instanceKlass java/lang/invoke/LambdaForm$DMH
instanceKlass sun/invoke/empty/Empty
instanceKlass sun/invoke/util/VerifyType
instanceKlass java/lang/invoke/InvokerBytecodeGenerator$2
instanceKlass jdk/internal/org/objectweb/asm/AnnotationVisitor
instanceKlass jdk/internal/org/objectweb/asm/Frame
instanceKlass jdk/internal/org/objectweb/asm/Label
instanceKlass jdk/internal/org/objectweb/asm/Type
instanceKlass jdk/internal/org/objectweb/asm/MethodVisitor
instanceKlass jdk/internal/org/objectweb/asm/Item
instanceKlass jdk/internal/org/objectweb/asm/ByteVector
instanceKlass jdk/internal/org/objectweb/asm/ClassVisitor
instanceKlass java/lang/invoke/InvokerBytecodeGenerator
instanceKlass java/util/AbstractList$Itr
instanceKlass java/util/Collections$UnmodifiableCollection$1
instanceKlass java/lang/invoke/DirectMethodHandle$Lazy
instanceKlass sun/invoke/util/BytecodeDescriptor
instanceKlass java/lang/invoke/BoundMethodHandle$Factory
instanceKlass java/lang/invoke/BoundMethodHandle$SpeciesData
instanceKlass java/lang/invoke/LambdaForm$NamedFunction
instanceKlass java/lang/invoke/LambdaForm$Name
instanceKlass sun/invoke/util/ValueConversions
instanceKlass sun/invoke/util/VerifyAccess
instanceKlass java/lang/Long$LongCache
instanceKlass java/lang/Character$CharacterCache
instanceKlass java/lang/Short$ShortCache
instanceKlass java/lang/Byte$ByteCache
instanceKlass sun/invoke/util/Wrapper$Format
instanceKlass java/lang/invoke/MethodHandles
instanceKlass java/lang/invoke/Invokers
instanceKlass java/lang/invoke/MethodTypeForm
instanceKlass java/lang/invoke/MethodType$ConcurrentWeakInternSet
instanceKlass java/lang/invoke/MethodHandles$Lookup
instanceKlass java/lang/invoke/LambdaMetafactory
instanceKlass java/awt/GraphicsEnvironment
instanceKlass java/util/Properties$LineReader
instanceKlass java/awt/Toolkit$1
instanceKlass java/awt/Toolkit$3
instanceKlass java/net/URLClassLoader$2
instanceKlass java/util/ResourceBundle$Control$1
instanceKlass java/util/jar/JarVerifier$3
instanceKlass java/security/CodeSigner
instanceKlass java/util/jar/JarVerifier
instanceKlass java/nio/file/attribute/FileTime
instanceKlass java/util/zip/ZipUtils
instanceKlass java/util/LinkedList$Node
instanceKlass java/util/ResourceBundle$CacheKeyReference
instanceKlass java/util/ResourceBundle$CacheKey
instanceKlass java/net/URLClassLoader$3$1
instanceKlass sun/misc/CompoundEnumeration
instanceKlass java/net/URLClassLoader$3
instanceKlass sun/misc/URLClassPath$1
instanceKlass java/lang/ClassLoader$2
instanceKlass sun/misc/URLClassPath$2
instanceKlass sun/misc/Launcher$BootClassPathHolder$1
instanceKlass sun/misc/Launcher$BootClassPathHolder
instanceKlass java/util/ServiceLoader$1
instanceKlass java/util/ServiceLoader$LazyIterator
instanceKlass java/util/ServiceLoader
instanceKlass java/util/spi/ResourceBundleControlProvider
instanceKlass java/util/ResourceBundle
instanceKlass java/util/ResourceBundle$Control
instanceKlass java/awt/Toolkit$5
instanceKlass sun/awt/AWTAccessor
instanceKlass java/awt/Toolkit$4
instanceKlass sun/awt/AWTAccessor$ToolkitAccessor
instanceKlass java/awt/Toolkit
instanceKlass java/lang/reflect/WeakCache$Value
instanceKlass sun/misc/ProxyGenerator$ExceptionTableEntry
instanceKlass sun/misc/ProxyGenerator$PrimitiveTypeInfo
instanceKlass java/lang/Void
instanceKlass sun/misc/ProxyGenerator$FieldInfo
instanceKlass java/util/ArrayList$Itr
instanceKlass java/io/DataOutput
instanceKlass sun/misc/ProxyGenerator$ConstantPool$Entry
instanceKlass sun/misc/ProxyGenerator$MethodInfo
instanceKlass java/util/HashMap$HashIterator
instanceKlass sun/misc/ProxyGenerator$ProxyMethod
instanceKlass sun/misc/ProxyGenerator$ConstantPool
instanceKlass java/lang/Class$MethodArray
instanceKlass sun/security/action/GetBooleanAction
instanceKlass sun/misc/ProxyGenerator
instanceKlass java/lang/reflect/WeakCache$Factory
instanceKlass java/util/function/Supplier
instanceKlass java/lang/reflect/Proxy$ProxyClassFactory
instanceKlass java/lang/reflect/Proxy$KeyFactory
instanceKlass java/util/function/BiFunction
instanceKlass java/lang/reflect/WeakCache
instanceKlass java/lang/reflect/Proxy
instanceKlass com/mathworks/util/event/EventListenerList$1
instanceKlass com/mathworks/util/Disposable
instanceKlass java/lang/reflect/InvocationHandler
instanceKlass com/mathworks/util/event/EventListenerList
instanceKlass java/util/Collections$SynchronizedMap
instanceKlass com/mathworks/util/event/GlobalEventManager
instanceKlass com/mathworks/jmi/Matlab$4
instanceKlass java/util/Timer$1
instanceKlass java/util/TaskQueue
instanceKlass java/util/Timer
instanceKlass com/mathworks/jmi/bean/IMatlabObjectListener
instanceKlass java/beans/PropertyChangeListener
instanceKlass com/mathworks/jmi/bean/UDDObject
instanceKlass com/mathworks/jmi/bean/DynamicProperties
instanceKlass com/mathworks/jmi/bean/MTObject
instanceKlass com/mathworks/services/Browseable
instanceKlass com/mathworks/jmi/bean/TreeObject
instanceKlass com/mathworks/jmi/types/MLArrayRef
instanceKlass com/mathworks/jmi/idlebusy/MatlabIdleBusyStatusEvent
instanceKlass com/mathworks/mvm/eventmgr/FirableMvmEvent
instanceKlass com/mathworks/mvm/eventmgr/MvmTypedEvent
instanceKlass com/mathworks/mvm/eventmgr/MvmEvent
instanceKlass java/lang/ClassLoaderHelper
instanceKlass com/mathworks/util/NativeJavaSwitch
instanceKlass com/mathworks/util/ClassLoaderBridge
instanceKlass com/mathworks/jmi/Matlab$2
instanceKlass com/mathworks/util/FactoryUtilAdapter
instanceKlass com/mathworks/jmi/Matlab$MatlabQuitListener
instanceKlass com/mathworks/jmi/MatlabLooper
instanceKlass java/util/TimerTask
instanceKlass com/mathworks/util/event/GlobalEventListener
instanceKlass com/mathworks/util/ClassLoaderSupplier
instanceKlass com/mathworks/util/FactoryUtilSupplier
instanceKlass com/mathworks/jmi/MatlabListener
instanceKlass java/util/EventListener
instanceKlass com/mathworks/jmi/CompletionObserver
instanceKlass com/mathworks/jmi/Matlab
instanceKlass com/mathworks/mvm/helpers/MatlabPrintStreamManager
instanceKlass com/mathworks/jmi/MatlabLanguage
instanceKlass com/mathworks/jmi/NativeMatlab$MCRIDGetter
instanceKlass com/mathworks/jmi/NativeMatlab
instanceKlass com/mathworks/util/FactoryUtils
instanceKlass java/io/ObjectStreamConstants
instanceKlass java/io/ObjectInput
instanceKlass java/io/DataInput
instanceKlass com/mathworks/jmi/OpaqueJavaInterface
instanceKlass java/io/FilePermission$1
instanceKlass sun/net/www/MessageHeader
instanceKlass java/net/URLConnection
instanceKlass java/security/PermissionCollection
instanceKlass sun/nio/ByteBuffered
instanceKlass java/lang/Package
instanceKlass sun/misc/ASCIICaseInsensitiveComparator
instanceKlass java/util/jar/Attributes$Name
instanceKlass java/lang/StringCoding$StringDecoder
instanceKlass java/util/jar/Attributes
instanceKlass sun/misc/Resource
instanceKlass sun/misc/IOUtils
instanceKlass java/util/zip/ZStreamRef
instanceKlass java/util/zip/Inflater
instanceKlass java/util/zip/ZipEntry
instanceKlass sun/misc/ExtensionDependency
instanceKlass sun/misc/JarIndex
instanceKlass sun/nio/ch/DirectBuffer
instanceKlass sun/misc/PerfCounter$CoreCounters
instanceKlass sun/misc/Perf
instanceKlass sun/misc/Perf$GetPerfAction
instanceKlass sun/misc/PerfCounter
instanceKlass java/util/zip/ZipCoder
instanceKlass java/util/Deque
instanceKlass java/util/Queue
instanceKlass java/nio/charset/StandardCharsets
instanceKlass java/util/jar/JavaUtilJarAccessImpl
instanceKlass sun/misc/JavaUtilJarAccess
instanceKlass sun/misc/FileURLMapper
instanceKlass sun/misc/URLClassPath$JarLoader$1
instanceKlass sun/nio/cs/ThreadLocalCoders$Cache
instanceKlass sun/nio/cs/ThreadLocalCoders
instanceKlass java/util/zip/ZipFile$1
instanceKlass sun/misc/JavaUtilZipFileAccess
instanceKlass java/util/zip/ZipFile
instanceKlass java/util/zip/ZipConstants
instanceKlass sun/misc/URLClassPath$Loader
instanceKlass sun/misc/URLClassPath$3
instanceKlass sun/net/util/URLUtil
instanceKlass java/net/URLClassLoader$1
instanceKlass java/io/FileOutputStream$1
instanceKlass java/lang/StringCoding$StringEncoder
instanceKlass java/lang/ThreadLocal$ThreadLocalMap
instanceKlass java/lang/StringCoding
instanceKlass sun/usagetracker/UsageTrackerClient$3
instanceKlass sun/usagetracker/UsageTrackerClient$2
instanceKlass sun/usagetracker/UsageTrackerClient$4
instanceKlass sun/usagetracker/UsageTrackerClient$1
instanceKlass java/util/concurrent/atomic/AtomicBoolean
instanceKlass sun/usagetracker/UsageTrackerClient
instanceKlass sun/misc/PostVMInitHook$1
instanceKlass jdk/internal/util/EnvUtils
instanceKlass sun/misc/PostVMInitHook$2
instanceKlass sun/misc/PostVMInitHook
instanceKlass java/lang/invoke/MethodHandleStatics$1
instanceKlass java/lang/invoke/MethodHandleStatics
instanceKlass java/lang/invoke/MemberName$Factory
instanceKlass java/lang/ClassValue$Version
instanceKlass java/lang/ClassValue$Identity
instanceKlass java/lang/ClassValue
instanceKlass java/lang/invoke/MethodHandleImpl$3
instanceKlass java/lang/invoke/MethodHandleImpl$2
instanceKlass java/util/function/Function
instanceKlass java/lang/invoke/MethodHandleImpl$1
instanceKlass java/lang/Integer$IntegerCache
instanceKlass java/lang/invoke/MethodHandleImpl
instanceKlass java/lang/SystemClassLoaderAction
instanceKlass java/util/LinkedHashMap$LinkedHashIterator
instanceKlass sun/misc/Launcher$AppClassLoader$1
instanceKlass sun/misc/URLClassPath
instanceKlass java/security/Principal
instanceKlass java/security/ProtectionDomain$Key
instanceKlass java/security/ProtectionDomain$2
instanceKlass sun/misc/JavaSecurityProtectionDomainAccess
instanceKlass java/security/ProtectionDomain$JavaSecurityAccessImpl
instanceKlass sun/misc/JavaSecurityAccess
instanceKlass java/net/URLStreamHandler
instanceKlass java/net/Parts
instanceKlass java/util/BitSet
instanceKlass sun/net/www/ParseUtil
instanceKlass java/io/FileInputStream$1
instanceKlass sun/util/locale/LocaleUtils
instanceKlass java/util/Locale$LocaleKey
instanceKlass sun/util/locale/BaseLocale$Key
instanceKlass sun/util/locale/BaseLocale
instanceKlass java/util/concurrent/ConcurrentHashMap$CollectionView
instanceKlass java/util/concurrent/ConcurrentHashMap$CounterCell
instanceKlass java/util/concurrent/ConcurrentHashMap$Node
instanceKlass java/util/concurrent/locks/ReentrantLock
instanceKlass java/util/concurrent/locks/Lock
instanceKlass java/util/concurrent/ConcurrentMap
instanceKlass sun/util/locale/LocaleObjectCache
instanceKlass java/util/Locale
instanceKlass java/lang/reflect/Array
instanceKlass java/nio/charset/CoderResult$Cache
instanceKlass java/nio/charset/CoderResult
instanceKlass java/nio/charset/CharsetDecoder
instanceKlass sun/nio/cs/ArrayDecoder
instanceKlass java/io/Reader
instanceKlass java/lang/Readable
instanceKlass sun/misc/MetaIndex
instanceKlass java/util/StringTokenizer
instanceKlass sun/misc/Launcher$ExtClassLoader$1
instanceKlass java/net/URLClassLoader$7
instanceKlass sun/misc/JavaNetAccess
instanceKlass java/lang/ClassLoader$ParallelLoaders
instanceKlass sun/security/util/Debug
instanceKlass sun/misc/Launcher$Factory
instanceKlass java/net/URLStreamHandlerFactory
instanceKlass java/lang/Compiler$1
instanceKlass java/lang/Compiler
instanceKlass java/lang/System$2
instanceKlass sun/misc/JavaLangAccess
instanceKlass sun/io/Win32ErrorMode
instanceKlass sun/misc/OSEnvironment
instanceKlass sun/misc/NativeSignalHandler
instanceKlass sun/misc/Signal
instanceKlass java/lang/Terminator$1
instanceKlass sun/misc/SignalHandler
instanceKlass java/lang/Terminator
instanceKlass java/lang/ClassLoader$NativeLibrary
instanceKlass java/io/ExpiringCache$Entry
instanceKlass java/lang/ClassLoader$3
instanceKlass java/nio/file/Path
instanceKlass java/nio/file/Watchable
instanceKlass java/lang/Enum
instanceKlass java/io/ExpiringCache
instanceKlass java/io/FileSystem
instanceKlass java/io/DefaultFileSystem
instanceKlass java/lang/Runtime
instanceKlass java/nio/Bits$1
instanceKlass sun/misc/JavaNioAccess
instanceKlass java/nio/ByteOrder
instanceKlass java/nio/Bits
instanceKlass java/nio/charset/CodingErrorAction
instanceKlass java/nio/charset/CharsetEncoder
instanceKlass sun/nio/cs/ArrayEncoder
instanceKlass sun/reflect/ReflectionFactory$1
instanceKlass java/lang/Class$1
instanceKlass sun/nio/cs/HistoricallyNamedCharset
instanceKlass sun/security/action/GetPropertyAction
instanceKlass java/lang/ThreadLocal
instanceKlass java/nio/charset/spi/CharsetProvider
instanceKlass java/nio/charset/Charset
instanceKlass java/io/Writer
instanceKlass java/util/Arrays
instanceKlass sun/reflect/misc/ReflectUtil
instanceKlass java/lang/reflect/ReflectAccess
instanceKlass sun/reflect/LangReflectAccess
instanceKlass java/lang/reflect/Modifier
instanceKlass sun/reflect/annotation/AnnotationType
instanceKlass java/lang/Class$AnnotationData
instanceKlass sun/reflect/generics/repository/AbstractRepository
instanceKlass java/lang/Class$Atomic
instanceKlass java/lang/Class$ReflectionData
instanceKlass java/lang/Class$3
instanceKlass java/util/concurrent/atomic/AtomicReferenceFieldUpdater$AtomicReferenceFieldUpdaterImpl$1
instanceKlass java/security/PrivilegedExceptionAction
instanceKlass java/util/concurrent/atomic/AtomicReferenceFieldUpdater
instanceKlass java/io/OutputStream
instanceKlass java/io/Flushable
instanceKlass java/io/FileDescriptor$1
instanceKlass sun/misc/JavaIOFileDescriptorAccess
instanceKlass java/io/FileDescriptor
instanceKlass sun/misc/Version
instanceKlass java/lang/CharacterData
instanceKlass java/util/Hashtable$Enumerator
instanceKlass java/util/Iterator
instanceKlass java/util/Enumeration
instanceKlass java/util/Objects
instanceKlass java/util/Collections$SynchronizedCollection
instanceKlass java/lang/Math
instanceKlass java/util/Hashtable$Entry
instanceKlass sun/misc/VM
instanceKlass java/util/HashMap$Node
instanceKlass java/util/Map$Entry
instanceKlass sun/reflect/Reflection
instanceKlass sun/misc/SharedSecrets
instanceKlass java/lang/ref/Reference$1
instanceKlass sun/misc/JavaLangRefAccess
instanceKlass java/lang/ref/ReferenceQueue$Lock
instanceKlass java/util/Collections$UnmodifiableCollection
instanceKlass java/util/AbstractMap
instanceKlass java/util/Set
instanceKlass java/util/Collections
instanceKlass java/lang/ref/Reference$Lock
instanceKlass sun/reflect/ReflectionFactory
instanceKlass java/util/AbstractCollection
instanceKlass java/util/RandomAccess
instanceKlass java/util/List
instanceKlass java/util/Collection
instanceKlass java/lang/Iterable
instanceKlass java/security/cert/Certificate
instanceKlass sun/reflect/ReflectionFactory$GetReflectionFactoryAction
instanceKlass java/security/PrivilegedAction
instanceKlass java/security/AccessController
instanceKlass java/security/Permission
instanceKlass java/security/Guard
instanceKlass java/lang/String$CaseInsensitiveComparator
instanceKlass java/util/Comparator
instanceKlass java/io/ObjectStreamField
instanceKlass java/lang/Number
instanceKlass java/lang/Character
instanceKlass java/lang/Boolean
instanceKlass java/nio/Buffer
instanceKlass java/lang/StackTraceElement
instanceKlass java/security/CodeSource
instanceKlass sun/misc/Launcher
instanceKlass java/util/jar/Manifest
instanceKlass java/net/URL
instanceKlass java/io/File
instanceKlass java/io/InputStream
instanceKlass java/io/Closeable
instanceKlass java/lang/AutoCloseable
instanceKlass sun/misc/Unsafe
instanceKlass java/lang/AbstractStringBuilder
instanceKlass java/lang/Appendable
instanceKlass java/lang/invoke/CallSite
instanceKlass java/lang/invoke/MethodType
instanceKlass java/lang/invoke/LambdaForm
instanceKlass java/lang/invoke/MethodHandleNatives
instanceKlass java/lang/invoke/MemberName
instanceKlass java/lang/invoke/MethodHandle
instanceKlass sun/reflect/CallerSensitive
instanceKlass java/lang/annotation/Annotation
instanceKlass sun/reflect/FieldAccessor
instanceKlass sun/reflect/ConstantPool
instanceKlass sun/reflect/ConstructorAccessor
instanceKlass sun/reflect/MethodAccessor
instanceKlass sun/reflect/MagicAccessorImpl
instanceKlass java/lang/reflect/Parameter
instanceKlass java/lang/reflect/Member
instanceKlass java/lang/reflect/AccessibleObject
instanceKlass java/util/Dictionary
instanceKlass java/util/Map
instanceKlass java/lang/ThreadGroup
instanceKlass java/lang/Thread$UncaughtExceptionHandler
instanceKlass java/lang/Thread
instanceKlass java/lang/Runnable
instanceKlass java/lang/ref/ReferenceQueue
instanceKlass java/lang/ref/Reference
instanceKlass java/security/AccessControlContext
instanceKlass java/security/ProtectionDomain
instanceKlass java/lang/SecurityManager
instanceKlass java/lang/Throwable
instanceKlass java/lang/System
instanceKlass java/lang/ClassLoader
instanceKlass java/lang/Cloneable
instanceKlass java/lang/Class
instanceKlass java/lang/reflect/Type
instanceKlass java/lang/reflect/GenericDeclaration
instanceKlass java/lang/reflect/AnnotatedElement
instanceKlass java/lang/String
instanceKlass java/lang/CharSequence
instanceKlass java/lang/Comparable
instanceKlass java/io/Serializable
ciInstanceKlass java/lang/Object 1 1 78 7 10 10 10 10 8 10 10 10 100 8 10 3 8 10 10 7 1 1 1 1 1 1 1 1 1 1 1 1 1 1 1 1 1 7 1 1 1 1 1 1 7 1 1 7 1 1 1 1 12 12 7 12 12 1 12 7 12 12 1 1 12 1 12 12 1 1 1 1 1 1 1 1 1 1 1 1
ciInstanceKlass java/io/Serializable 1 1 7 100 100 1 1 1 1
ciInstanceKlass java/lang/String 1 1 548 10 8 9 9 10 100 10 10 10 10 100 10 10 10 10 10 100 8 10 10 8 10 10 10 10 10 10 10 10 10 10 10 100 10 10 10 10 10 10 10 10 10 7 10 10 10 100 7 10 10 11 11 10 10 9 11 10 10 10 10 7 3 10 10 10 10 10 10 10 10 10 10 10 10 10 10 10 11 10 10 10 10 10 7 10 10 8 10 10 3 3 7 10 10 10 10 10 11 7 10 10 100 10 10 10 11 11 11 7 3 10 10 10 10 8 8 8 10 10 10 10 10 10 10 10 10 10 10 7 10 10 10 10 8 10 10 8 8 10 10 10 10 7 9 7 10 7 100 100 100 1 1 1 1 1 1 1 1 1 5 0 1 1 1 1 1 1 1 1 1 1 1 1 1 1 100 100 1 100 1 100 1 1 1 1 1 1 1 1 7 1 100 1 1 1 1 100 100 100 1 1 1 1 1 1 1 1 1 1 1 1 1 1 1 1 1 1 1 1 1 1 1 1 1 1 1 1 1 100 1 1 1 1 1 1 1 1 1 1 1 1 1 1 1 1 1 1 1 1 1 1 1 1 1 1 1 1 1 1 1 1 1 1 1 1 100 1 1 1 100 100 1 100 1 1 1 100 1 1 1 1 1 1 1 1 1 1 1 1 1 1 1 1 1 1 1 1 1 1 1 1 1 12 1 12 12 7 12 1 12 12 12 12 1 7 12 12 12 12 12 1 1 7 12 1 12 12 12 12 12 12 12 100 12 12 1 12 12 7 12 7 12 12 12 12 1 12 1 1 12 12 12 12 7 12 12 7 12 12 12 12 12 1 12 12 12 12 12 12 12 12 12 12 12 12 12 12 12 12 12 12 7 12 12 1 12 12 1 12 1 12 12 12 12 7 12 1 12 12 1 12 12 100 12 100 12 12 1 12 12 12 7 12 1 1 1 100 12 12 12 12 12 12 12 12 12 12 12 1 12 12 1 12 1 1 7 12 100 12 7 12 12 1 12 1 12 1 1 1 1 1 1 1 1 1 1 1 1 1 1 1 1 1 1 1 1 1 1 1 1 1 1 1 1 1 1 1 1 1 1 1 1 1 1 1 1 1 1 1 1 1 1 1 1 1 1 1 1 1 1 1 1 1 1 1 1 1 1 1 1 1 1 1 1 1 1 1 1 1 1 1 1 1 1 1 1 1 1 1 1 1 1 1 1 1 1 1 1 1 1 1 1 1 1 1 1 1
staticfield java/lang/String serialPersistentFields [Ljava/io/ObjectStreamField; 0 [Ljava/io/ObjectStreamField;
staticfield java/lang/String CASE_INSENSITIVE_ORDER Ljava/util/Comparator; java/lang/String$CaseInsensitiveComparator
ciInstanceKlass java/lang/Class 1 1 1224 9 9 10 10 10 10 9 9 9 9 7 10 10 8 10 8 8 10 10 10 10 10 10 10 10 10 8 10 8 8 10 11 10 10 10 10 10 9 10 100 10 9 7 7 8 10 10 7 10 10 7 7 10 10 10 10 9 10 7 10 100 10 10 10 9 10 10 10 10 10 7 7 10 10 10 10 10 9 10 7 10 10 10 10 10 10 10 10 10 10 10 10 10 10 10 10 10 10 100 8 10 10 100 10 100 11 10 10 10 10 10 10 10 8 10 10 10 8 10 10 10 8 10 8 10 10 10 10 8 10 100 10 10 10 10 100 10 100 10 10 10 10 10 10 10 10 7 10 10 10 10 10 10 10 10 10 10 10 10 10 9 10 9 7 10 9 10 7 10 9 10 10 10 10 10 10 10 8 10 10 9 10 7 9 10 10 7 10 10 10 10 9 10 9 10 10 10 10 9 9 10 9 7 10 7 10 10 11 11 11 7 11 11 9 9 7 7 10 9 9 10 10 9 7 10 10 10 10 10 10 10 10 10 10 10 10 10 10 10 10 10 10 10 10 10 10 10 10 10 8 7 10 8 8 8 8 10 10 9 9 10 7 9 7 10 7 7 10 10 10 8 10 7 10 7 10 100 8 10 7 10 10 11 10 100 10 10 8 8 10 10 9 11 7 11 9 10 10 10 9 9 10 10 10 10 10 11 11 11 11 7 11 10 10 100 11 10 10 10 11 11 7 10 10 9 9 10 10 10 10 7 9 100 100 100 100 1 1 1 1 7 1 1 1 1 1 3 1 3 1 3 1 1 1 1 1 1 1 1 1 1 1 1 1 1 1 1 1 1 1 1 1 1 1 5 0 1 1 1 1 1 1 1 1 1 1 1 1 1 1 1 1 100 1 1 1 1 1 1 1 1 1 1 1 100 100 100 1 100 1 1 1 7 1 1 1 1 100 1 1 1 1 1 1 100 100 100 1 1 1 1 1 1 1 1 1 1 1 1 1 1 1 1 100 1 1 1 100 1 1 1 1 1 1 1 1 1 1 100 1 1 1 1 100 1 1 1 1 1 1 1 1 1 1 100 100 100 100 7 1 1 1 1 1 1 1 1 100 1 1 1 1 1 1 100 1 1 1 1 1 1 1 100 1 1 1 1 1 1 1 1 1 1 1 100 1 1 1 1 1 1 1 1 1 1 1 1 1 1 1 1 1 1 1 100 1 1 1 1 1 1 1 1 1 1 100 1 1 1 1 1 1 1 1 1 1 1 1 1 1 1 1 1 1 100 1 1 100 100 1 1 1 1 1 1 1 1 1 1 100 1 1 1 1 1 1 1 1 1 1 1 1 1 1 1 1 1 1 1 100 1 1 1 1 1 1 1 1 1 1 1 1 1 100 1 1 1 1 1 1 1 1 100 1 100 1 1 1 1 1 1 1 1 1 1 1 1 1 1 1 1 1 1 1 1 1 1 1 100 1 1 100 100 1 1 1 1 1 1 1 1 1 1 1 1 1 1 1 1 1 1 1 1 1 12 12 12 12 12 12 12 12 12 12 1 12 1 12 1 1 12 12 12 12 7 12 12 12 12 1 12 1 1 12 12 7 12 7 12 12 7 12 100 12 7 12 100 12 1 12 12 1 1 1 12 12 1 12 7 12 1 1 12 12 12 12 12 1 100 12 12 12 12 12 12 12 12 7 1 1 12 12 7 12 12 12 12 7 12 1 12 12 12 12 12 12 100 12 12 12 12 12 12 7 12 12 12 1 1 12 1 12 1 12 100 12 12 12 100 12 12 1 12 12 12 1 12 12 12 1 12 1 12 12 12 12 1 12 1 12 12 12 1 12 1 12 12 12 12 12 12 12 12 1 12 12 12 12 12 12 12 12 12 12 12 12 12 12 1 12 12 1 12 12 100 12 12 12 100 12 12 12 12 1 12 12 12 12 1 12 12 12 1 12 12 7 12 7 12 12 12 12 12 12 12 12 12 12 12 12 1 1 12 7 12 12 7 12 1 12 7 12 12 1 1 12 12 12 12 12 12 1 12 12 12 12 12 12 12 12 12 12 12 12 12 12 12 12 12 12 12 12 1 1 7 1 1 1 1 12 12 12 12 12 1 12 1 1 1 1 12 7 1 12 1 12 1 12 1 1 1 12 7 12 12 1 12 1 1 7 12 12 12 12 1 12 12 100 12 7 12 12 12 12 12 12 12 12 12 12 7 12 12 1 1 12 7 12 12 1 100 12 12 12 12 1 12 12 12 100 12 12 100 12 12 12 1 12 1 1 1 1 1 100 1 1 1 1 1 1 1 1 1 1 1 1 1 1 1 1 1 1 1 1 1 1 1 1 1 1 1 1 1 1 1 1 1 1 1 1 1 1 1 1 1 1 1 1 1 1 1 1 1 1 1 1 1 1 1 1 1 1 1 1 1 1 1 1 1 1 1 1 1 1 1 1 1 1 1 1 1 1 1 1 1 1 1 1 1 1 1 1 1 1 1 1 1 1 1 1 1 1 1 1 1 1 1 1 1 1 1 1 1 1 1 1 1 1 1 1 1 1 1 1 1 1 1 1 1 1 1 1 1 1 1 1 1 1 1 1 1 1 1 1 1 1 1 1 1 1 1 1 1 1 1 1 1 1 1 1 1 1 1 1 1 1 1 1 1 1 1 1 1 1 1 1 1 1 1 1 1 1 1 1 1 1 1 1 1 1 1 1 1 1 1 1 1 1 1 1 1 1 1 1 1 1 1 1 1 1 1 1 1
staticfield java/lang/Class serialPersistentFields [Ljava/io/ObjectStreamField; 0 [Ljava/io/ObjectStreamField;
ciInstanceKlass java/lang/Cloneable 1 1 7 100 100 1 1 1 1
instanceKlass com/google/inject/internal/BytecodeGen$BridgeClassLoader
instanceKlass com/mathworks/eps/notificationclient/api/classloader/FilteredClassLoader
instanceKlass com/mathworks/util/jarloader/SimpleClassLoader
instanceKlass com/mathworks/jmi/CustomClassLoader
instanceKlass java/util/ResourceBundle$RBClassLoader
instanceKlass sun/reflect/DelegatingClassLoader
instanceKlass java/security/SecureClassLoader
ciInstanceKlass java/lang/ClassLoader 1 1 865 9 9 9 10 10 10 10 7 10 7 7 7 10 10 9 7 10 9 9 9 9 9 9 10 10 7 10 9 9 7 10 10 9 7 9 7 10 10 10 10 10 10 10 10 10 7 10 10 10 10 10 10 10 10 10 10 10 10 10 10 10 100 10 100 10 10 11 10 10 10 100 7 10 8 10 10 10 8 10 100 8 10 10 10 10 10 10 10 10 10 10 10 10 10 10 10 10 10 10 10 10 10 10 10 10 8 11 9 11 10 8 8 10 10 10 10 10 10 10 10 7 7 10 10 10 7 10 10 10 7 10 10 10 10 10 10 7 10 10 10 7 10 10 10 9 9 100 8 10 10 10 7 10 10 100 10 100 10 100 10 10 10 10 10 9 10 10 7 10 7 10 10 10 10 10 10 10 10 11 11 11 100 10 9 10 10 7 8 10 9 8 10 9 8 7 10 10 7 8 10 10 10 8 8 10 10 10 8 8 10 10 7 10 10 10 9 10 10 7 9 10 10 8 8 10 10 10 8 10 10 10 10 9 10 10 10 100 10 10 10 10 9 9 9 9 9 10 7 7 10 1 1 7 1 1 1 1 1 1 1 1 1 1 1 1 1 1 1 1 1 1 1 1 1 1 1 1 1 1 1 1 1 1 1 1 1 1 1 1 1 1 1 1 1 1 1 1 1 1 1 1 1 1 1 1 1 100 1 1 100 100 1 1 1 1 1 1 100 100 100 100 100 1 1 1 1 1 1 100 100 1 1 1 1 7 1 1 1 1 1 1 1 1 1 1 100 1 1 1 1 1 1 1 1 1 1 1 1 1 1 1 1 100 100 1 1 1 1 1 1 1 1 1 1 1 1 1 1 100 1 1 1 1 1 1 1 1 1 1 1 100 100 1 1 1 1 1 100 100 1 1 1 1 1 100 100 1 1 1 1 1 1 1 1 1 1 1 1 100 1 1 1 1 1 1 1 1 100 1 1 100 1 1 1 1 100 100 1 1 1 1 1 1 1 1 1 1 100 1 100 1 1 1 1 1 1 1 1 1 12 12 12 12 7 12 100 12 12 1 1 1 12 12 12 1 12 12 12 12 12 12 12 12 1 12 12 1 7 12 12 1 12 1 12 12 12 12 12 12 12 12 1 12 7 12 12 12 12 12 12 12 12 12 100 12 7 12 12 12 12 1 12 1 12 7 12 7 12 12 12 12 1 1 1 12 12 1 12 1 1 12 12 12 12 7 12 12 12 12 12 12 100 12 12 12 12 12 12 12 12 12 12 7 12 12 1 7 12 12 12 12 1 1 12 12 12 12 12 12 12 12 1 1 12 12 12 1 12 12 7 12 1 12 12 12 7 12 7 12 1 12 7 12 1 12 12 12 12 12 1 1 12 12 1 12 12 1 12 1 100 1 12 12 12 12 12 100 12 12 12 1 1 12 12 12 12 12 12 12 100 12 1 12 12 12 12 1 1 12 1 12 12 1 1 12 1 1 12 12 1 1 12 12 7 12 1 1 12 1 12 12 12 12 12 1 12 12 1 1 12 1 12 12 12 12 12 12 12 12 1 12 12 12 12 100 12 12 12 12 12 12 1 1 1 1 1 1 1 1 1 1 1 1 1 1 1 1 1 1 1 1 1 1 1 1 1 1 1 1 1 1 1 1 1 1 1 1 1 1 1 1 1 1 1 1 1 1 1 1 1 1 1 1 1 1 1 1 1 1 1 1 1 1 1 1 1 1 1 1 1 1 1 1 1 1 1 1 1 1 1 1 1 1 1 1 1 1 1 1 1 1 1 1 1 1 1 1 1 1 1 1 1 1 1 1 1 1 1 1 1 1 1 1 1 1 1 1 1 1 1 1 1 1 1 1 1 1 1 1 1 1 1 1 1 1 1 1 1 1 1 1 1 1 1 1 1 1 1 1 1 1 1 1 1 1 1 1 1 1 1 1 1 1 1
staticfield java/lang/ClassLoader nocerts [Ljava/security/cert/Certificate; 0 [Ljava/security/cert/Certificate;
ciInstanceKlass java/lang/System 1 1 375 10 10 10 10 10 9 7 10 11 10 10 10 100 8 10 10 8 10 100 10 8 10 10 100 10 10 9 10 9 9 7 10 10 10 10 10 10 100 100 8 10 10 7 10 100 8 10 8 10 100 8 10 100 10 8 10 10 10 8 10 10 10 10 10 10 10 10 10 7 7 10 10 100 10 10 8 10 7 9 10 7 9 10 9 7 10 8 10 8 8 10 10 10 10 10 10 10 10 7 10 10 10 9 9 9 100 1 1 1 1 1 1 1 1 1 1 1 1 1 1 1 1 1 1 1 1 1 1 1 1 1 1 1 100 100 1 1 1 7 1 100 1 1 1 1 1 100 1 1 1 1 1 1 1 1 1 1 1 1 1 1 1 1 1 1 1 1 1 1 1 1 1 1 1 1 1 1 1 1 1 1 1 1 1 1 1 1 1 1 1 100 1 1 1 1 1 12 12 12 12 12 12 1 7 12 100 12 100 12 12 12 1 1 12 100 12 1 12 1 12 12 100 12 1 12 100 12 12 12 12 12 1 12 12 12 12 12 1 1 1 12 12 1 12 1 1 1 12 1 1 1 1 12 12 7 12 1 12 7 12 12 12 12 12 7 12 12 12 1 1 12 12 1 12 7 12 1 7 12 1 7 12 12 1 12 12 1 12 1 12 1 1 12 7 12 12 7 12 12 7 12 12 12 1 12 12 12 12 12 1 1 1 1 1 1 1 1 1 1 1 1 1 1 1 1 1 1 1 1 1 1 1 1 1 1 1 1 1 1 1 1 1 1 1 1 1 1 1 1 1 1 1 1 1 1 1 1 1 1 1 1 1 1 1 1 1 1 1 1 1 1 1 1 1
staticfield java/lang/System in Ljava/io/InputStream; java/io/BufferedInputStream
staticfield java/lang/System out Ljava/io/PrintStream; java/io/PrintStream
staticfield java/lang/System err Ljava/io/PrintStream; java/io/PrintStream
instanceKlass java/lang/Exception
instanceKlass java/lang/Error
ciInstanceKlass java/lang/Throwable 1 1 340 10 9 9 9 9 9 10 9 10 10 100 7 10 8 10 8 10 10 10 100 8 10 10 10 10 8 9 10 100 10 10 100 10 10 11 10 10 10 8 10 10 7 8 8 10 10 8 8 9 10 100 10 11 8 8 10 8 10 8 100 10 9 10 10 7 10 7 10 10 100 8 10 10 11 7 10 11 11 11 8 8 10 11 10 9 8 10 9 10 9 11 100 10 10 7 100 100 1 1 1 100 1 100 1 1 1 1 5 0 1 1 1 1 1 1 1 1 1 1 1 1 1 1 1 1 1 1 1 1 1 1 1 1 1 1 1 1 1 1 100 100 1 1 1 1 1 1 1 1 1 1 1 1 100 100 100 1 1 1 1 1 1 1 1 1 1 1 1 1 1 1 1 1 100 100 1 100 100 1 1 1 1 1 1 1 1 12 12 12 12 12 12 12 12 12 12 1 1 1 12 1 100 12 12 1 1 12 7 12 12 1 100 12 12 1 12 12 1 7 12 100 12 12 12 12 1 12 12 1 1 1 12 12 1 1 12 100 12 1 12 1 1 12 1 12 1 1 12 12 12 7 12 12 1 12 100 1 1 12 100 12 100 12 1 12 12 100 12 12 1 1 100 12 1 100 12 100 12 12 12 12 12 1 1 1 1 1 1 1 1 1 1 1 1 1 1 1 1 1 1 1 1 1 1 1 1 1 1 1 1 1 1 1 1 1 1 1 1 1 1 1 1 1 1 1 1 1 1 1 1 1 1 1 1 1 1 1 1 1
staticfield java/lang/Throwable UNASSIGNED_STACK [Ljava/lang/StackTraceElement; 0 [Ljava/lang/StackTraceElement;
staticfield java/lang/Throwable SUPPRESSED_SENTINEL Ljava/util/List; java/util/Collections$UnmodifiableRandomAccessList
staticfield java/lang/Throwable EMPTY_THROWABLE_ARRAY [Ljava/lang/Throwable; 0 [Ljava/lang/Throwable;
staticfield java/lang/Throwable $assertionsDisabled Z 1
instanceKlass javax/xml/transform/TransformerFactoryConfigurationError
instanceKlass org/apache/xerces/impl/dv/ObjectFactory$ConfigurationError
instanceKlass org/apache/xerces/parsers/ObjectFactory$ConfigurationError
instanceKlass java/awt/AWTError
instanceKlass com/google/common/util/concurrent/ExecutionError
instanceKlass java/lang/AssertionError
instanceKlass java/lang/VirtualMachineError
instanceKlass java/lang/LinkageError
instanceKlass java/lang/ThreadDeath
ciInstanceKlass java/lang/Error 1 1 30 10 10 10 10 10 100 7 1 1 1 5 0 1 1 1 1 1 1 1 1 1 1 12 12 12 12 12 1 1
ciInstanceKlass java/lang/ThreadDeath 0 0 18 10 100 100 1 1 1 5 0 1 1 1 1 1 1 12 1 1
instanceKlass com/mathworks/hg/util/HGGetframeOutputHelper$RasterSizeException
instanceKlass org/apache/commons/codec/EncoderException
instanceKlass org/apache/commons/codec/DecoderException
instanceKlass java/awt/geom/NoninvertibleTransformException
instanceKlass com/mathworks/hg/util/OutputHelperProcessingException
instanceKlass org/netbeans/editor/InvalidMarkException
instanceKlass org/apache/xerces/impl/xpath/XPathException
instanceKlass org/apache/xerces/impl/xs/traversers/XSDComplexTypeTraverser$ComplexTypeRecoverableError
instanceKlass org/apache/xerces/impl/xs/XMLSchemaException
instanceKlass com/mathworks/mlwidgets/html/HtmlComponentCreationException
instanceKlass com/mathworks/addons_common/exceptions/InstalledAddonConversionException
instanceKlass org/eclipse/jgit/errors/InvalidPatternException
instanceKlass org/apache/http/HttpException
instanceKlass com/mathworks/install/XMLParseException
instanceKlass com/mathworks/install/InvalidInstallationFolderException
instanceKlass org/eclipse/jgit/errors/ConfigInvalidException
instanceKlass net/sf/saxon/om/QNameException
instanceKlass com/mathworks/install/exception/InstallerRequirementNotSatisfiedException
instanceKlass org/eclipse/jgit/errors/BinaryBlobException
instanceKlass org/eclipse/jgit/errors/CommandFailedException
instanceKlass javax/xml/xpath/XPathException
instanceKlass org/eclipse/jgit/api/errors/GitAPIException
instanceKlass com/google/common/collect/RegularImmutableMap$BucketOverflowException
instanceKlass com/mathworks/eps/notificationclient/api/exception/NotificationClientException
instanceKlass com/google/inject/internal/ErrorsException
instanceKlass org/jdom2/JDOMException
instanceKlass javax/xml/stream/XMLStreamException
instanceKlass com/mathworks/instutil/JNIException
instanceKlass com/mathworks/installservicehandler/exception/InstallServiceBadConfigurationException
instanceKlass com/mathworks/addons_common/exceptions/MultipleVersionsFoundException
instanceKlass com/mathworks/addons_common/exceptions/IdentifierNotFoundException
instanceKlass com/mathworks/addons_common/exceptions/AddOnNotFoundException
instanceKlass org/tmatesoft/svn/core/SVNException
instanceKlass com/mathworks/jmi/AWTUtilities$ConversionException
instanceKlass com/mathworks/jmi/AWTUtilities$TimeoutException
instanceKlass com/mathworks/jmi/AWTUtilities$TimeoutRangeException
instanceKlass java/awt/AWTException
instanceKlass com/mathworks/mde/liveeditor/widget/rtc/export/FileUtils$EncodingException
instanceKlass com/mathworks/widgets/editor/LiveCodeUtils$MFileTypeUnsupportedException
instanceKlass com/mathworks/widgets/desk/DTUnableToOpenException
instanceKlass javax/xml/bind/JAXBException
instanceKlass com/mathworks/cmlink/api/ConfigurationManagementException
instanceKlass com/mathworks/widgets/ToolTipSourceParentIsNullException
instanceKlass javax/swing/tree/ExpandVetoException
instanceKlass sun/nio/fs/WindowsException
instanceKlass com/mathworks/apache/commons/cli/ParseException
instanceKlass com/mathworks/services/lmgr/JNIException
instanceKlass com/mathworks/html/BrowserCreationException
instanceKlass org/apache/xerces/impl/dv/DatatypeException
instanceKlass org/xml/sax/SAXException
instanceKlass com/mathworks/mwswing/binding/ReadWriteException
instanceKlass java/beans/PropertyVetoException
instanceKlass com/mathworks/hg/peer/LightWeightManager$InvalidConfigurationException
instanceKlass java/util/TooManyListenersException
instanceKlass java/awt/datatransfer/UnsupportedFlavorException
instanceKlass com/mathworks/mlwidgets/explorer/model/navigation/InvalidLocationException
instanceKlass java/text/ParseException
instanceKlass com/mathworks/jmi/MatlabException
instanceKlass java/util/concurrent/BrokenBarrierException
instanceKlass java/util/zip/DataFormatException
instanceKlass javax/xml/transform/TransformerException
instanceKlass javax/xml/parsers/ParserConfigurationException
instanceKlass java/awt/FontFormatException
instanceKlass javax/swing/UnsupportedLookAndFeelException
instanceKlass java/util/concurrent/ExecutionException
instanceKlass javax/management/JMException
instanceKlass javax/naming/NamingException
instanceKlass java/net/URISyntaxException
instanceKlass java/lang/CloneNotSupportedException
instanceKlass com/mathworks/capabilities/UnsatisfiedCapabilityException
instanceKlass java/util/concurrent/TimeoutException
instanceKlass java/security/GeneralSecurityException
instanceKlass javax/swing/text/BadLocationException
instanceKlass com/mathworks/services/settings/SettingException
instanceKlass java/beans/IntrospectionException
instanceKlass com/mathworks/util/MatlabThreadException
instanceKlass java/security/PrivilegedActionException
instanceKlass java/io/IOException
instanceKlass java/lang/InterruptedException
instanceKlass java/lang/ReflectiveOperationException
instanceKlass java/lang/RuntimeException
ciInstanceKlass java/lang/Exception 1 1 30 10 10 10 10 10 100 7 1 1 1 5 0 1 1 1 1 1 1 1 1 1 1 12 12 12 12 12 1 1
instanceKlass java/lang/NegativeArraySizeException
instanceKlass sun/awt/SunToolkit$InfiniteLoop
instanceKlass sun/awt/SunToolkit$OperationTimedOut
instanceKlass com/jogamp/nativewindow/NativeWindowException
instanceKlass com/jogamp/common/JogampRuntimeException
instanceKlass com/jogamp/opengl/GLException
instanceKlass javax/swing/undo/CannotRedoException
instanceKlass javax/swing/undo/CannotUndoException
instanceKlass org/apache/xerces/impl/xpath/regex/ParseException
instanceKlass org/apache/xerces/impl/dv/xs/SchemaDateTimeException
instanceKlass org/eclipse/jgit/util/sha1/Sha1CollisionException
instanceKlass org/eclipse/jgit/errors/StopWalkException
instanceKlass org/apache/commons/logging/LogConfigurationException
instanceKlass java/security/ProviderException
instanceKlass org/eclipse/jgit/errors/LargeObjectException
instanceKlass org/eclipse/jgit/errors/RevWalkException
instanceKlass com/google/inject/internal/cglib/core/$ClassNameReader$EarlyExitException
instanceKlass org/apache/http/ParseException
instanceKlass com/google/inject/internal/cglib/core/$CodeGenerationException
instanceKlass com/google/gson/JsonParseException
instanceKlass net/sf/saxon/om/NamePool$NamePoolLimitException
instanceKlass org/eclipse/jgit/api/errors/JGitInternalException
instanceKlass com/google/inject/ProvisionException
instanceKlass com/google/inject/ConfigurationException
instanceKlass com/google/inject/CreationException
instanceKlass com/mathworks/instutil/NoParentException
instanceKlass com/mathworks/installservicehandler/exception/InstallServiceHandlerInternalException
instanceKlass com/mathworks/supportsoftwareinstaller/api/SsiException
instanceKlass org/eclipse/jgit/errors/UnsupportedCredentialItem
instanceKlass org/apache/commons/lang/exception/NestableRuntimeException
instanceKlass com/jidesoft/grid/EditingNotStoppedException
instanceKlass com/mathworks/mladdonpackaging/AddonPackageException
instanceKlass com/mathworks/comparisons/main/NoSuitableComparisonTypeException
instanceKlass com/jgoodies/forms/layout/FormSpecParser$FormLayoutParseException
instanceKlass org/w3c/dom/events/EventException
instanceKlass org/w3c/dom/DOMException
instanceKlass org/apache/xerces/parsers/AbstractDOMParser$Abort
instanceKlass com/mathworks/desktop/attr/AttributeParseException
instanceKlass com/mathworks/mvm/eventmgr/InvalidEventTypeException
instanceKlass org/apache/xerces/impl/dv/DVFactoryException
instanceKlass org/apache/xerces/xni/XNIException
instanceKlass com/google/gson/JsonParseException
instanceKlass com/mathworks/util/ShutdownRuntimeException
instanceKlass java/util/MissingResourceException
instanceKlass com/google/common/util/concurrent/UncheckedExecutionException
instanceKlass com/google/common/cache/CacheLoader$InvalidCacheLoadException
instanceKlass java/time/DateTimeException
instanceKlass java/util/ConcurrentModificationException
instanceKlass org/apache/logging/log4j/core/config/ConfigurationException
instanceKlass java/util/NoSuchElementException
instanceKlass org/apache/logging/log4j/LoggingException
instanceKlass java/util/concurrent/RejectedExecutionException
instanceKlass com/mathworks/mvm/MvmTerminatedException
instanceKlass com/mathworks/services/settings/SettingLevelRuntimeException
instanceKlass com/mathworks/services/settings/SettingNameRuntimeException
instanceKlass java/lang/UnsupportedOperationException
instanceKlass com/mathworks/services/settings/SettingUnsupportedTypeRuntimeException
instanceKlass java/lang/IllegalStateException
instanceKlass java/lang/invoke/WrongMethodTypeException
instanceKlass java/lang/reflect/UndeclaredThrowableException
instanceKlass java/lang/IndexOutOfBoundsException
instanceKlass java/lang/SecurityException
instanceKlass com/mathworks/util/AggregateException
instanceKlass java/lang/IllegalArgumentException
instanceKlass java/lang/ArithmeticException
instanceKlass java/lang/NullPointerException
instanceKlass java/lang/IllegalMonitorStateException
instanceKlass java/lang/ArrayStoreException
instanceKlass java/lang/ClassCastException
ciInstanceKlass java/lang/RuntimeException 1 1 30 10 10 10 10 10 100 7 1 1 1 5 0 1 1 1 1 1 1 1 1 1 1 12 12 12 12 12 1 1
instanceKlass javax/crypto/JceSecurityManager
ciInstanceKlass java/lang/SecurityManager 1 1 383 9 10 100 9 10 9 7 10 100 8 10 10 10 10 10 10 10 10 10 100 10 10 9 10 10 10 100 8 10 9 9 8 9 100 10 8 10 10 10 100 10 10 100 100 8 10 8 8 8 8 8 8 10 8 8 8 8 8 10 10 8 100 8 10 8 8 8 8 8 10 8 100 8 8 10 8 9 8 9 9 8 10 100 8 10 10 100 10 10 10 8 9 9 100 10 10 10 9 8 8 9 9 100 10 9 8 8 8 10 10 9 100 10 10 7 1 1 1 1 1 1 1 1 1 1 1 1 1 1 1 1 1 1 1 1 1 1 100 1 1 1 100 100 100 1 1 1 1 100 1 1 1 100 1 1 1 1 1 1 1 1 1 1 1 1 1 1 1 1 1 1 100 1 1 1 1 1 1 1 100 1 1 1 1 1 1 1 1 1 1 1 1 1 100 1 1 1 1 1 100 1 1 1 1 1 100 100 1 1 1 1 1 100 1 1 1 1 1 1 1 1 12 12 1 12 12 12 1 7 12 1 1 12 12 12 12 12 12 12 100 12 1 12 7 12 12 7 12 1 1 12 12 1 12 1 1 12 12 12 1 12 1 1 1 12 1 1 1 1 1 1 12 1 1 1 1 1 12 12 1 1 1 1 1 1 1 1 100 12 1 1 1 1 1 100 12 1 12 12 1 12 1 1 12 1 12 12 12 1 12 12 1 12 12 12 12 1 1 12 12 1 12 1 1 1 12 100 12 12 1 12 1 1 1 1 1 1 1 1 1 1 1 1 1 1 1 1 1 1 1 1 1 1 1 1 1 1 1 1 1 1 1 1 1 1 1 1 1 1 1 1 1 1 1 1 1 1 1 1 1 1 1
staticfield java/lang/SecurityManager packageAccessLock Ljava/lang/Object; java/lang/Object
staticfield java/lang/SecurityManager packageDefinitionLock Ljava/lang/Object; java/lang/Object
ciInstanceKlass java/security/ProtectionDomain 1 1 287 9 10 9 7 10 9 9 9 10 7 9 9 7 9 10 100 10 10 10 10 9 10 8 100 8 10 10 10 10 10 8 11 8 10 8 8 10 10 10 10 8 10 8 8 10 9 10 9 10 100 100 10 10 7 10 100 10 10 11 11 11 100 10 10 11 11 10 10 11 10 7 10 10 8 10 7 10 10 7 7 1 1 1 1 1 1 1 1 1 1 1 1 1 1 1 1 1 1 1 1 1 1 1 100 100 100 1 100 1 1 1 1 1 1 1 1 1 1 1 1 1 1 100 100 1 100 100 1 100 100 100 100 100 100 100 1 1 1 1 1 1 12 12 12 1 12 12 12 12 12 1 12 12 1 12 100 12 100 100 12 12 12 100 12 1 1 1 12 12 100 12 12 1 1 12 1 1 12 12 12 12 1 12 1 1 100 12 12 12 12 100 12 1 1 100 12 1 1 12 12 100 12 12 100 12 1 12 12 12 12 100 12 12 12 1 12 7 12 1 7 12 1 12 1 1 1 1 1 1 1 1 1 1 1 1 1 1 1 1 1 1 1 1 1 1 1 1 1 1 1 1 1 1 1 1 1 1 1 1 1 1 1 1 1 1 1 1 1 1 1 1 1 1 1 1 1 1 1 1 1 1 1 1 1 1 1
staticfield java/security/ProtectionDomain debug Lsun/security/util/Debug; null
ciInstanceKlass java/security/AccessControlContext 1 1 313 9 9 10 8 10 10 9 9 9 10 7 100 10 11 11 11 11 7 11 10 10 9 10 11 10 7 100 8 10 10 7 9 9 9 9 9 9 9 10 9 10 10 8 10 10 10 100 10 10 10 10 8 10 8 10 8 8 10 8 10 8 10 10 10 8 8 100 10 10 100 10 8 10 10 10 8 10 10 10 7 10 10 10 10 10 10 10 10 7 1 1 1 1 1 1 1 1 1 1 1 1 1 1 1 1 1 1 1 1 1 1 1 1 1 1 100 100 1 1 100 1 100 100 1 1 1 1 1 1 1 1 100 1 1 1 100 1 1 100 1 1 1 1 1 1 1 1 1 1 1 1 1 1 1 1 1 1 1 1 1 1 1 12 12 100 12 1 100 12 12 12 12 12 7 12 1 12 100 12 12 12 12 1 12 12 7 12 100 12 100 12 100 12 1 1 1 12 12 1 12 12 12 12 12 12 12 7 12 12 12 12 1 12 12 100 12 1 12 100 12 1 100 12 1 100 12 1 1 12 1 12 1 12 12 12 1 1 1 12 12 1 12 1 12 1 12 12 12 1 12 12 12 12 12 12 1 1 1 1 1 1 1 1 1 1 1 1 1 1 1 1 1 1 1 1 1 1 1 1 1 1 1 1 1 1 1 1 1 1 1 1 1 1 1 1 1 1 1 1 1 1 1 1 1 1 1 1 1 1 1 1 1
instanceKlass sun/reflect/misc/MethodUtil
instanceKlass java/net/URLClassLoader
ciInstanceKlass java/security/SecureClassLoader 1 1 134 10 7 10 9 10 10 9 10 10 10 10 10 7 10 10 7 10 10 10 9 100 10 8 10 10 10 10 8 100 8 10 8 10 10 7 7 1 1 1 1 1 1 1 1 1 1 1 1 1 100 100 100 1 1 1 1 1 1 1 1 1 1 100 100 100 1 1 1 1 12 1 12 12 7 12 100 12 12 12 12 12 12 12 1 12 1 12 12 12 12 1 1 12 12 12 7 12 1 1 1 12 1 12 12 1 1 1 1 1 1 1 1 1 1 1 1 1 1 1 1 1 1 1 1 1 1 1 1 1 1 1 1 1
staticfield java/security/SecureClassLoader debug Lsun/security/util/Debug; null
instanceKlass java/lang/InstantiationException
instanceKlass java/lang/NoSuchMethodException
instanceKlass java/lang/IllegalAccessException
instanceKlass java/lang/NoSuchFieldException
instanceKlass java/lang/reflect/InvocationTargetException
instanceKlass java/lang/ClassNotFoundException
ciInstanceKlass java/lang/ReflectiveOperationException 1 1 27 10 10 10 10 100 7 1 1 1 5 0 1 1 1 1 1 1 1 1 1 12 12 12 12 1 1
ciInstanceKlass java/lang/ClassNotFoundException 1 1 32 100 10 10 9 100 7 1 1 1 5 0 1 1 1 1 1 1 1 1 1 1 1 1 1 1 12 12 12 1 1 1
instanceKlass java/lang/ClassFormatError
instanceKlass java/lang/UnsatisfiedLinkError
instanceKlass java/lang/ExceptionInInitializerError
instanceKlass java/lang/IncompatibleClassChangeError
instanceKlass java/lang/BootstrapMethodError
instanceKlass java/lang/NoClassDefFoundError
ciInstanceKlass java/lang/LinkageError 1 1 24 10 10 10 100 7 1 1 1 5 0 1 1 1 1 1 1 1 1 12 12 12 1 1
ciInstanceKlass java/lang/NoClassDefFoundError 0 0 21 10 10 100 100 1 1 1 5 0 1 1 1 1 1 1 1 12 12 1 1
ciInstanceKlass java/lang/ClassCastException 1 1 21 10 10 100 100 1 1 1 5 0 1 1 1 1 1 1 1 12 12 1 1
ciInstanceKlass java/lang/ArrayStoreException 1 1 21 10 10 100 100 1 1 1 5 0 1 1 1 1 1 1 1 12 12 1 1
instanceKlass java/lang/InternalError
instanceKlass java/lang/StackOverflowError
instanceKlass java/lang/OutOfMemoryError
ciInstanceKlass java/lang/VirtualMachineError 1 1 27 10 10 10 10 100 100 1 1 1 5 0 1 1 1 1 1 1 1 1 1 12 12 12 12 1 1
ciInstanceKlass java/lang/OutOfMemoryError 1 1 21 10 10 100 100 1 1 1 5 0 1 1 1 1 1 1 1 12 12 1 1
ciInstanceKlass java/lang/StackOverflowError 1 1 21 10 10 100 100 1 1 1 5 0 1 1 1 1 1 1 1 12 12 1 1
ciInstanceKlass java/lang/IllegalMonitorStateException 1 1 21 10 10 100 100 1 1 1 5 0 1 1 1 1 1 1 1 12 12 1 1
instanceKlass java/lang/ref/PhantomReference
instanceKlass java/lang/ref/FinalReference
instanceKlass java/lang/ref/WeakReference
instanceKlass java/lang/ref/SoftReference
ciInstanceKlass java/lang/ref/Reference 1 1 141 9 9 7 9 10 100 10 100 10 9 9 10 9 9 10 10 7 10 10 10 10 7 8 10 7 10 10 10 7 10 10 7 7 1 1 1 1 1 1 1 1 1 1 1 1 1 1 1 1 1 1 1 1 1 1 1 100 100 100 100 100 100 100 1 1 1 1 1 1 1 1 1 1 1 1 1 1 100 1 1 1 12 12 1 12 12 1 12 1 12 12 7 12 12 12 12 12 12 1 12 12 12 7 12 1 1 12 1 12 12 12 1 7 12 1 1 1 1 1 1 1 1 1 1 1 1 1 1 1 1 1 1 1 1 1 1 1 1 1 1
instanceKlass sun/security/util/MemoryCache$SoftCacheEntry
instanceKlass sun/font/FontDesignMetrics$KeyReference
instanceKlass sun/font/StrikeCache$SoftDisposerRef
instanceKlass com/google/common/cache/LocalCache$SoftValueReference
instanceKlass sun/misc/SoftCache$ValueCell
instanceKlass sun/util/locale/provider/LocaleResources$ResourceReference
instanceKlass java/util/ResourceBundle$BundleReference
instanceKlass java/lang/invoke/LambdaFormEditor$Transform
instanceKlass sun/util/locale/LocaleObjectCache$CacheEntry
ciInstanceKlass java/lang/ref/SoftReference 1 1 35 10 9 9 10 10 7 7 1 1 1 1 1 1 1 1 1 1 1 1 1 1 100 1 1 1 1 12 12 12 12 12 1 1 1
instanceKlass java/io/ObjectStreamClass$FieldReflectorKey
instanceKlass java/io/ObjectStreamClass$WeakClassKey
instanceKlass sun/font/StrikeCache$WeakDisposerRef
instanceKlass com/google/common/collect/MapMakerInternalMap$AbstractWeakKeyEntry
instanceKlass org/apache/commons/logging/impl/WeakHashtable$WeakKey
instanceKlass com/google/common/cache/LocalCache$WeakEntry
instanceKlass com/jidesoft/plaf/ExtWindowsDesktopProperty$WeakPCL
instanceKlass com/sun/jna/CallbackReference
instanceKlass com/mathworks/widgets/desk/DTPropertyBridge$WeakLink
instanceKlass javax/swing/text/DefaultStyledDocument$AbstractChangeHandler$DocReference
instanceKlass javax/swing/text/GapContent$MarkData
instanceKlass com/mathworks/mwswing/WeakPropertyChangeCoupler$ProxyListener
instanceKlass javax/swing/ActionPropertyChangeListener$OwnedWeakReference
instanceKlass java/beans/WeakIdentityMap$Entry
instanceKlass com/jidesoft/plaf/WindowsDesktopProperty$WeakPCL
instanceKlass com/sun/java/swing/plaf/windows/DesktopProperty$WeakPCL
instanceKlass sun/awt/image/ImageWatched$AccWeakReference
instanceKlass com/sun/jmx/mbeanserver/WeakIdentityHashMap$IdentityWeakReference
instanceKlass java/util/logging/LogManager$LoggerWeakRef
instanceKlass java/lang/invoke/MethodType$ConcurrentWeakInternSet$WeakEntry
instanceKlass java/util/ResourceBundle$LoaderReference
instanceKlass java/lang/reflect/WeakCache$CacheValue
instanceKlass java/lang/reflect/Proxy$Key1
instanceKlass java/lang/reflect/WeakCache$CacheKey
instanceKlass java/lang/ThreadLocal$ThreadLocalMap$Entry
instanceKlass java/lang/ClassValue$Entry
instanceKlass java/util/WeakHashMap$Entry
ciInstanceKlass java/lang/ref/WeakReference 1 1 20 10 10 100 7 1 1 1 1 1 1 1 1 1 1 1 12 12 1 1
instanceKlass java/lang/ref/Finalizer
ciInstanceKlass java/lang/ref/FinalReference 1 1 16 10 100 7 1 1 1 1 1 1 1 1 1 12 1 1
instanceKlass sun/misc/Cleaner
ciInstanceKlass java/lang/ref/PhantomReference 1 1 19 10 100 7 1 1 1 1 1 1 1 1 1 1 1 1 12 1 1
ciInstanceKlass sun/misc/Cleaner 1 1 75 9 9 9 9 10 9 7 10 10 10 11 100 100 10 10 7 10 7 1 1 1 1 1 1 1 1 1 1 1 1 1 1 1 1 1 1 1 1 1 1 1 1 100 1 1 1 1 12 12 12 12 12 12 1 12 12 12 7 12 1 1 12 100 12 1 12 1 1 1 1 1 1 1 1
staticfield sun/misc/Cleaner dummyQueue Ljava/lang/ref/ReferenceQueue; java/lang/ref/ReferenceQueue
ciInstanceKlass java/lang/ref/Finalizer 1 1 153 9 9 9 10 9 9 10 10 7 10 10 10 10 7 11 100 10 100 10 10 10 100 10 10 100 10 7 10 7 10 10 10 10 7 10 7 10 10 10 7 1 1 1 1 1 1 1 1 1 1 1 1 1 1 1 1 1 1 1 100 100 1 1 1 1 1 1 1 1 1 1 1 1 1 1 1 1 1 1 1 1 1 1 1 1 100 1 1 1 12 12 12 12 12 12 12 12 1 12 12 12 12 1 7 12 1 12 1 12 100 12 100 12 1 12 12 1 1 1 12 12 7 12 1 12 1 12 12 12 1 1 1 1 1 1 1 1 1 1 1 1 1 1 1 1 1 1 1 1 1 1 1
staticfield java/lang/ref/Finalizer lock Ljava/lang/Object; java/lang/Object
instanceKlass java/lang/ref/ReferenceQueue$Null
ciInstanceKlass java/lang/ref/ReferenceQueue 1 1 133 10 7 10 9 9 9 9 9 9 9 100 10 9 7 10 10 10 100 8 10 10 10 5 0 10 11 7 10 7 10 7 100 1 1 1 1 1 1 1 1 1 1 1 1 1 1 1 1 1 1 1 1 1 1 1 1 100 100 100 100 1 1 1 1 1 1 1 1 100 1 1 1 1 1 1 1 1 12 1 12 12 12 12 7 12 12 12 12 1 12 1 7 12 12 12 1 1 12 100 12 12 12 100 12 1 7 12 1 1 1 1 1 1 1 1 1 1 1 1 1 1 1 1 1 1 1 1 1 1 1 1 1
staticfield java/lang/ref/ReferenceQueue $assertionsDisabled Z 1
instanceKlass sun/security/ssl/SSLSocketImpl$NotifyHandshakeThread
instanceKlass com/mathworks/eps/notificationclient/impl/executors/ExecutorServiceGroup$1
instanceKlass com/mathworks/services/editordataservice/EditorNode$1$1
instanceKlass com/mathworks/mlwidgets/configeditor/plugin/ConfigurationPluginManager$1
instanceKlass java/awt/EventDispatchThread
instanceKlass com/mathworks/matlabserver/connector/impl/ConnectorImpl$1
instanceKlass sun/awt/image/ImageFetcher
instanceKlass org/apache/logging/log4j/core/util/Log4jThread
instanceKlass java/util/logging/LogManager$Cleaner
instanceKlass java/util/TimerThread
instanceKlass java/lang/ref/Finalizer$FinalizerThread
instanceKlass java/lang/ref/Reference$ReferenceHandler
ciInstanceKlass java/lang/Thread 1 1 550 9 9 9 9 100 8 10 3 8 3 10 10 100 8 10 9 10 10 10 10 10 10 10 9 10 10 9 10 9 10 9 10 9 10 9 9 10 9 10 9 10 9 100 10 10 9 9 9 7 7 10 8 10 10 10 10 10 100 10 10 10 10 100 11 10 9 10 9 10 100 10 10 100 10 10 11 10 100 10 10 10 7 10 10 10 10 10 10 10 10 10 10 7 8 10 10 10 8 10 8 10 8 8 10 10 7 8 10 9 9 10 10 10 9 10 100 10 11 9 9 10 100 10 11 100 10 10 11 10 100 10 10 10 8 9 10 11 10 11 10 7 8 7 1 1 100 1 100 1 100 1 1 1 1 1 1 1 1 1 1 1 1 1 1 1 1 1 1 1 1 1 1 1 100 1 1 1 1 1 1 1 1 1 1 1 1 1 1 1 3 1 3 1 3 1 1 1 1 1 1 1 1 1 1 1 1 1 1 1 1 1 1 1 1 1 1 1 1 1 100 100 100 100 1 1 1 1 1 1 7 1 1 1 1 100 100 100 100 100 1 1 1 1 1 1 1 1 1 1 1 1 1 1 1 1 1 1 1 1 1 1 1 1 1 1 1 1 1 1 1 1 1 1 1 1 1 1 1 1 1 1 1 1 1 1 1 1 1 1 1 1 1 1 1 100 100 1 1 100 100 1 1 1 1 100 100 1 1 1 1 1 1 1 1 1 1 1 1 1 1 100 1 1 1 1 100 1 1 1 1 1 1 1 1 1 1 1 12 12 12 12 1 1 12 1 12 12 1 1 12 12 7 12 100 12 7 12 12 12 12 12 12 12 12 12 12 12 12 12 7 12 12 12 12 12 7 12 12 12 12 1 12 12 12 12 1 1 1 12 12 12 12 12 1 12 12 12 1 12 12 12 100 12 12 1 12 1 12 100 12 12 1 12 12 1 12 12 12 12 12 12 12 12 12 1 1 12 12 1 12 1 1 1 100 12 100 12 1 12 12 12 12 12 12 1 12 100 12 12 12 12 1 12 100 12 1 12 12 12 12 1 12 12 7 12 12 12 12 100 12 12 12 1 1 1 1 1 1 1 1 1 1 1 1 1 1 1 1 1 1 1 1 1 1 1 1 1 1 1 1 1 1 1 1 1 1 1 1 1 1 1 1 1 1 1 1 1 1 1 1 1 1 1 1 1 1 1 1 1 1 1 1 1 1 1 1 1 1 1 1 1 1 1 1 1 1 1 1 1
staticfield java/lang/Thread EMPTY_STACK_TRACE [Ljava/lang/StackTraceElement; 0 [Ljava/lang/StackTraceElement;
staticfield java/lang/Thread SUBCLASS_IMPLEMENTATION_PERMISSION Ljava/lang/RuntimePermission; java/lang/RuntimePermission
ciInstanceKlass java/lang/ThreadGroup 1 1 275 10 9 8 9 7 9 9 10 10 10 10 10 9 9 10 10 9 10 9 9 10 100 10 10 10 9 10 10 9 10 10 10 10 10 10 10 10 10 10 10 100 10 10 10 7 10 7 10 9 10 8 10 10 10 10 11 100 9 100 10 8 10 10 8 10 10 10 10 10 8 10 8 10 8 7 100 1 1 1 1 1 1 1 1 1 1 1 1 1 1 1 1 1 1 1 1 1 1 1 1 1 1 1 1 1 1 1 1 1 1 1 1 1 1 1 1 100 100 100 1 1 1 100 1 1 1 1 1 1 1 1 1 1 1 1 1 1 1 1 1 100 1 1 1 1 1 1 1 1 1 1 1 100 1 1 100 1 1 1 1 12 12 1 12 1 12 12 12 12 12 12 12 12 12 12 12 12 100 12 12 12 7 12 12 7 12 100 12 12 12 12 12 12 12 12 12 12 12 12 12 12 1 12 12 1 12 12 12 12 1 100 12 12 12 12 1 12 1 1 12 12 1 12 100 12 100 12 12 100 1 1 12 1 1 1 1 1 1 1 1 1 1 1 1 1 1 1 1 1 1 1 1 1 1 1 1 1 1 1 1 1 1 1 1 1 1 1 1 1 1 1 1 1 1
ciInstanceKlass java/util/Map 1 1 139 11 11 10 11 11 11 11 100 11 11 100 100 10 11 11 11 11 10 11 11 7 100 1 1 1 1 1 1 1 1 1 1 1 1 1 1 1 1 1 1 1 1 1 1 1 1 1 1 1 1 1 1 1 1 1 1 1 1 100 1 1 1 100 100 100 100 100 1 1 1 100 1 1 1 1 1 1 1 1 1 1 1 1 1 1 1 1 1 1 1 12 12 7 12 12 100 12 100 12 12 1 12 12 1 1 12 100 12 100 12 12 12 12 12 7 12 1 1 1 1 1 1 1 1 1 1 1 1 1 1 1 1 1 1 1 1 1 1
instanceKlass java/util/Hashtable
ciInstanceKlass java/util/Dictionary 1 1 31 10 100 7 1 1 1 1 1 1 1 1 1 1 1 1 1 1 1 1 1 1 1 1 1 1 1 1 12 1 1
instanceKlass com/mathworks/util/IntHashtable
instanceKlass org/netbeans/editor/BaseDocument$LazyPropertyMap
instanceKlass org/apache/commons/logging/impl/WeakHashtable
instanceKlass javax/swing/UIDefaults
instanceKlass java/util/Properties
ciInstanceKlass java/util/Hashtable 1 1 431 100 9 9 9 10 10 100 100 10 8 10 10 10 10 10 8 10 9 7 7 4 10 9 4 10 11 10 10 10 100 10 9 10 9 10 10 3 9 9 3 10 10 10 11 11 11 11 7 11 11 10 10 10 9 9 9 100 100 10 10 8 10 10 8 10 8 10 7 10 10 7 10 10 7 10 100 10 10 7 11 11 100 10 10 10 11 100 10 100 11 11 10 10 10 10 10 7 10 10 8 10 10 100 11 10 10 10 7 100 100 100 1 1 1 1 1 1 1 1 1 1 1 1 1 1 1 1 1 1 1 5 0 1 1 1 1 1 1 1 1 1 1 3 1 3 1 3 1 1 1 1 1 100 1 1 1 1 1 1 1 1 1 1 1 1 1 1 1 100 1 1 100 1 1 1 1 1 1 1 1 1 1 1 1 100 1 1 1 100 1 1 100 100 100 1 1 1 1 1 1 1 1 1 1 1 1 100 100 100 1 1 1 1 1 100 1 1 1 100 1 1 1 1 1 1 1 1 100 1 1 1 1 1 1 1 1 1 1 100 1 7 1 1 7 1 1 1 1 1 1 1 1 1 1 1 1 1 1 1 1 12 12 12 12 12 1 1 1 12 12 12 12 7 12 1 12 12 1 1 7 12 12 12 12 12 12 12 1 12 7 12 12 12 12 12 12 12 12 12 12 7 12 7 12 12 1 12 12 12 12 12 12 12 1 1 12 1 12 1 1 7 12 1 12 12 1 12 12 1 1 12 1 12 12 1 100 12 100 12 1 100 12 100 12 12 100 12 12 12 100 12 1 12 1 12 100 12 1 100 12 12 12 1 1 1 1 1 1 1 1 1 1 1 1 1 1 1 1 1 1 1 1 1 1 1 1 1 1 1 1 1 1 1 1 1 1 1 1 1 1 1 1 1 1 1 1 1 1 1 1 1 1 1 1 1 1 1 1 1 1 1 1 1 1 1 1 1 1 1 1
instanceKlass java/security/Provider
instanceKlass com/mathworks/services/Prefs$PrefsProperties
ciInstanceKlass java/util/Properties 1 1 273 10 10 9 10 7 10 10 10 10 9 10 100 3 100 8 10 7 10 10 100 10 10 10 10 10 8 10 10 10 10 10 7 100 10 10 100 8 10 10 100 10 10 100 10 10 10 10 11 11 10 10 8 10 10 100 10 10 8 10 100 10 10 10 7 10 10 10 10 8 10 8 10 10 9 7 100 1 1 1 1 1 1 5 0 1 1 1 1 1 1 1 1 1 1 1 1 1 1 1 1 1 1 100 100 100 1 1 1 1 100 1 1 100 100 1 1 100 1 1 1 1 1 100 1 1 100 100 100 1 7 1 1 1 1 1 1 1 1 1 1 1 1 1 1 100 1 1 1 1 1 1 1 1 1 1 1 1 12 12 12 12 1 12 12 12 12 12 12 1 1 1 12 1 12 12 1 12 12 12 12 12 1 12 12 12 12 12 1 1 12 12 1 1 12 12 1 12 1 12 7 12 12 12 12 1 12 100 12 1 12 12 1 12 1 12 12 1 12 12 12 1 100 12 1 100 12 1 1 1 1 1 1 1 1 1 1 1 1 1 1 1 1 1 1 1 1 1 1 1 1 1 1 1 1 1 1 1 1 1 1 1 1 1 1 1 1 1 1 1 1 1 1
staticfield java/util/Properties hexDigit [C 16
instanceKlass java/lang/reflect/Executable
instanceKlass java/lang/reflect/Field
ciInstanceKlass java/lang/reflect/AccessibleObject 1 1 147 10 9 10 10 7 10 7 7 8 10 9 10 100 8 10 11 10 10 10 9 10 10 100 10 10 7 8 10 7 10 10 7 9 7 7 7 1 1 1 1 1 1 1 1 1 1 1 1 1 100 1 1 1 1 1 1 1 1 1 1 1 1 1 1 1 1 1 1 1 1 1 1 1 1 1 100 100 100 1 1 1 1 1 1 1 7 12 12 100 12 12 1 12 1 1 1 12 12 12 1 1 12 12 12 12 12 12 7 12 12 1 12 7 12 1 1 1 1 1 7 12 1 12 1 1 1 1 1 1 1 1 1 1 1 1 1 1 1 1 1 1 1 1 1 1 1
staticfield java/lang/reflect/AccessibleObject ACCESS_PERMISSION Ljava/security/Permission; java/lang/reflect/ReflectPermission
staticfield java/lang/reflect/AccessibleObject reflectionFactory Lsun/reflect/ReflectionFactory; sun/reflect/ReflectionFactory
ciInstanceKlass java/lang/reflect/Field 1 1 367 9 10 10 10 9 10 10 10 10 9 9 9 9 9 9 9 100 8 10 7 10 9 9 10 7 10 10 10 10 10 10 10 7 10 8 10 10 8 10 10 8 10 11 9 10 10 10 10 11 11 11 11 11 11 11 11 11 11 11 11 11 11 11 11 11 11 10 10 9 10 10 10 10 11 10 7 10 10 9 10 11 10 10 9 10 7 100 1 1 1 1 1 1 1 1 1 1 1 1 1 1 1 1 1 1 1 1 1 1 1 1 1 1 1 1 1 1 1 1 1 1 1 1 1 1 1 1 1 1 1 1 1 1 1 1 1 1 1 100 1 1 100 100 1 100 1 1 1 100 1 1 1 1 1 1 1 1 1 1 1 1 1 1 1 1 1 1 1 1 1 1 1 1 1 1 1 1 1 1 1 1 1 1 1 1 1 100 1 1 1 1 1 1 1 1 1 1 1 1 1 1 1 1 1 1 1 1 12 12 7 12 7 12 12 12 12 7 12 12 12 12 12 12 12 12 12 1 1 12 1 12 12 12 12 1 12 12 12 12 12 7 100 12 1 1 12 12 1 12 12 1 100 12 7 12 12 12 12 7 12 12 12 12 12 12 12 12 12 12 12 12 12 12 12 12 12 12 12 12 12 7 12 12 7 12 12 7 12 1 100 12 7 12 12 7 12 7 12 12 12 100 12 100 12 1 1 1 1 1 1 1 1 1 1 1 1 1 1 1 1 1 1 1 1 1 1 1 1 1 1 1 1 1 1 1 1 1 1 1 1 1 1 1 1 1 1 1 1 1 1 1 1 1 1 1 1 100 1 1 1 1 1 1 1 1 1
ciInstanceKlass java/lang/reflect/Parameter 0 0 215 10 9 9 9 9 9 9 100 10 10 10 100 10 10 11 10 10 10 10 10 8 8 10 10 10 8 10 8 10 10 10 10 10 10 10 10 10 10 11 10 100 10 10 10 10 10 9 100 10 11 11 100 100 1 1 1 1 1 1 1 1 1 1 1 1 1 1 1 1 1 1 1 1 1 1 1 100 1 1 1 1 1 1 100 100 100 1 1 1 1 1 1 1 1 1 100 1 1 1 1 1 1 1 1 1 1 1 1 1 1 1 1 1 1 100 1 1 1 12 12 12 12 12 12 12 1 12 12 100 12 1 12 100 12 12 100 12 12 12 12 1 1 100 12 12 12 1 1 12 12 12 12 12 12 12 100 12 12 100 12 100 12 1 100 12 12 12 12 12 12 1 12 12 1 1 1 1 1 1 1 1 1 1 1 1 1 1 1 1 1 1 1 1 1 1 1 1 1 1 1 1 1 1 1 1 1 1 1 1 1 1 1 1 1
instanceKlass java/lang/reflect/Constructor
instanceKlass java/lang/reflect/Method
ciInstanceKlass java/lang/reflect/Executable 1 1 385 10 10 10 11 10 10 10 8 10 10 10 7 8 7 10 10 10 10 8 10 100 8 10 8 10 10 8 10 10 11 10 8 8 10 10 7 10 100 10 10 10 10 10 10 7 10 10 10 10 10 100 10 100 8 10 10 100 8 10 10 10 10 10 8 8 3 8 9 10 100 8 9 10 10 10 10 10 10 7 10 10 10 10 11 10 7 10 10 9 10 10 10 9 10 10 9 10 9 10 9 7 7 100 100 1 1 1 1 1 1 1 1 1 1 1 1 1 1 1 1 1 1 1 1 1 1 1 1 1 1 1 1 1 1 1 1 1 100 100 100 100 1 1 1 1 1 100 100 100 100 1 1 1 1 1 1 1 1 1 1 1 1 1 1 1 1 1 1 100 1 1 1 1 1 1 100 1 1 1 1 1 1 1 1 1 1 1 1 1 1 1 1 1 1 1 1 1 1 1 1 1 1 1 1 1 1 1 1 1 1 1 12 7 12 12 7 12 7 12 12 12 1 12 12 12 1 1 1 12 12 12 1 12 1 1 12 1 12 100 1 12 12 12 1 1 100 12 12 1 12 1 12 12 7 12 12 12 1 12 12 12 12 100 12 12 1 1 12 12 1 1 12 12 12 12 1 1 1 12 12 1 1 12 12 12 12 12 12 12 1 12 12 7 12 12 7 12 12 1 100 12 12 12 12 12 12 100 12 100 12 12 12 12 12 12 12 1 1 1 1 1 1 1 1 1 1 1 1 1 1 1 1 1 1 1 1 1 1 1 1 1 1 1 1 1 1 1 1 1 1 1 1 1 1 1 1 1 1 1 1 1 1 1 1 1 1 1 1 100 1 1 1 1 1 1 1 1 1 1 1 1 1 1 1
ciInstanceKlass java/lang/reflect/Method 1 1 353 9 10 10 9 10 10 10 10 9 9 9 9 9 9 9 9 9 9 9 7 8 10 7 10 9 10 10 7 7 10 10 10 7 10 10 10 10 10 10 10 10 10 10 10 10 10 10 10 10 10 11 9 10 10 10 10 11 10 7 10 10 10 10 9 10 10 10 10 10 11 10 7 100 7 10 8 10 10 10 10 10 10 10 8 7 1 1 1 1 1 1 1 1 1 1 1 1 1 1 1 1 1 1 1 1 1 1 1 1 1 1 1 1 1 1 1 1 1 1 1 1 1 1 1 1 1 1 1 1 1 1 1 1 1 1 1 1 1 1 1 1 1 1 1 1 1 1 1 1 1 1 1 100 1 1 1 1 1 1 1 1 100 1 7 7 1 1 1 1 1 1 1 1 1 1 1 1 1 100 100 1 1 1 1 1 1 1 1 1 1 1 1 1 1 12 7 12 7 12 12 12 12 7 12 12 12 12 12 12 12 12 12 12 12 12 12 1 1 12 1 12 12 12 12 1 1 12 12 7 12 12 7 12 12 12 7 12 12 7 7 12 12 12 12 12 12 12 12 12 7 12 7 12 12 12 12 7 12 12 1 12 12 12 12 12 7 12 12 7 12 7 12 7 12 7 12 7 12 1 1 1 1 12 12 12 12 12 12 1 1 1 1 1 1 1 1 1 1 1 1 1 1 1 1 1 1 1 1 1 1 1 1 1 1 1 1 1 1 1 1 1 1 1 1 1 1 1 1 1 1 1 1 1 1 1 1 1 1 1 1 1 1 1 1 1 1 1 1 1 1 1 1
ciInstanceKlass java/lang/reflect/Constructor 1 1 335 10 10 9 10 10 10 9 10 9 9 9 9 9 9 9 9 100 8 10 7 10 9 10 10 10 10 100 100 10 7 10 10 10 10 10 10 10 10 10 10 10 9 10 10 10 10 100 8 10 11 10 10 10 9 10 10 10 10 10 10 10 10 10 100 8 10 10 10 10 10 10 11 9 10 7 1 1 1 1 1 1 1 1 1 1 1 1 1 1 1 1 1 1 1 1 1 1 1 1 1 1 1 1 1 1 1 1 1 1 1 1 1 1 1 1 1 1 1 1 1 1 1 1 1 1 1 1 1 1 1 1 1 1 1 1 1 1 1 1 1 1 1 1 1 1 100 1 100 100 100 1 1 1 1 1 1 1 1 1 1 1 1 1 1 1 1 1 1 1 1 1 1 1 100 1 1 1 1 1 1 100 12 100 12 12 12 12 100 12 12 12 12 12 12 12 12 12 12 12 1 1 12 1 12 12 12 7 12 12 12 1 1 7 12 12 7 12 12 7 12 12 12 12 100 12 12 12 12 7 12 12 12 12 1 1 12 7 12 12 12 12 12 7 12 12 12 12 12 12 12 12 12 1 1 12 12 12 12 100 12 100 12 100 12 100 12 1 1 1 1 1 1 1 1 1 1 1 1 1 1 1 1 1 1 1 1 1 1 1 1 1 1 1 1 1 1 1 1 1 1 1 1 1 1 1 1 1 1 1 1 1 1 1 1 1 1 1 1 1 1 1 1 1 1 100 1 1 1 1 1 1 1 1 1
instanceKlass sun/reflect/FieldAccessorImpl
instanceKlass sun/reflect/ConstructorAccessorImpl
instanceKlass sun/reflect/MethodAccessorImpl
ciInstanceKlass sun/reflect/MagicAccessorImpl 1 1 13 10 100 7 1 1 1 1 1 1 12 1 1
instanceKlass sun/reflect/GeneratedMethodAccessor107
instanceKlass sun/reflect/GeneratedMethodAccessor106
instanceKlass sun/reflect/GeneratedMethodAccessor105
instanceKlass sun/reflect/GeneratedMethodAccessor104
instanceKlass sun/reflect/GeneratedMethodAccessor103
instanceKlass sun/reflect/GeneratedMethodAccessor102
instanceKlass sun/reflect/GeneratedMethodAccessor101
instanceKlass sun/reflect/GeneratedMethodAccessor100
instanceKlass sun/reflect/GeneratedMethodAccessor99
instanceKlass sun/reflect/GeneratedMethodAccessor98
instanceKlass sun/reflect/GeneratedMethodAccessor97
instanceKlass sun/reflect/GeneratedMethodAccessor96
instanceKlass sun/reflect/GeneratedMethodAccessor95
instanceKlass sun/reflect/GeneratedMethodAccessor94
instanceKlass sun/reflect/GeneratedMethodAccessor93
instanceKlass sun/reflect/GeneratedMethodAccessor92
instanceKlass sun/reflect/GeneratedMethodAccessor91
instanceKlass sun/reflect/GeneratedMethodAccessor90
instanceKlass sun/reflect/GeneratedMethodAccessor89
instanceKlass sun/reflect/GeneratedMethodAccessor88
instanceKlass sun/reflect/GeneratedMethodAccessor87
instanceKlass sun/reflect/GeneratedMethodAccessor86
instanceKlass sun/reflect/GeneratedMethodAccessor85
instanceKlass sun/reflect/GeneratedMethodAccessor84
instanceKlass sun/reflect/GeneratedMethodAccessor83
instanceKlass sun/reflect/GeneratedMethodAccessor82
instanceKlass sun/reflect/GeneratedMethodAccessor81
instanceKlass sun/reflect/GeneratedMethodAccessor80
instanceKlass sun/reflect/GeneratedMethodAccessor79
instanceKlass sun/reflect/GeneratedMethodAccessor78
instanceKlass sun/reflect/GeneratedMethodAccessor77
instanceKlass sun/reflect/GeneratedMethodAccessor76
instanceKlass sun/reflect/GeneratedMethodAccessor75
instanceKlass sun/reflect/GeneratedMethodAccessor74
instanceKlass sun/reflect/GeneratedMethodAccessor72
instanceKlass sun/reflect/GeneratedMethodAccessor71
instanceKlass sun/reflect/GeneratedMethodAccessor70
instanceKlass sun/reflect/GeneratedMethodAccessor69
instanceKlass sun/reflect/GeneratedMethodAccessor67
instanceKlass sun/reflect/GeneratedMethodAccessor66
instanceKlass sun/reflect/GeneratedMethodAccessor65
instanceKlass sun/reflect/GeneratedMethodAccessor64
instanceKlass sun/reflect/GeneratedMethodAccessor63
instanceKlass sun/reflect/GeneratedMethodAccessor62
instanceKlass sun/reflect/GeneratedMethodAccessor61
instanceKlass sun/reflect/GeneratedMethodAccessor60
instanceKlass sun/reflect/GeneratedMethodAccessor59
instanceKlass sun/reflect/GeneratedMethodAccessor58
instanceKlass sun/reflect/GeneratedMethodAccessor57
instanceKlass sun/reflect/GeneratedMethodAccessor56
instanceKlass sun/reflect/GeneratedMethodAccessor55
instanceKlass sun/reflect/GeneratedMethodAccessor54
instanceKlass sun/reflect/GeneratedMethodAccessor53
instanceKlass sun/reflect/GeneratedMethodAccessor52
instanceKlass sun/reflect/GeneratedMethodAccessor51
instanceKlass sun/reflect/GeneratedMethodAccessor50
instanceKlass sun/reflect/GeneratedMethodAccessor49
instanceKlass sun/reflect/GeneratedMethodAccessor48
instanceKlass sun/reflect/GeneratedMethodAccessor47
instanceKlass sun/reflect/GeneratedMethodAccessor46
instanceKlass sun/reflect/GeneratedMethodAccessor45
instanceKlass sun/reflect/GeneratedMethodAccessor44
instanceKlass sun/reflect/GeneratedMethodAccessor43
instanceKlass sun/reflect/GeneratedMethodAccessor42
instanceKlass sun/reflect/GeneratedMethodAccessor41
instanceKlass sun/reflect/GeneratedMethodAccessor40
instanceKlass sun/reflect/GeneratedMethodAccessor39
instanceKlass sun/reflect/GeneratedMethodAccessor38
instanceKlass sun/reflect/GeneratedMethodAccessor37
instanceKlass sun/reflect/GeneratedMethodAccessor36
instanceKlass sun/reflect/GeneratedMethodAccessor35
instanceKlass sun/reflect/GeneratedMethodAccessor34
instanceKlass sun/reflect/GeneratedMethodAccessor33
instanceKlass sun/reflect/GeneratedMethodAccessor32
instanceKlass sun/reflect/GeneratedMethodAccessor31
instanceKlass sun/reflect/GeneratedMethodAccessor30
instanceKlass sun/reflect/GeneratedMethodAccessor29
instanceKlass sun/reflect/GeneratedMethodAccessor28
instanceKlass sun/reflect/GeneratedMethodAccessor27
instanceKlass sun/reflect/GeneratedMethodAccessor26
instanceKlass sun/reflect/GeneratedMethodAccessor25
instanceKlass sun/reflect/GeneratedMethodAccessor24
instanceKlass sun/reflect/GeneratedMethodAccessor23
instanceKlass sun/reflect/GeneratedMethodAccessor22
instanceKlass sun/reflect/GeneratedMethodAccessor21
instanceKlass sun/reflect/GeneratedMethodAccessor18
instanceKlass sun/reflect/GeneratedMethodAccessor17
instanceKlass sun/reflect/GeneratedMethodAccessor16
instanceKlass sun/reflect/GeneratedMethodAccessor15
instanceKlass sun/reflect/GeneratedMethodAccessor14
instanceKlass sun/reflect/GeneratedMethodAccessor13
instanceKlass sun/reflect/GeneratedMethodAccessor12
instanceKlass sun/reflect/GeneratedMethodAccessor11
instanceKlass sun/reflect/GeneratedMethodAccessor10
instanceKlass sun/reflect/GeneratedMethodAccessor9
instanceKlass sun/reflect/GeneratedMethodAccessor8
instanceKlass sun/reflect/GeneratedMethodAccessor7
instanceKlass sun/reflect/GeneratedMethodAccessor6
instanceKlass sun/reflect/GeneratedMethodAccessor5
instanceKlass sun/reflect/GeneratedMethodAccessor4
instanceKlass sun/reflect/GeneratedMethodAccessor3
instanceKlass sun/reflect/GeneratedMethodAccessor2
instanceKlass sun/reflect/GeneratedMethodAccessor1
instanceKlass sun/reflect/DelegatingMethodAccessorImpl
instanceKlass sun/reflect/NativeMethodAccessorImpl
ciInstanceKlass sun/reflect/MethodAccessorImpl 1 1 22 10 100 7 100 1 1 1 1 1 1 1 100 100 1 1 12 1 1 1 1 1
instanceKlass sun/reflect/GeneratedConstructorAccessor55
instanceKlass sun/reflect/GeneratedConstructorAccessor54
instanceKlass sun/reflect/SerializationConstructorAccessorImpl
instanceKlass sun/reflect/GeneratedConstructorAccessor53
instanceKlass sun/reflect/GeneratedConstructorAccessor52
instanceKlass sun/reflect/GeneratedConstructorAccessor51
instanceKlass sun/reflect/GeneratedConstructorAccessor50
instanceKlass sun/reflect/GeneratedConstructorAccessor49
instanceKlass sun/reflect/GeneratedConstructorAccessor48
instanceKlass sun/reflect/GeneratedConstructorAccessor47
instanceKlass sun/reflect/GeneratedConstructorAccessor46
instanceKlass sun/reflect/GeneratedConstructorAccessor45
instanceKlass sun/reflect/GeneratedConstructorAccessor44
instanceKlass sun/reflect/GeneratedConstructorAccessor43
instanceKlass sun/reflect/GeneratedConstructorAccessor42
instanceKlass sun/reflect/GeneratedConstructorAccessor41
instanceKlass sun/reflect/GeneratedConstructorAccessor40
instanceKlass sun/reflect/GeneratedConstructorAccessor39
instanceKlass sun/reflect/GeneratedConstructorAccessor38
instanceKlass sun/reflect/GeneratedConstructorAccessor37
instanceKlass sun/reflect/GeneratedConstructorAccessor36
instanceKlass sun/reflect/GeneratedConstructorAccessor35
instanceKlass sun/reflect/GeneratedConstructorAccessor34
instanceKlass sun/reflect/GeneratedConstructorAccessor31
instanceKlass sun/reflect/GeneratedConstructorAccessor27
instanceKlass sun/reflect/GeneratedConstructorAccessor26
instanceKlass sun/reflect/GeneratedConstructorAccessor14
instanceKlass sun/reflect/GeneratedConstructorAccessor13
instanceKlass sun/reflect/GeneratedConstructorAccessor11
instanceKlass sun/reflect/GeneratedConstructorAccessor9
instanceKlass sun/reflect/GeneratedConstructorAccessor8
instanceKlass sun/reflect/GeneratedConstructorAccessor7
instanceKlass sun/reflect/GeneratedConstructorAccessor5
instanceKlass sun/reflect/GeneratedConstructorAccessor4
instanceKlass sun/reflect/GeneratedConstructorAccessor3
instanceKlass sun/reflect/BootstrapConstructorAccessorImpl
instanceKlass sun/reflect/DelegatingConstructorAccessorImpl
instanceKlass sun/reflect/NativeConstructorAccessorImpl
ciInstanceKlass sun/reflect/ConstructorAccessorImpl 1 1 24 10 100 7 100 1 1 1 1 1 1 1 100 100 100 1 1 12 1 1 1 1 1 1
ciInstanceKlass sun/reflect/DelegatingClassLoader 1 1 13 10 100 7 1 1 1 1 1 1 12 1 1
ciInstanceKlass sun/reflect/ConstantPool 1 1 106 10 9 10 10 10 10 10 10 10 10 10 10 10 10 10 10 7 7 8 10 100 1 1 1 1 1 1 1 1 1 1 1 1 1 1 1 1 1 1 1 1 1 1 1 1 1 1 1 1 1 1 1 1 1 1 1 1 1 1 1 1 1 1 1 1 1 1 1 1 1 1 1 1 1 1 1 1 1 1 1 1 12 12 12 12 12 12 12 12 12 12 12 12 12 12 12 12 1 1 7 12 1 1 1 1
instanceKlass sun/reflect/UnsafeFieldAccessorImpl
ciInstanceKlass sun/reflect/FieldAccessorImpl 1 1 56 10 100 7 100 1 1 1 1 1 1 1 100 1 1 1 1 1 1 1 1 1 1 1 1 1 1 1 1 1 1 100 1 1 1 1 1 1 1 1 1 1 1 1 1 1 1 1 1 1 12 1 1 1 1 1
instanceKlass sun/reflect/UnsafeLongFieldAccessorImpl
instanceKlass sun/reflect/UnsafeIntegerFieldAccessorImpl
instanceKlass sun/reflect/UnsafeCharacterFieldAccessorImpl
instanceKlass sun/reflect/UnsafeQualifiedFieldAccessorImpl
instanceKlass sun/reflect/UnsafeBooleanFieldAccessorImpl
instanceKlass sun/reflect/UnsafeObjectFieldAccessorImpl
instanceKlass sun/reflect/UnsafeStaticFieldAccessorImpl
ciInstanceKlass sun/reflect/UnsafeFieldAccessorImpl 1 1 233 10 9 10 10 9 10 9 10 10 9 10 10 10 10 100 10 10 10 8 10 10 100 8 10 8 10 8 10 100 10 10 8 10 8 10 8 10 8 10 8 10 8 10 8 10 8 10 8 10 10 8 8 8 8 8 8 10 8 8 8 10 10 7 7 1 1 1 1 1 1 1 1 1 1 1 1 1 100 100 1 1 1 1 1 1 1 1 1 100 100 1 1 1 1 1 1 1 1 1 1 1 1 1 1 1 1 1 1 1 1 1 1 1 1 12 12 7 12 7 12 12 7 12 12 12 12 12 12 7 12 7 12 12 1 12 12 1 12 1 1 12 1 12 1 12 1 12 1 12 1 100 12 1 100 12 1 100 12 1 100 12 1 100 12 1 100 12 1 100 12 1 100 12 12 1 1 1 1 1 1 100 12 1 1 1 12 12 1 1 1 1 1 1 1 1 1 1 1 1 1 1 1 1 1 1 1 1 1 1 1 1 1 1 1 1 1 1 1 1 1 1 1 1 1 1 1 1 1 1 1 1 1
staticfield sun/reflect/UnsafeFieldAccessorImpl unsafe Lsun/misc/Unsafe; sun/misc/Unsafe
instanceKlass sun/reflect/UnsafeQualifiedStaticFieldAccessorImpl
instanceKlass sun/reflect/UnsafeStaticObjectFieldAccessorImpl
ciInstanceKlass sun/reflect/UnsafeStaticFieldAccessorImpl 1 1 38 10 9 10 9 7 7 8 10 7 1 1 1 1 1 1 1 1 1 1 12 12 7 12 12 1 1 7 12 1 1 1 1 1 1 1 1 1
ciInstanceKlass sun/reflect/CallerSensitive 0 0 17 100 100 100 1 1 1 1 1 1 1 1 1 1 1 1 1
instanceKlass java/lang/invoke/DelegatingMethodHandle
instanceKlass java/lang/invoke/BoundMethodHandle
instanceKlass java/lang/invoke/DirectMethodHandle
ciInstanceKlass java/lang/invoke/MethodHandle 1 1 444 9 10 10 10 9 10 10 10 10 10 10 11 10 10 10 9 10 100 100 10 8 10 10 8 10 10 10 10 10 10 10 10 10 7 10 10 10 8 10 10 10 10 10 8 10 8 10 8 10 9 100 10 9 9 8 10 10 10 10 10 10 10 10 8 10 10 10 10 10 10 9 8 10 10 8 10 10 10 10 10 10 8 10 10 100 9 10 7 10 10 9 10 10 8 9 9 9 10 10 10 10 7 10 10 8 10 10 100 10 100 1 1 1 1 1 1 1 1 1 1 1 1 1 1 1 1 1 1 1 1 1 1 100 1 1 1 1 1 1 1 1 1 1 1 1 1 1 1 100 1 1 1 1 1 1 1 100 100 1 1 1 1 1 100 100 1 1 1 1 1 1 1 1 1 1 1 1 1 1 1 1 1 1 1 1 100 1 1 1 1 1 1 1 1 1 1 1 1 7 1 1 1 1 1 1 1 1 1 1 1 1 1 1 1 1 1 100 1 1 12 12 12 7 12 12 12 7 12 12 100 12 12 12 100 12 12 12 12 12 12 1 1 1 12 12 1 12 12 7 12 12 12 12 12 7 12 7 12 1 12 12 12 1 7 12 12 12 12 12 1 12 1 12 1 100 12 12 1 100 12 100 1 12 12 12 12 12 12 12 12 1 12 12 12 12 12 12 12 1 12 12 1 12 12 7 12 12 12 1 12 12 1 12 1 100 12 12 12 12 12 1 12 12 12 7 12 12 12 12 1 12 12 12 12 1 12 1 1 1 1 1 1 1 1 1 1 1 1 1 1 1 1 1 1 1 1 1 1 1 1 1 1 1 1 1 1 1 1 1 1 1 1 1 1 1 1 1 1 1 1 1 1 1 1 1 1 1 1 1 1 1 1 1 1 1 1 1 1 1 1 1 1 1 1 1 1 1 1 1 1 1 1 1 1 1 1 1 1 1 1 1 1 1 1 1 1 1 1 1 1 1 1 1 1 1 1 1 1 1 1 1 1 1
staticfield java/lang/invoke/MethodHandle FORM_OFFSET J 20
staticfield java/lang/invoke/MethodHandle $assertionsDisabled Z 1
instanceKlass java/lang/invoke/DirectMethodHandle$StaticAccessor
instanceKlass java/lang/invoke/DirectMethodHandle$Constructor
instanceKlass java/lang/invoke/DirectMethodHandle$Special
instanceKlass java/lang/invoke/DirectMethodHandle$Accessor
instanceKlass java/lang/invoke/DirectMethodHandle$Interface
ciInstanceKlass java/lang/invoke/DirectMethodHandle 1 1 712 100 7 7 10 10 10 100 10 10 10 10 10 7 7 10 10 10 10 10 10 10 9 100 10 9 10 10 10 10 10 10 7 10 10 10 10 7 10 7 10 7 10 10 10 7 10 10 7 10 10 10 10 10 10 10 10 8 10 10 10 10 10 9 7 10 10 10 7 10 8 10 10 10 10 10 10 10 10 10 10 10 10 10 10 10 10 10 10 10 8 8 8 8 8 8 8 8 8 8 8 10 10 7 9 7 10 100 10 10 10 10 7 9 10 9 9 9 10 7 10 9 10 10 8 10 10 10 10 9 9 10 10 7 7 7 9 10 10 10 10 9 10 100 10 100 10 10 9 9 10 9 10 10 10 10 10 9 10 10 10 10 9 9 10 10 9 9 9 9 10 9 9 10 10 9 10 9 10 10 7 10 10 10 10 10 8 8 8 9 10 7 10 10 9 9 9 9 9 9 8 8 8 8 10 10 9 9 100 1 7 1 1 1 1 1 1 100 1 1 1 1 7 1 1 1 1 1 1 1 1 1 1 1 1 1 1 1 1 1 1 1 1 1 1 1 1 100 100 100 100 1 1 1 1 1 1 1 1 1 1 100 1 1 1 1 1 1 1 1 1 1 1 1 1 1 100 100 100 1 1 1 1 1 1 1 1 1 1 1 1 100 100 1 1 1 1 7 1 1 1 1 1 1 1 1 1 1 1 1 1 1 1 1 1 1 100 100 1 1 1 1 1 7 1 1 1 1 12 12 12 1 12 12 12 12 12 1 1 12 12 12 12 12 12 12 12 1 12 12 12 12 12 12 12 1 7 12 12 12 12 1 12 1 12 1 12 12 12 1 12 12 1 12 12 12 12 100 12 100 12 12 12 12 12 12 7 12 1 12 7 12 12 1 1 12 12 12 12 12 12 12 12 12 12 12 12 7 12 12 12 12 12 1 1 1 1 1 1 1 1 1 1 1 12 12 1 12 1 12 1 7 12 12 12 12 1 12 12 12 12 12 12 1 12 12 7 12 12 1 12 12 12 12 12 12 7 12 12 1 1 1 12 12 12 12 12 12 12 1 12 1 12 12 12 12 12 12 12 12 12 12 12 12 12 7 12 12 7 12 12 12 12 12 12 12 12 12 12 12 12 12 12 12 12 12 12 12 1 12 12 7 12 12 12 1 1 1 7 12 1 12 12 12 12 12 12 12 12 1 1 1 1 12 12 12 12 1 1 1 1 1 1 1 1 1 1 1 1 1 1 1 1 1 1 1 1 1 1 1 1 1 1 1 1 1 1 1 1 1 1 1 1 1 1 1 1 1 1 1 1 1 1 1 1 1 1 1 1 1 1 1 1 1 1 1 1 1 1 1 1 1 1 1 1 1 1 1 1 1 1 1 1 1 1 1 1 1 1 1 1 1 1 1 1 1 1 1 1 1 1 1 1 1 1 100 1 1 1 1 1 1 1 1 1 1 1 1 1 1 1 1 1 1 1 1 1 1 1 1 1 1 1 1 1 1 1 1 1 1 1 1 1 1 1 1 1 1 1 1 1 1 1 1 1 1 1 1 1 1 1 1 1 1 1 1 1 1 1 1 1 1 1 1 1 1 1 1 1 1 1 1
staticfield java/lang/invoke/DirectMethodHandle IMPL_NAMES Ljava/lang/invoke/MemberName$Factory; java/lang/invoke/MemberName$Factory
staticfield java/lang/invoke/DirectMethodHandle ACCESSOR_FORMS [Ljava/lang/invoke/LambdaForm; 132 [Ljava/lang/invoke/LambdaForm;
staticfield java/lang/invoke/DirectMethodHandle $assertionsDisabled Z 1
ciInstanceKlass java/lang/invoke/MemberName 1 1 654 7 7 100 10 10 10 9 9 10 9 10 10 10 10 10 10 10 9 10 100 7 10 8 10 10 10 10 9 8 10 7 7 10 10 7 7 7 10 9 100 8 10 10 10 10 10 10 10 10 10 8 8 8 10 10 9 3 10 10 10 10 10 10 10 10 10 7 8 10 10 8 9 8 9 10 8 10 10 10 10 10 100 10 10 8 10 10 8 10 10 100 10 10 8 8 10 10 10 10 10 10 10 10 10 3 10 3 10 3 3 3 3 3 3 10 100 10 3 10 3 10 10 10 10 10 10 10 10 10 10 10 10 100 10 10 10 100 10 10 10 10 100 10 10 8 10 10 10 10 10 10 10 10 10 10 10 100 10 100 8 10 10 10 10 10 10 10 8 8 8 8 10 10 10 8 8 10 8 10 10 10 8 8 10 10 8 8 100 10 8 8 8 8 10 7 7 7 10 100 10 7 10 9 10 100 100 7 1 1 1 1 1 1 1 1 1 1 1 1 1 1 1 3 1 3 1 3 1 3 1 3 1 3 1 1 1 1 1 1 1 1 3 1 1 1 1 3 1 1 1 1 1 1 1 1 1 1 1 1 1 1 1 100 100 1 100 1 1 1 1 1 1 1 1 1 1 1 1 1 1 1 1 1 1 1 1 1 1 1 1 1 1 1 1 100 1 1 1 1 1 1 1 1 1 1 1 1 1 1 1 1 1 1 1 1 1 1 1 1 1 1 1 1 1 1 1 1 1 100 100 1 1 1 1 1 100 1 1 1 100 1 1 1 1 1 1 1 1 1 100 1 1 1 1 1 1 1 1 100 1 1 1 1 1 1 1 1 1 100 1 1 1 1 1 100 1 1 1 1 1 1 1 1 1 1 1 1 1 1 7 1 1 12 12 12 12 12 12 12 12 12 12 12 12 12 12 100 12 12 1 1 12 1 12 12 12 12 12 1 100 12 1 1 12 1 1 1 12 12 1 1 12 12 12 12 12 12 12 12 12 1 1 1 100 12 12 12 12 12 12 12 12 12 12 12 1 12 12 100 100 12 1 12 12 12 12 12 1 12 12 1 12 12 1 12 12 1 12 12 1 1 12 12 12 12 12 12 12 12 12 12 12 100 1 1 7 12 12 12 12 12 7 12 12 12 12 12 12 1 12 1 12 12 1 12 100 12 100 12 12 12 12 12 12 12 1 12 1 1 7 12 12 7 12 12 12 1 1 1 1 12 12 12 1 1 12 1 12 12 1 1 12 1 1 1 1 1 1 1 12 1 1 1 1 1 7 12 12 12 1 1 1 1 1 1 1 1 1 1 1 1 1 1 1 1 1 1 1 1 1 1 1 1 1 1 1 1 1 1 1 1 1 1 1 1 1 1 1 1 1 1 1 1 1 1 1 1 1 1 1 1 1 1 1 1 1 1 1 1 1 1 1 1 1 1 1 1 1 1 1 1 1 1 1 1 1 1 1 1 1 1 1 1
staticfield java/lang/invoke/MemberName $assertionsDisabled Z 1
ciInstanceKlass java/lang/invoke/MethodHandleNatives 1 1 442 100 10 9 10 100 10 10 10 10 8 8 8 8 8 8 8 8 8 8 7 10 7 10 10 100 10 10 8 10 8 10 8 10 9 8 10 100 10 100 100 8 7 7 10 10 7 9 10 10 10 7 10 10 10 10 100 10 9 8 10 8 10 8 8 8 100 8 10 10 10 10 10 100 10 10 8 8 10 10 10 8 10 8 8 9 10 10 10 100 100 10 10 10 100 100 10 10 100 10 10 100 100 10 10 10 10 100 10 10 10 10 10 10 10 8 8 100 10 100 10 10 10 10 7 10 10 10 9 10 10 10 1 1 1 1 1 1 1 1 1 1 1 1 1 1 1 1 100 1 1 1 1 1 1 1 1 1 1 1 1 1 1 1 1 1 1 1 1 1 1 1 1 1 1 1 1 1 1 1 1 1 1 1 100 100 100 1 1 100 100 100 100 1 1 100 1 1 100 1 1 1 1 1 1 1 1 1 1 1 1 1 100 100 100 100 1 1 1 100 100 1 1 1 1 1 1 1 1 1 12 12 12 1 12 12 12 1 1 1 1 1 1 1 1 1 1 1 12 1 12 100 12 1 12 1 12 1 12 1 12 100 12 1 100 12 1 12 1 1 1 1 1 12 1 7 12 12 12 7 12 1 12 7 12 12 12 1 100 12 12 1 12 1 12 1 1 1 1 1 12 12 12 12 12 1 12 12 1 1 12 12 1 100 12 1 1 7 12 12 12 12 1 1 12 1 1 1 1 1 100 12 12 1 12 7 12 12 12 12 12 1 1 1 12 1 12 12 12 12 1 12 12 12 12 7 12 12 12 1 1 1 1 1 1 1 1 1 1 1 1 1 1 1 1 1 1 1 1 1 1 1 1 1 1 1 1 1 1 1 1 1 1 1 1 1 1 1 1 1 1 1 1 1 1 1 1 1 1 1 1 1 1 1 100 1 1 1 1 1 1 1 1 1 1 1 1 1 1 1 1 1 1 1 1 1 1 1 1 1 1 1
staticfield java/lang/invoke/MethodHandleNatives COUNT_GWT Z 1
staticfield java/lang/invoke/MethodHandleNatives $assertionsDisabled Z 1
ciInstanceKlass java/lang/invoke/LambdaForm 1 1 986 7 100 9 10 10 9 9 10 100 10 9 10 9 10 7 9 10 9 9 9 10 7 10 10 10 10 10 10 10 9 10 8 10 10 10 10 7 10 10 8 10 10 10 100 8 10 10 10 10 10 7 10 7 10 10 9 9 10 10 100 10 10 10 10 10 10 10 10 10 10 8 10 10 8 8 9 9 9 10 10 10 9 10 10 10 10 10 10 10 10 8 8 8 8 8 8 8 8 10 9 10 10 10 10 10 10 10 7 10 10 9 10 10 10 10 10 10 8 10 100 100 10 10 10 10 11 11 11 7 10 10 10 10 7 10 8 10 10 8 10 10 10 7 10 8 10 9 10 10 8 8 10 10 8 8 8 10 10 9 10 8 8 9 10 10 8 8 8 100 8 100 8 100 8 10 8 10 9 10 10 9 10 10 10 10 10 10 10 10 10 10 8 100 10 10 9 10 8 8 100 8 8 9 8 8 8 10 8 8 8 10 10 8 8 8 10 8 10 8 8 8 8 8 10 10 10 10 10 10 10 10 10 10 10 10 10 10 10 10 10 10 10 9 8 10 11 11 9 9 9 9 9 10 10 8 10 8 9 7 10 100 10 7 10 9 10 10 10 10 9 10 10 9 10 9 10 9 7 9 9 10 100 10 10 10 10 9 100 1 100 1 100 1 1 1 7 1 1 1 1 1 1 1 1 1 1 1 1 1 1 1 1 1 1 1 1 1 3 1 3 1 3 1 1 1 3 1 1 1 7 1 1 1 1 1 1 1 1 1 1 1 1 1 1 1 1 1 1 1 1 100 100 100 1 1 1 1 1 1 100 1 1 1 1 1 1 1 100 100 100 100 1 1 1 1 1 1 1 1 1 1 1 1 1 1 1 1 1 1 1 1 1 1 1 1 1 1 1 1 1 1 1 100 1 1 1 1 100 1 100 100 1 1 1 1 1 1 1 1 1 100 1 1 1 1 1 1 1 100 1 1 1 1 1 1 1 1 1 1 1 1 100 1 1 1 1 1 1 1 1 1 1 1 1 1 1 1 1 1 100 1 1 1 1 100 1 1 1 100 1 1 1 1 1 1 1 1 1 1 1 1 1 1 1 1 1 1 1 1 1 1 1 100 100 100 1 1 1 1 1 1 1 1 1 1 1 1 1 1 1 1 1 1 1 1 1 1 1 1 1 1 100 1 1 12 12 12 12 12 12 1 12 12 12 7 12 12 12 12 12 12 12 1 12 12 100 12 100 12 12 12 12 12 12 1 12 12 12 7 12 1 12 1 12 12 12 1 1 12 12 12 12 12 1 12 1 12 12 12 12 12 12 1 12 12 12 12 12 12 100 12 12 1 12 12 1 1 12 12 12 12 7 12 12 12 7 12 12 12 12 12 12 12 1 1 1 1 1 1 1 1 12 12 12 12 12 12 12 12 12 1 12 12 12 12 12 12 12 7 12 12 1 1 7 12 12 12 7 12 7 12 12 1 12 12 12 12 1 12 1 12 12 1 12 12 1 12 1 12 12 12 12 1 1 12 12 1 1 1 12 12 100 12 12 1 1 12 12 12 1 1 1 1 1 1 1 1 1 12 1 12 7 12 12 12 12 12 12 12 12 12 12 12 12 1 1 12 12 12 12 1 1 1 1 1 12 1 1 1 100 12 1 1 1 12 12 1 1 1 12 1 12 1 1 1 1 1 12 12 12 7 12 12 12 12 12 12 12 12 12 12 12 12 12 12 12 12 1 12 12 12 12 12 12 12 12 12 12 1 12 1 12 1 12 1 12 1 12 12 12 12 12 12 12 7 12 12 12 12 12 12 12 12 1 12 12 12 1 1 1 1 1 1 1 1 1 1 1 1 1 1 1 1 1 1 1 1 1 1 1 1 1 1 1 1 1 1 1 1 1 1 1 1 1 1 1 1 1 1 1 1 1 1 1 1 1 1 1 1 1 1 1 1 1 1 1 1 1 1 1 1 1 1 1 1 1 1 1 1 1 1 1 1 1 1 1 1 1 1 1 1 1 1 1 1 1 1 1 1 1 1 1 1 1 1 1 1 1 1 1 1 1 1 1 1 1 1 1 1 1 1 1 1 1 1 1 1 1 1 1 1 1 1 1 1 1 1 1 1 1 1 1 1 1 1 1 1 1 1 1 1 1 1 1 1 1 1 1 1 1 1 1 1 1 1 1 1 1 1 1 1 1 1 1 1 1 1 1 1 1 1 1 1 1 1
staticfield java/lang/invoke/LambdaForm COMPILE_THRESHOLD I 0
staticfield java/lang/invoke/LambdaForm INTERNED_ARGUMENTS [[Ljava/lang/invoke/LambdaForm$Name; 5 [[Ljava/lang/invoke/LambdaForm$Name;
staticfield java/lang/invoke/LambdaForm IMPL_NAMES Ljava/lang/invoke/MemberName$Factory; java/lang/invoke/MemberName$Factory
staticfield java/lang/invoke/LambdaForm LF_identityForm [Ljava/lang/invoke/LambdaForm; 6 [Ljava/lang/invoke/LambdaForm;
staticfield java/lang/invoke/LambdaForm LF_zeroForm [Ljava/lang/invoke/LambdaForm; 6 [Ljava/lang/invoke/LambdaForm;
staticfield java/lang/invoke/LambdaForm NF_identity [Ljava/lang/invoke/LambdaForm$NamedFunction; 6 [Ljava/lang/invoke/LambdaForm$NamedFunction;
staticfield java/lang/invoke/LambdaForm NF_zero [Ljava/lang/invoke/LambdaForm$NamedFunction; 6 [Ljava/lang/invoke/LambdaForm$NamedFunction;
staticfield java/lang/invoke/LambdaForm DEBUG_NAME_COUNTERS Ljava/util/HashMap; null
staticfield java/lang/invoke/LambdaForm TRACE_INTERPRETER Z 0
staticfield java/lang/invoke/LambdaForm $assertionsDisabled Z 1
ciInstanceKlass java/lang/invoke/MethodType 1 1 610 7 10 10 10 9 10 7 9 9 10 9 8 10 10 9 9 10 7 10 8 10 10 10 100 8 10 100 10 10 10 10 11 9 11 7 10 9 10 10 10 10 10 9 7 10 7 10 10 10 10 10 10 10 10 10 10 8 8 10 9 100 10 10 10 10 10 10 10 10 10 8 10 10 10 10 10 11 10 10 10 10 10 7 10 10 10 10 9 7 10 10 10 10 10 10 10 10 8 8 10 8 10 10 9 10 10 10 10 10 10 10 10 10 10 10 10 9 7 10 10 10 10 10 8 10 11 9 10 10 10 10 10 10 10 10 10 9 9 10 9 10 7 10 7 9 8 10 10 8 100 100 10 100 1 1 1 1 1 5 0 1 1 1 1 1 1 1 1 1 1 1 1 1 1 1 1 1 1 1 3 1 3 1 3 1 1 1 1 1 1 1 1 1 1 1 1 1 1 1 1 1 100 100 1 1 1 1 1 1 1 1 1 1 1 1 1 1 1 1 1 1 1 1 1 1 1 1 1 1 1 1 1 1 1 1 1 1 1 1 1 1 1 1 1 1 1 1 1 1 1 1 1 1 1 1 1 1 1 1 1 1 1 1 1 1 1 1 1 1 1 1 1 1 1 1 1 1 1 1 1 1 1 1 1 1 1 1 1 1 1 1 1 1 1 1 1 1 1 1 1 1 100 1 1 1 1 100 1 1 1 1 1 1 1 100 1 1 100 1 1 1 1 1 1 100 100 1 100 1 1 1 1 1 100 1 1 100 1 1 1 1 1 100 1 1 100 1 1 1 12 12 12 12 7 12 12 12 7 12 7 12 1 7 12 12 7 7 12 1 1 12 12 12 1 1 12 1 12 12 12 7 12 12 12 1 7 12 12 12 12 12 12 12 12 1 12 1 12 12 100 12 12 12 12 12 12 12 12 1 1 12 12 1 12 12 12 12 100 12 12 12 1 12 12 7 12 12 12 12 12 12 12 12 12 1 12 12 12 12 1 12 7 12 12 7 12 12 12 1 1 12 1 100 12 12 12 12 12 12 12 12 12 100 12 12 12 12 12 12 1 12 12 12 7 12 12 1 7 12 12 12 12 12 100 12 12 12 12 100 12 12 100 12 12 7 12 12 12 1 1 12 12 12 1 1 12 1 1 1 1 1 1 1 1 1 1 1 1 1 1 1 1 1 1 1 1 1 1 1 1 1 1 1 1 1 1 1 1 1 1 1 1 1 1 1 1 1 1 1 1 1 1 1 1 1 1 1 1 1 1 1 1 1 1 1 1 1 1 1 1 1 1 1 1 1 1 1 1 1 1 1 1 1 1 1 1 1 1 1 1 1 1 1 1 1 1 1 1 1 1 1 1 1 1 1 1 1 1 1
staticfield java/lang/invoke/MethodType internTable Ljava/lang/invoke/MethodType$ConcurrentWeakInternSet; java/lang/invoke/MethodType$ConcurrentWeakInternSet
staticfield java/lang/invoke/MethodType NO_PTYPES [Ljava/lang/Class; 0 [Ljava/lang/Class;
staticfield java/lang/invoke/MethodType objectOnlyTypes [Ljava/lang/invoke/MethodType; 20 [Ljava/lang/invoke/MethodType;
staticfield java/lang/invoke/MethodType serialPersistentFields [Ljava/io/ObjectStreamField; 0 [Ljava/io/ObjectStreamField;
staticfield java/lang/invoke/MethodType rtypeOffset J 12
staticfield java/lang/invoke/MethodType ptypesOffset J 16
staticfield java/lang/invoke/MethodType $assertionsDisabled Z 1
ciInstanceKlass java/lang/BootstrapMethodError 0 0 39 10 10 10 10 10 100 100 1 1 1 5 0 1 1 1 1 1 1 1 1 100 100 1 1 12 12 12 100 12 12 1 1 1 1 1 1 1 1
instanceKlass java/lang/invoke/VolatileCallSite
instanceKlass java/lang/invoke/MutableCallSite
instanceKlass java/lang/invoke/ConstantCallSite
ciInstanceKlass java/lang/invoke/CallSite 1 1 322 10 10 9 10 10 100 7 10 7 10 10 10 100 100 10 10 10 8 10 10 10 9 10 10 10 10 100 8 10 10 10 100 10 9 10 10 10 10 9 9 10 10 9 10 10 10 10 10 10 7 10 10 10 10 10 10 7 100 8 10 10 10 10 10 7 100 8 10 10 100 8 10 7 10 10 10 8 10 10 8 10 10 100 10 8 10 10 100 100 10 1 1 1 1 1 1 1 1 1 1 1 1 1 1 1 1 1 1 1 1 1 100 1 1 1 1 1 1 1 1 100 1 1 1 1 1 100 100 100 100 100 100 100 1 1 1 1 1 1 1 1 100 100 1 1 12 12 12 12 12 1 1 12 1 12 12 12 1 1 100 12 12 1 12 12 12 12 12 100 12 12 1 1 12 12 1 12 12 12 12 12 100 12 7 12 12 7 12 12 7 12 12 12 12 12 7 12 12 1 12 12 12 12 12 12 1 1 1 12 12 100 12 12 1 1 1 12 1 1 12 1 12 12 7 12 12 12 12 12 1 12 12 12 1 1 12 1 1 1 1 1 1 1 1 1 1 1 1 1 1 1 1 1 1 1 1 1 1 1 1 1 1 1 1 1 1 1 1 1 1 1 1 1 1 1 1 1 1 1 1 1 1 1 1 1 1 1 1 1 1 1 1 1 1 1 1 1 1 1 1 1 1 1 1 1 1 1 1 1 1 1 1 1 1 1 1 1 1 1 1 1
staticfield java/lang/invoke/CallSite GET_TARGET Ljava/lang/invoke/MethodHandle; java/lang/invoke/DirectMethodHandle
staticfield java/lang/invoke/CallSite THROW_UCS Ljava/lang/invoke/MethodHandle; java/lang/invoke/MethodHandleImpl$AsVarargsCollector
staticfield java/lang/invoke/CallSite TARGET_OFFSET J 12
ciInstanceKlass java/lang/invoke/ConstantCallSite 1 1 42 10 9 10 100 10 9 100 10 10 7 7 1 1 1 1 1 1 1 1 100 1 1 1 1 1 1 1 12 12 12 1 12 12 1 12 1 1 1 1 1 1
ciInstanceKlass java/lang/invoke/MutableCallSite 0 0 57 10 10 9 10 10 10 9 10 10 100 10 100 100 1 1 1 1 1 1 1 1 1 1 1 1 1 1 1 1 1 1 12 12 12 12 12 12 12 12 100 12 1 12 1 1 1 1 1 1 1 1 1 1 1 1 1
ciInstanceKlass java/lang/invoke/VolatileCallSite 0 0 33 10 10 10 10 10 10 100 100 1 1 1 1 1 1 1 1 1 1 1 12 12 12 12 12 12 1 1 1 1 1 1 1
instanceKlass java/lang/StringBuilder
instanceKlass java/lang/StringBuffer
ciInstanceKlass java/lang/AbstractStringBuilder 1 1 318 7 10 9 9 10 10 10 7 3 10 3 100 10 100 10 10 10 10 100 10 10 10 8 10 10 10 10 10 10 10 10 10 10 10 7 10 11 10 8 100 10 8 10 10 8 8 10 10 11 3 8 10 10 7 5 0 8 10 10 10 10 10 10 10 10 100 10 8 8 10 10 10 8 8 8 10 10 8 10 10 10 10 10 10 10 10 10 10 10 10 10 10 10 7 100 7 1 1 1 1 1 1 1 1 1 1 1 1 1 1 1 1 1 1 1 1 1 1 1 1 1 1 1 1 1 1 1 1 1 1 1 1 1 1 1 1 1 1 1 1 1 1 1 1 1 1 1 1 1 1 1 1 1 1 1 1 1 1 1 1 1 1 1 1 1 1 1 1 1 1 1 1 1 1 1 1 1 1 1 1 1 100 1 1 1 1 1 12 12 12 12 12 7 12 1 12 1 1 12 12 7 12 12 1 12 12 1 12 7 12 12 12 12 12 12 100 1 12 12 1 1 1 12 12 1 1 12 12 1 12 12 1 1 12 12 7 12 12 12 12 12 1 1 1 12 12 12 1 1 1 12 12 1 12 12 12 12 12 12 12 12 12 12 12 12 12 12 12 1 1 1 1 1 1 1 1 1 1 1 1 1 1 1 1 1 1 1 1 1 1 1 1 1 1 1 1 1 1 1 1 1 1 1 1 1 1 1 1 1 1 1 1 1 1 1 1 1
ciInstanceKlass java/lang/StringBuffer 1 1 371 10 10 10 11 10 10 9 9 10 10 9 10 100 10 10 10 10 10 10 10 10 10 10 10 10 10 10 10 10 10 10 10 10 10 10 10 10 10 10 10 10 10 10 10 10 10 10 10 10 10 10 10 10 10 10 10 7 10 10 8 10 8 10 8 10 10 10 10 7 10 10 10 10 10 10 10 10 10 10 10 10 10 10 10 10 10 10 10 10 10 10 10 10 10 10 10 10 10 10 7 10 9 9 9 7 7 100 100 1 1 1 1 1 5 0 1 1 1 1 1 1 1 1 1 1 1 1 1 1 1 1 1 1 1 1 1 1 1 1 1 1 1 1 1 1 1 1 1 1 1 1 1 1 1 1 1 1 1 1 1 1 1 1 1 1 1 1 1 1 1 1 1 1 1 1 1 1 1 1 1 1 1 1 1 1 1 1 1 1 1 1 1 100 1 1 100 1 1 1 1 1 1 1 1 1 1 1 1 1 1 1 1 1 1 1 1 1 1 1 1 1 1 1 1 1 1 1 1 1 1 12 12 12 12 12 12 12 12 12 12 1 12 12 12 12 12 12 12 12 12 12 12 12 12 12 12 12 12 12 12 12 12 12 12 12 12 12 12 12 12 12 12 12 12 12 12 12 12 12 12 7 12 1 12 100 12 1 100 12 1 12 1 12 12 100 12 100 12 12 12 12 12 12 12 12 12 12 12 12 12 12 12 12 12 12 12 12 12 12 12 12 12 12 12 12 12 12 12 1 12 7 12 7 12 1 1 1 1 1 1 1 1 1 1 1 1 1 1 1 1 1 1 1 1 1 1 1 1 1 1 1 1 1 1 1 1 1 1 1 1
staticfield java/lang/StringBuffer serialPersistentFields [Ljava/io/ObjectStreamField; 3 [Ljava/io/ObjectStreamField;
ciInstanceKlass java/lang/StringBuilder 1 1 326 10 10 10 11 10 10 10 10 10 10 10 10 10 10 10 10 10 10 10 10 10 10 10 10 10 10 10 10 10 10 10 10 10 10 10 10 10 10 10 10 7 9 9 10 10 10 10 10 10 10 100 10 10 10 10 10 10 10 10 10 10 10 10 10 10 10 10 10 10 10 10 10 10 10 10 10 10 10 10 10 10 10 10 10 10 10 10 10 10 10 10 10 10 10 7 7 100 100 1 1 1 5 0 1 1 1 1 1 1 1 1 1 1 1 1 1 1 1 1 1 1 1 1 1 1 1 1 1 1 1 1 1 1 1 1 1 1 1 1 1 1 1 1 1 1 1 1 1 1 1 1 1 1 100 1 1 100 1 1 1 1 1 1 1 1 1 1 1 1 1 1 1 1 1 1 1 1 1 1 1 1 1 1 1 1 1 1 1 1 1 1 1 1 1 1 1 1 1 1 1 1 1 1 1 1 1 1 1 1 1 1 1 12 12 12 12 12 12 12 12 12 12 12 12 12 12 12 12 12 12 12 12 12 12 12 12 12 12 12 12 12 12 12 12 12 12 12 12 12 12 1 12 12 12 100 12 12 12 100 12 12 12 1 12 12 12 12 12 12 12 12 12 12 12 12 12 12 12 12 12 12 12 12 12 12 12 12 12 12 12 12 12 12 12 12 12 12 12 12 12 12 12 12 12 12 1 1 1 1 1 1 1 1 1 1 1 1 1 1 1 1 1 1 1 1
ciInstanceKlass sun/misc/Unsafe 1 1 390 10 10 10 10 7 8 10 9 10 10 10 10 10 10 10 10 10 10 10 10 10 10 10 10 10 10 10 10 10 10 10 10 10 10 10 10 10 10 10 10 100 10 10 7 7 8 10 10 7 10 9 7 9 7 9 7 9 7 9 7 9 7 9 7 9 7 9 10 9 9 9 9 9 9 9 9 9 10 9 7 1 1 1 1 1 3 1 1 1 1 1 1 1 1 1 1 1 1 1 1 1 1 1 1 1 1 1 1 1 1 1 1 1 100 1 1 1 1 1 1 1 1 1 1 1 1 1 1 1 1 1 1 1 1 1 1 1 1 1 1 1 1 1 1 1 1 1 1 1 1 1 1 1 1 1 1 1 1 1 1 1 1 1 1 1 1 1 1 1 1 1 1 1 1 1 1 1 1 1 1 1 1 1 1 1 1 1 1 1 1 1 1 1 1 1 1 1 1 1 1 1 1 1 100 1 1 1 1 1 1 1 1 1 1 1 1 1 1 1 1 1 1 1 1 1 1 1 1 1 1 1 7 1 1 1 1 1 1 1 1 1 1 1 1 1 1 1 1 1 1 1 1 1 1 1 1 1 1 1 1 1 1 1 1 1 1 1 1 1 1 1 1 1 1 1 1 1 1 1 1 1 1 1 1 1 1 12 7 12 7 12 7 12 1 1 12 12 12 12 12 12 12 12 12 12 12 12 12 12 12 12 12 12 12 12 12 12 100 12 100 12 12 12 12 12 12 12 12 12 12 12 1 12 1 1 12 1 12 12 1 12 1 12 1 12 1 12 1 12 1 12 1 12 1 12 12 12 12 12 12 12 12 12 12 12 12 12 1 1 1 1 1 1 1 1 1 1 1 1 1 1 1 1 1 1 1 1 1 1
staticfield sun/misc/Unsafe theUnsafe Lsun/misc/Unsafe; sun/misc/Unsafe
staticfield sun/misc/Unsafe ARRAY_BOOLEAN_BASE_OFFSET I 16
staticfield sun/misc/Unsafe ARRAY_BYTE_BASE_OFFSET I 16
staticfield sun/misc/Unsafe ARRAY_SHORT_BASE_OFFSET I 16
staticfield sun/misc/Unsafe ARRAY_CHAR_BASE_OFFSET I 16
staticfield sun/misc/Unsafe ARRAY_INT_BASE_OFFSET I 16
staticfield sun/misc/Unsafe ARRAY_LONG_BASE_OFFSET I 16
staticfield sun/misc/Unsafe ARRAY_FLOAT_BASE_OFFSET I 16
staticfield sun/misc/Unsafe ARRAY_DOUBLE_BASE_OFFSET I 16
staticfield sun/misc/Unsafe ARRAY_OBJECT_BASE_OFFSET I 16
staticfield sun/misc/Unsafe ARRAY_BOOLEAN_INDEX_SCALE I 1
staticfield sun/misc/Unsafe ARRAY_BYTE_INDEX_SCALE I 1
staticfield sun/misc/Unsafe ARRAY_SHORT_INDEX_SCALE I 2
staticfield sun/misc/Unsafe ARRAY_CHAR_INDEX_SCALE I 2
staticfield sun/misc/Unsafe ARRAY_INT_INDEX_SCALE I 4
staticfield sun/misc/Unsafe ARRAY_LONG_INDEX_SCALE I 8
staticfield sun/misc/Unsafe ARRAY_FLOAT_INDEX_SCALE I 4
staticfield sun/misc/Unsafe ARRAY_DOUBLE_INDEX_SCALE I 8
staticfield sun/misc/Unsafe ARRAY_OBJECT_INDEX_SCALE I 4
staticfield sun/misc/Unsafe ADDRESS_SIZE I 8
instanceKlass java/io/ObjectInputStream$PeekInputStream
instanceKlass java/io/ObjectInputStream$BlockDataInputStream
instanceKlass sun/awt/windows/HTMLCodec
instanceKlass sun/net/www/http/ChunkedInputStream
instanceKlass com/sun/imageio/plugins/common/InputStreamAdapter
instanceKlass sun/security/ssl/AppInputStream
instanceKlass org/eclipse/jgit/util/io/AutoCRLFInputStream
instanceKlass com/fasterxml/jackson/core/io/MergedStream
instanceKlass org/apache/http/nio/entity/ContentInputStream
instanceKlass sun/security/ssl/ByteBufferInputStream
instanceKlass sun/security/ssl/HandshakeInStream
instanceKlass org/eclipse/jgit/util/io/AutoLFInputStream
instanceKlass org/eclipse/jgit/lib/ObjectStream
instanceKlass java/util/jar/JarVerifier$VerifierStream
instanceKlass org/tmatesoft/svn/core/internal/wc/SVNFileUtil$2
instanceKlass org/tmatesoft/svn/core/internal/util/SVNLogInputStream
instanceKlass sun/nio/ch/ChannelInputStream
instanceKlass org/apache/xerces/impl/XMLEntityManager$RewindableInputStream
instanceKlass java/io/SequenceInputStream
instanceKlass org/apache/commons/io/input/ClosedInputStream
instanceKlass sun/java2d/cmm/ProfileDeferralInfo
instanceKlass java/io/ObjectInputStream
instanceKlass java/util/zip/ZipFile$ZipFileInputStream
instanceKlass java/io/FilterInputStream
instanceKlass java/io/FileInputStream
instanceKlass java/io/ByteArrayInputStream
ciInstanceKlass java/io/InputStream 1 1 63 10 10 100 10 100 10 10 7 7 5 0 10 8 10 7 100 1 1 1 3 1 1 1 1 1 1 1 1 1 1 100 1 1 100 100 1 1 1 1 1 1 1 1 1 12 12 1 1 12 1 1 100 12 1 12 1 1 1 1 1 1 1
instanceKlass sun/security/ssl/InputRecord
instanceKlass sun/security/util/DerInputBuffer
ciInstanceKlass java/io/ByteArrayInputStream 1 1 62 10 9 9 9 9 10 100 10 100 10 10 7 7 1 1 1 1 1 1 1 1 1 1 1 1 1 1 1 1 1 1 1 1 1 1 1 1 1 100 1 1 12 12 12 12 12 7 12 1 1 7 12 1 1 1 1 1 1 1 1 1
instanceKlass com/mathworks/toolbox/shared/computils/file/FileUtil$4
instanceKlass sun/awt/shell/ShellFolder
ciInstanceKlass java/io/File 1 1 593 9 9 10 9 9 9 10 9 100 10 8 10 9 10 100 10 10 10 10 10 100 8 10 10 8 10 8 10 8 10 8 10 8 10 8 10 8 10 9 10 10 10 10 10 10 7 10 10 10 10 10 7 8 10 10 10 8 10 7 10 10 10 10 7 10 100 10 10 10 10 10 8 7 10 100 100 10 10 10 7 10 10 10 10 10 10 10 10 10 10 10 7 10 11 11 11 7 11 7 10 10 10 10 7 11 10 10 10 10 10 10 10 8 10 10 10 10 10 10 10 10 100 8 10 10 10 8 8 10 10 100 8 10 10 10 10 10 10 10 10 8 10 10 9 9 10 9 10 9 10 10 10 10 10 10 9 10 9 9 10 10 10 8 100 7 100 100 7 1 1 7 1 1 1 1 1 1 1 1 1 1 1 1 1 1 1 1 1 1 1 1 1 5 0 1 1 1 1 1 1 1 1 1 100 100 1 1 1 1 1 100 1 1 1 1 100 1 1 1 1 1 1 1 1 1 1 1 1 1 1 1 1 1 1 1 1 1 100 1 100 1 1 1 1 1 1 1 1 1 1 1 1 1 1 1 100 1 1 1 100 100 1 100 1 1 100 1 1 1 1 1 1 1 1 1 1 1 1 1 1 1 1 1 100 1 1 1 1 1 1 1 1 1 1 1 100 100 1 1 100 100 100 1 1 100 1 1 1 1 12 12 12 12 12 12 12 12 1 1 12 12 12 1 12 12 12 12 1 1 12 12 1 12 1 12 1 12 1 12 1 12 1 12 1 12 12 12 12 12 12 12 12 1 12 12 12 12 12 1 1 12 12 1 12 1 12 12 12 1 1 12 12 12 12 1 1 12 1 1 12 7 12 100 12 1 12 12 12 12 12 12 12 12 7 12 12 12 1 7 12 7 12 12 1 12 1 12 1 100 12 12 12 12 12 12 12 12 1 12 12 12 12 12 12 12 12 1 1 12 12 1 1 12 12 1 1 12 12 12 12 100 12 12 100 12 100 12 12 12 12 7 12 12 12 12 7 12 7 12 7 12 7 12 12 12 12 12 12 12 12 12 12 1 1 1 1 1 1 1 1 1 1 1 1 1 1 1 1 1 1 1 1 1 1 1 1 1 1 1 1 1 1 1 1 1 1 1 1 1 1 1 1 1 1 1 1 1 1 1 1 1 1 1 1 1 1 1 1 1 1 1 1 1 1 1 1 1 1 1 1 1 1 1 1 1 1 1 1 1 1 1 1 1 1 1 1 1 1 1 1 1 1 1 1 1 1 1 1 1 1 1 1 1 1 1 1 1 1 1 1 1 1 1 1 1 1 1 1 1 1 1 1
staticfield java/io/File fs Ljava/io/FileSystem; java/io/WinNTFileSystem
staticfield java/io/File separatorChar C 92
staticfield java/io/File separator Ljava/lang/String; "\"
staticfield java/io/File pathSeparatorChar C 59
staticfield java/io/File pathSeparator Ljava/lang/String; ";"
staticfield java/io/File PATH_OFFSET J 16
staticfield java/io/File PREFIX_LENGTH_OFFSET J 12
staticfield java/io/File UNSAFE Lsun/misc/Unsafe; sun/misc/Unsafe
staticfield java/io/File $assertionsDisabled Z 1
instanceKlass com/mathworks/eps/notificationclient/api/classloader/DirectLoadURLClassLoader
instanceKlass com/mathworks/jmi/ClassLoaderManager$StandaloneURLClassLoader
instanceKlass com/mathworks/jmi/CustomURLClassLoader
instanceKlass sun/misc/Launcher$ExtClassLoader
instanceKlass sun/misc/Launcher$AppClassLoader
ciInstanceKlass java/net/URLClassLoader 1 1 550 9 10 9 10 7 10 9 10 10 10 7 10 10 10 10 10 10 7 10 10 10 100 100 100 8 10 10 10 10 11 11 11 100 11 11 10 11 11 11 10 10 10 7 10 10 7 100 10 7 10 10 10 10 100 100 10 8 10 8 10 10 10 8 8 10 10 10 100 100 8 10 10 10 10 10 10 10 10 10 7 10 10 10 10 10 10 10 10 8 10 11 9 10 9 9 9 9 9 9 10 8 10 7 10 10 7 10 10 7 10 10 10 10 7 10 9 10 8 100 8 10 10 8 10 10 9 10 10 10 10 100 8 10 100 10 10 100 10 10 7 100 10 7 10 10 10 7 1 1 1 1 1 1 1 1 1 1 1 1 1 1 100 100 100 100 1 100 1 1 1 100 1 1 100 100 100 100 100 100 100 100 100 1 1 100 100 100 100 1 1 1 1 1 1 1 100 100 1 1 1 100 1 1 100 1 1 100 1 1 100 100 1 1 1 1 1 1 1 1 1 100 100 100 1 1 1 1 1 1 1 1 1 1 1 1 12 12 12 12 1 12 12 7 12 100 12 7 12 1 12 12 12 12 7 12 1 12 12 12 1 1 1 1 12 12 12 12 100 12 100 12 12 1 12 100 12 12 12 12 12 12 12 1 12 12 1 1 12 1 12 7 12 12 1 1 1 12 1 12 12 1 1 12 12 12 1 1 1 12 12 7 12 7 12 12 12 12 12 12 1 12 7 12 12 12 12 12 7 12 12 1 12 7 12 7 12 7 12 12 12 12 12 12 12 7 12 1 12 1 12 1 12 12 1 12 12 12 12 1 7 12 7 12 12 1 1 1 12 12 1 12 12 12 100 12 12 12 12 1 1 1 12 7 12 1 12 12 1 1 1 12 7 12 1 1 1 1 1 1 1 1 1 1 1 1 1 1 1 1 1 1 1 1 1 1 1 1 1 1 1 1 1 1 1 1 1 1 1 1 1 1 1 1 1 1 1 1 1 1 1 1 1 1 1 1 1 1 1 1 1 1 1 1 1 1 1 1 1 1 1 1 1 1 1 1 1 1 1 1 1 1 1 1 1 1 1 1 1 1 1 1 1 1 1 1 1 1 1 1 1 1 1 1 1 1 1 1 1 1 1 1 1 1 1 1 1 1 1 1 1 1 1 1 1 1 1 1 1 1 1 1 1 1 1 1 1 1 1 1 1 1 1 1 1 1 1 1 1 1 1 1 1 1 1 1 1 1 1 1
ciInstanceKlass java/net/URL 1 1 566 10 10 10 9 9 10 10 10 9 10 8 10 7 10 10 8 10 9 100 8 10 10 8 9 7 10 10 9 10 9 8 9 10 9 10 8 9 10 10 10 10 8 10 10 10 10 8 9 8 10 10 7 10 10 10 10 9 10 9 10 10 10 7 10 10 10 10 10 7 10 10 10 100 8 10 9 10 10 9 10 100 10 10 10 10 10 10 10 10 10 10 10 9 9 100 8 10 10 9 10 10 7 11 7 8 8 10 10 7 8 8 7 10 10 10 10 8 8 10 100 10 10 10 10 10 10 8 10 100 10 8 8 10 8 8 8 8 100 10 9 10 10 10 10 10 10 10 10 10 10 10 10 10 10 10 100 8 10 10 10 7 10 7 7 10 9 9 100 1 1 1 1 1 5 0 1 1 1 1 1 1 1 1 1 1 1 1 1 1 1 1 1 1 1 1 1 1 1 1 1 1 1 1 1 1 1 1 1 1 1 1 100 100 100 100 1 1 1 100 100 1 1 1 1 1 1 100 100 1 1 1 1 1 1 1 1 1 1 1 1 1 1 1 1 1 1 1 1 1 100 1 1 1 100 100 100 1 1 1 1 1 1 1 100 1 1 100 100 100 1 1 1 1 100 100 1 100 1 1 1 1 1 1 1 1 1 1 1 1 12 12 12 12 12 7 12 12 12 12 12 1 12 1 12 1 12 12 1 1 12 12 1 12 1 12 12 12 12 1 12 12 12 12 1 12 12 12 12 12 1 12 12 12 12 1 12 1 12 12 1 12 12 7 12 12 100 12 100 12 12 12 12 12 1 12 12 12 12 12 1 12 1 1 7 12 100 12 12 7 12 12 1 12 12 12 12 12 100 12 12 12 7 12 12 12 12 12 1 1 12 12 12 12 1 100 12 1 1 1 12 7 12 1 1 1 1 12 12 12 1 1 7 12 1 7 12 12 12 12 100 12 100 12 100 12 1 12 1 12 12 12 12 12 12 12 12 12 12 12 12 12 12 1 1 12 1 1 1 12 7 12 12 1 1 1 1 1 1 1 1 1 1 1 1 1 1 1 1 1 1 1 1 1 1 1 1 1 1 1 1 1 1 1 1 1 1 1 1 1 1 1 1 1 1 1 1 1 1 1 1 1 1 1 1 1 1 1 1 1 1 1 1 1 1 1 1 1 1 1 1 1 1 1 1 1 1 1 1 1 1 1 1 1 1 1 1 1 1 1 1 1 1 1 1 1 1 1 1 1 1 1 1 1 1 1 1 1 1 1 1 1 1 1 1 1
staticfield java/net/URL serialPersistentFields [Ljava/io/ObjectStreamField; 7 [Ljava/io/ObjectStreamField;
ciInstanceKlass java/util/jar/Manifest 1 1 265 10 7 10 9 7 10 9 9 10 10 10 10 10 11 11 10 10 100 100 10 8 10 10 10 10 11 100 10 10 11 11 11 11 100 100 8 10 11 7 8 10 10 10 8 10 10 10 11 10 10 10 8 10 7 10 10 10 100 8 10 10 8 10 10 10 10 11 10 10 10 100 7 10 11 10 11 10 7 100 1 1 1 1 1 1 1 1 1 1 1 1 1 1 1 1 1 1 1 1 1 1 1 1 1 1 1 100 1 1 1 100 100 100 100 100 1 1 1 100 100 100 100 1 1 100 1 1 1 1 1 1 1 1 1 1 12 1 12 1 12 12 12 12 12 12 12 7 12 12 100 12 1 1 1 12 12 12 12 1 12 12 12 100 12 100 12 12 1 1 1 1 12 1 1 12 12 12 1 12 12 12 12 12 12 1 12 1 12 12 12 1 1 12 1 12 7 12 12 12 12 12 7 12 12 1 1 12 12 12 1 1 1 1 1 1 1 1 1 1 1 1 1 1 1 1 1 1 1 1 1 1 1 1 1 1 1 1 1 1 1 1 1 1 1 1 1 1 1 1 1 1 1 1 1 1 1 1 1 1 1 1 1 1 1
ciInstanceKlass sun/misc/Launcher 1 1 228 9 10 10 9 9 10 10 100 100 8 10 10 9 8 10 10 8 10 8 10 8 100 10 10 10 100 100 100 100 10 100 10 8 10 10 10 9 7 10 9 10 7 10 10 8 10 10 10 10 10 100 10 7 10 7 10 8 7 100 1 1 7 1 7 1 7 1 1 1 1 1 1 1 1 1 1 1 1 1 1 1 1 1 1 100 100 100 100 100 100 100 100 100 1 1 1 1 1 1 100 1 1 100 1 1 100 1 1 1 1 1 1 1 1 1 12 12 12 12 12 12 12 1 1 1 12 12 12 1 7 12 12 1 7 12 1 7 12 1 1 100 12 100 12 1 1 1 1 12 1 1 12 12 12 12 1 12 12 12 1 12 1 12 12 12 12 7 12 1 12 1 12 1 1 1 1 1 1 1 1 1 1 1 1 1 1 1 1 1 1 1 1 1 1 1 1 1 1 1 1 1 1 1 1 1 1 1 1 1 1 1 1 1 1 1 1 1 1 1 1 1 1 1 1 1 1 1
ciInstanceKlass sun/misc/Launcher$AppClassLoader 1 1 203 8 10 100 10 7 10 10 7 10 10 10 11 9 10 10 10 10 10 10 10 10 100 10 10 10 7 8 10 10 9 10 100 10 10 10 10 100 10 100 100 10 100 10 10 100 10 7 10 10 7 7 1 1 1 1 1 1 1 1 1 1 1 100 100 1 100 1 1 1 1 100 1 1 1 1 1 1 1 1 100 1 1 1 1 1 7 12 1 12 1 12 7 12 1 12 12 7 12 7 12 12 7 12 7 12 12 12 100 12 12 12 12 1 12 12 12 1 1 7 12 12 100 12 1 12 12 12 1 12 1 1 12 1 12 12 1 12 1 7 12 12 1 1 1 1 1 1 1 1 1 1 1 1 1 1 1 1 1 1 1 1 1 1 1 1 1 1 1 1 1 1 1 1 1 1 1 1 1 1 1 1 1 1 1 1 1 1 1 1 1 1 1 1 1 1 1 1 1 1 1 1 1
staticfield sun/misc/Launcher$AppClassLoader $assertionsDisabled Z 1
ciInstanceKlass sun/misc/Launcher$ExtClassLoader 1 1 243 10 9 7 10 7 10 10 100 10 100 10 10 10 10 10 11 10 8 10 7 9 10 10 7 10 10 7 10 10 8 10 10 10 10 10 7 10 10 10 10 100 10 11 10 10 8 10 10 10 100 10 100 100 10 100 10 10 100 10 10 7 1 1 1 1 1 1 1 1 1 100 100 1 1 100 1 1 1 1 1 1 100 100 100 1 1 100 100 1 1 100 100 100 100 1 1 1 1 1 1 1 12 12 7 1 12 1 12 7 12 1 12 1 12 12 12 12 7 12 7 12 7 12 1 7 12 1 12 12 12 1 12 12 1 12 1 7 12 12 12 12 12 1 12 12 12 12 1 7 12 7 12 12 1 7 12 12 12 1 12 1 1 12 1 12 12 1 12 7 12 1 1 1 1 1 1 1 1 1 1 1 1 1 1 1 1 1 1 1 1 1 1 1 1 1 1 1 1 1 1 1 1 1 1 1 1 1 1 1 1 1 1 1 1 1 1 1 1 1 1 1 1 1 1 1 1 1 1 1 1 1 1 1 1 1 1 1 1 1 1 1 1
ciInstanceKlass java/security/CodeSource 1 1 351 10 9 9 9 9 10 7 10 7 10 7 10 10 10 7 10 10 10 10 10 7 10 10 10 10 10 10 10 10 10 10 10 10 10 8 10 10 10 10 8 10 10 100 10 10 8 10 10 10 8 8 9 100 8 10 10 8 10 8 8 8 10 10 10 10 10 10 100 100 10 10 10 10 10 100 10 10 8 10 10 10 100 10 100 100 8 8 10 10 10 100 10 10 11 10 10 11 10 10 8 100 10 10 7 10 11 11 7 100 1 1 1 5 0 1 1 1 1 1 1 1 1 1 1 1 1 1 1 1 100 100 1 1 1 1 1 1 1 1 1 100 1 1 1 1 1 1 1 100 1 1 100 1 1 100 100 100 1 1 1 100 100 100 100 100 100 100 100 1 1 1 1 12 12 12 12 12 100 12 7 7 12 1 12 12 7 1 12 7 12 12 12 1 12 7 100 12 100 12 12 100 12 12 12 12 1 12 12 12 12 1 12 1 12 1 12 12 12 1 1 12 1 1 12 12 1 12 1 1 1 100 12 12 12 12 12 12 1 1 12 12 12 100 12 12 1 12 1 12 12 12 1 12 1 1 1 1 12 100 12 1 12 12 100 12 12 12 100 1 1 12 12 1 12 12 1 1 1 1 1 1 1 1 1 1 1 1 1 1 1 1 1 1 1 1 1 1 1 1 1 1 1 1 1 1 1 1 1 1 1 1 1 1 1 1 1 1 1 1 1 1 1 1 1 1 1 1 1 1 1 1 1 1 1 1 1 1 1 1 1 1 1 1 1 1 1 1 1 1 1
ciInstanceKlass java/lang/StackTraceElement 1 1 101 10 8 10 100 9 8 9 9 9 100 10 10 10 8 10 8 8 8 10 8 10 8 7 10 10 10 10 100 100 1 1 1 1 1 1 1 1 1 5 0 1 1 1 1 1 1 1 1 1 1 1 1 1 1 100 100 100 1 1 1 1 1 12 1 100 12 1 12 1 12 12 12 1 12 12 1 12 1 1 1 12 1 12 1 1 12 12 12 12 1 1 1 1 1 1 1 1 1 1 1
instanceKlass java/nio/DoubleBuffer
instanceKlass java/nio/FloatBuffer
instanceKlass java/nio/ShortBuffer
instanceKlass java/nio/IntBuffer
instanceKlass java/nio/LongBuffer
instanceKlass java/nio/CharBuffer
instanceKlass java/nio/ByteBuffer
ciInstanceKlass java/nio/Buffer 1 1 106 100 10 9 9 100 100 10 8 10 10 10 10 9 10 10 8 8 8 9 10 100 10 100 10 100 10 100 10 7 7 1 1 1 3 1 1 1 1 1 1 1 1 1 1 1 100 1 1 1 1 1 1 1 1 1 1 1 1 1 1 1 1 1 1 1 1 1 1 1 1 1 1 1 1 1 1 12 12 12 1 1 1 12 12 12 12 12 12 12 1 1 1 12 1 1 1 1 1 1 1 1 1 1 1 1
ciInstanceKlass java/lang/Boolean 1 1 112 10 9 10 10 8 10 9 9 8 10 7 10 10 100 100 10 10 8 10 9 7 100 100 1 1 1 1 1 1 1 1 1 1 1 1 5 0 1 1 1 1 1 1 1 1 1 1 1 1 100 1 1 1 100 1 1 1 1 1 1 1 100 1 1 1 1 1 1 1 1 1 1 1 1 1 1 12 12 12 12 1 7 12 12 12 1 12 1 12 7 12 1 1 12 12 1 7 12 12 1 1 1 1 1 1 1 1 1 1 1 1
staticfield java/lang/Boolean TRUE Ljava/lang/Boolean; java/lang/Boolean
staticfield java/lang/Boolean FALSE Ljava/lang/Boolean; java/lang/Boolean
staticfield java/lang/Boolean TYPE Ljava/lang/Class; java/lang/Class
ciInstanceKlass java/lang/Character 1 1 463 7 100 10 9 9 10 10 10 10 10 3 3 3 3 3 10 10 3 11 11 10 10 100 10 10 3 10 10 10 100 10 10 10 10 10 10 10 10 10 10 10 10 10 10 10 10 10 10 10 10 10 10 10 10 10 10 10 10 10 10 10 10 10 10 10 10 10 10 10 10 5 0 10 10 10 10 10 10 10 10 10 10 9 100 10 10 10 3 10 10 100 10 10 10 10 8 10 9 10 10 10 10 8 10 9 7 100 100 7 1 1 100 1 100 1 100 1 1 1 1 3 1 3 1 1 3 1 3 1 1 1 1 1 1 1 3 1 1 3 1 3 1 3 1 3 1 3 1 3 1 3 1 3 1 3 1 3 1 3 1 3 1 3 1 3 1 3 1 3 1 3 1 3 1 3 1 3 1 3 1 3 1 3 1 3 1 3 1 3 1 3 1 3 1 1 1 1 1 1 1 1 1 1 1 1 1 1 1 1 1 1 1 3 1 1 1 3 1 1 3 1 1 1 1 1 3 1 1 1 5 0 1 1 1 1 1 1 1 1 1 1 1 1 1 1 1 1 1 1 1 1 1 1 1 1 1 1 1 1 1 1 1 1 1 1 1 1 1 1 1 1 1 1 1 1 1 1 1 1 1 1 1 1 1 1 1 1 1 1 1 1 1 1 1 1 1 1 1 1 1 1 1 1 1 1 1 1 1 1 1 1 1 1 1 1 1 1 1 1 1 1 1 1 1 1 1 1 1 1 1 1 1 1 100 100 1 1 1 1 1 1 1 1 12 12 12 12 12 12 7 12 12 12 12 7 12 12 12 12 1 12 12 12 12 1 12 12 12 12 12 12 7 12 12 12 12 12 12 12 12 12 12 12 12 12 12 12 12 12 12 12 12 12 12 12 12 12 12 12 12 12 12 1 12 12 100 12 12 1 12 12 12 1 100 12 100 12 12 12 7 12 1 12 12 1 1 1 1 1 1 1 1 1 1 1 1 1 1 1 1 1 1 1 1 1 1 1 1 1 1 1 1 1 1 1 1 1 1 1 1 1 1
staticfield java/lang/Character TYPE Ljava/lang/Class; java/lang/Class
staticfield java/lang/Character $assertionsDisabled Z 1
instanceKlass com/google/gson/internal/LazilyParsedNumber
instanceKlass com/sun/jna/IntegerType
instanceKlass com/google/gson/BufferedImageConverter$OptimizedImageElementNumber
instanceKlass com/google/gson/internal/LazilyParsedNumber
instanceKlass java/math/BigInteger
instanceKlass java/math/BigDecimal
instanceKlass com/mathworks/util/types/UnsignedNumber
instanceKlass java/util/concurrent/atomic/AtomicLong
instanceKlass java/util/concurrent/atomic/AtomicInteger
instanceKlass java/lang/Long
instanceKlass java/lang/Integer
instanceKlass java/lang/Short
instanceKlass java/lang/Byte
instanceKlass java/lang/Double
instanceKlass java/lang/Float
ciInstanceKlass java/lang/Number 1 1 34 10 10 100 7 100 1 1 1 5 0 1 1 1 1 1 1 1 1 1 1 1 1 1 1 1 1 1 1 12 12 1 1 1
ciInstanceKlass java/lang/Float 1 1 175 7 100 10 10 100 4 100 10 10 8 8 10 10 10 10 4 4 4 10 9 10 10 10 10 10 10 3 3 3 10 10 10 10 8 10 9 7 100 1 1 1 1 1 4 1 1 1 4 1 1 3 1 3 1 3 1 3 1 1 1 1 1 1 1 5 0 1 1 1 1 1 1 1 1 1 7 1 1 1 1 1 1 1 1 1 1 1 1 1 1 1 1 1 1 1 1 1 1 1 1 1 1 1 1 1 1 1 1 1 1 1 1 1 1 1 1 1 1 1 1 1 1 1 1 1 7 12 100 12 1 1 12 100 12 1 1 100 12 12 12 12 12 12 12 12 12 12 12 12 12 12 12 1 7 12 12 1 1 1 1 1 1 1 1 1 1 1 1 1 1 1 1 1 1
staticfield java/lang/Float TYPE Ljava/lang/Class; java/lang/Class
ciInstanceKlass java/lang/Double 1 1 229 7 100 10 10 10 100 10 10 6 0 8 10 8 10 8 100 6 0 10 5 0 5 0 8 8 10 10 8 10 8 8 8 10 10 10 10 10 10 10 10 6 0 6 0 6 0 10 9 10 10 10 10 5 0 5 0 10 10 10 10 8 10 9 7 100 1 1 1 1 1 6 0 1 1 1 6 0 1 1 3 1 3 1 3 1 3 1 1 1 1 1 1 1 5 0 1 1 1 1 1 1 100 100 1 1 1 7 1 1 1 1 1 1 1 1 1 1 1 1 1 1 1 1 1 1 1 1 1 1 1 1 1 1 1 1 1 1 1 1 1 1 1 1 1 1 1 1 1 1 1 1 1 1 1 1 1 7 12 12 12 1 12 100 12 1 12 1 12 1 1 12 1 1 100 12 100 12 1 12 1 1 1 12 12 12 12 12 12 12 12 12 12 12 12 12 12 12 12 12 1 7 12 12 1 1 1 1 1 1 1 1 1 1 1 1 1 1 1 1 1 1 1 1 1 1 1 1 1
staticfield java/lang/Double TYPE Ljava/lang/Class; java/lang/Class
ciInstanceKlass java/lang/Byte 1 1 153 7 10 9 10 7 100 10 8 10 8 10 10 10 10 10 10 10 10 8 8 10 9 10 10 10 10 5 0 10 8 10 9 7 100 7 1 1 1 1 1 3 1 3 1 1 1 1 1 1 1 3 1 3 1 1 5 0 1 1 1 1 1 1 1 1 1 1 1 1 1 1 1 1 1 1 1 1 1 1 1 1 1 1 1 1 1 1 1 1 1 1 1 1 1 1 1 1 1 1 1 1 1 1 1 1 100 12 12 12 1 1 12 1 12 1 12 12 12 12 12 12 12 12 1 1 12 12 12 12 12 12 1 7 12 12 1 1 1 1 1 1 1 1 1 1 1 1 1 1 1 1 1
staticfield java/lang/Byte TYPE Ljava/lang/Class; java/lang/Class
ciInstanceKlass java/lang/Short 1 1 161 7 100 10 10 7 100 10 8 10 8 10 10 10 10 10 10 9 10 10 10 8 8 10 9 10 10 10 10 3 3 5 0 10 8 10 9 7 100 7 1 1 1 1 1 3 1 3 1 1 1 1 1 1 1 3 1 3 1 1 5 0 1 1 1 1 1 1 1 1 1 1 1 1 1 1 1 1 1 1 1 1 1 1 1 1 1 1 1 1 1 1 1 1 1 1 1 1 1 1 1 1 1 1 1 1 1 1 1 1 1 1 1 100 12 12 1 1 12 1 12 1 12 12 12 12 12 12 12 12 12 12 1 1 12 12 12 12 12 12 1 7 12 12 1 1 1 1 1 1 1 1 1 1 1 1 1 1 1 1 1
staticfield java/lang/Short TYPE Ljava/lang/Class; java/lang/Class
ciInstanceKlass java/lang/Integer 1 1 314 7 100 7 10 9 7 10 10 10 10 10 10 10 10 3 8 10 10 10 3 9 9 3 9 7 8 10 100 10 8 10 10 8 10 8 10 3 10 10 10 10 8 100 10 10 5 0 8 10 10 7 9 9 10 10 9 10 10 10 10 100 100 10 8 8 10 8 8 8 8 8 8 10 10 10 5 0 3 3 3 3 3 10 10 8 10 9 3 3 3 3 3 3 7 100 1 1 1 1 1 1 1 1 1 1 1 1 1 1 1 1 1 1 3 1 3 1 1 5 0 1 1 1 1 1 100 1 1 1 1 1 1 1 1 1 1 1 1 1 1 100 1 1 1 1 1 1 1 1 1 1 1 1 1 1 1 1 1 1 1 1 1 1 1 1 1 1 1 100 1 100 100 1 1 1 1 1 1 1 1 1 1 1 1 1 1 1 1 1 1 1 1 1 1 1 1 1 1 1 1 1 1 1 1 12 12 1 12 12 100 12 12 12 7 12 12 12 1 12 12 12 12 12 12 1 1 12 1 12 1 12 12 1 12 1 12 12 12 12 12 1 1 12 12 1 12 12 1 12 12 12 12 12 12 12 7 12 1 1 12 1 1 12 1 1 1 1 1 1 12 12 12 12 12 1 7 12 12 1 1 1 1 1 1 1 1 1 1 1 1 1 1 1 1 1 1 1 1 1 1 1 1 1 1 1 1 1 1 1 1 1 1 1
staticfield java/lang/Integer TYPE Ljava/lang/Class; java/lang/Class
staticfield java/lang/Integer digits [C 36
staticfield java/lang/Integer DigitTens [C 100
staticfield java/lang/Integer DigitOnes [C 100
staticfield java/lang/Integer sizeTable [I 10
ciInstanceKlass java/lang/Long 1 1 361 7 100 7 10 9 7 10 10 10 10 10 5 0 5 0 100 10 10 10 10 10 10 10 10 10 10 10 10 10 10 10 5 0 8 10 10 10 7 5 0 5 0 9 9 3 3 7 8 10 8 10 8 8 10 5 0 10 10 10 10 8 100 10 10 8 10 8 10 10 5 0 5 0 9 10 8 8 10 8 8 8 8 8 8 10 10 10 10 9 10 10 10 100 100 10 10 10 10 10 5 0 5 0 5 0 5 0 5 0 10 10 10 8 10 9 7 100 7 1 1 1 1 1 1 5 0 1 1 1 1 1 1 1 3 1 3 1 5 0 1 1 1 1 1 100 1 1 1 1 1 1 1 1 1 1 1 1 1 1 1 1 100 1 1 1 1 1 1 1 1 100 100 1 1 1 1 1 1 1 1 1 1 1 1 1 1 1 1 1 1 1 1 1 1 100 1 1 1 1 1 1 1 1 1 1 1 1 1 1 1 1 1 1 1 1 1 1 1 1 1 1 1 1 1 1 1 1 12 12 1 12 12 12 12 12 1 12 12 12 12 12 12 100 12 12 12 12 12 12 7 12 12 12 1 12 12 12 1 12 12 1 1 12 1 12 1 1 12 12 12 12 12 1 1 12 12 1 12 1 12 12 12 12 1 1 12 1 1 1 1 1 1 12 12 12 12 12 12 100 12 1 1 12 12 12 12 12 12 12 1 7 12 12 1 1 1 1 1 1 1 1 1 1 1 1 1 1 1 1 1 1 1 1 1 1 1 1 1 1 1 1 1 1 1 1 1 1 1 1 1 1 1 1 1 1 1 1 1 1 1
staticfield java/lang/Long TYPE Ljava/lang/Class; java/lang/Class
ciInstanceKlass java/lang/NullPointerException 1 1 21 10 10 100 7 1 1 1 5 0 1 1 1 1 1 1 1 12 12 1 1
ciInstanceKlass java/lang/ArithmeticException 1 1 21 10 10 100 100 1 1 1 5 0 1 1 1 1 1 1 1 12 12 1 1
ciInstanceKlass java/util/Collection 1 1 88 10 11 11 11 11 11 10 11 10 7 100 100 1 1 1 1 1 1 1 1 1 1 1 1 1 1 1 1 1 1 1 1 1 1 1 1 1 1 1 1 100 1 1 1 1 1 1 1 1 1 1 1 1 1 1 1 1 100 12 12 100 12 12 100 12 12 7 12 12 7 12 1 1 1 1 1 1 1 1 1 1 1 1 1 1 1 1
ciInstanceKlass java/util/List 1 1 116 10 11 11 11 11 11 11 10 100 10 100 100 100 1 1 1 1 1 1 1 1 1 1 1 1 1 1 1 1 1 1 1 1 1 1 1 1 1 1 1 1 1 1 1 100 1 1 1 100 100 100 1 1 1 1 1 1 1 1 1 1 1 1 1 1 1 1 1 1 1 1 1 1 1 1 1 1 1 1 1 1 100 12 12 100 12 12 100 12 12 12 100 12 1 100 12 1 1 1 1 1 1 1 1 1 1 1 1 1 1 1 1 1 1 1
ciInstanceKlass java/util/RandomAccess 1 1 7 100 100 1 1 1 1
instanceKlass com/fasterxml/jackson/databind/util/internal/LinkedDeque
instanceKlass java/util/AbstractMap$2
instanceKlass com/google/common/collect/Maps$Values
instanceKlass com/google/common/collect/AbstractMultimap$Values
instanceKlass com/sun/jna/Structure$2$StructureSet
instanceKlass java/util/EnumMap$Values
instanceKlass com/google/common/collect/AbstractMapBasedMultimap$WrappedCollection
instanceKlass com/google/common/collect/ImmutableCollection
instanceKlass java/util/TreeMap$Values
instanceKlass java/util/IdentityHashMap$Values
instanceKlass java/util/LinkedHashMap$LinkedValues
instanceKlass java/util/concurrent/ConcurrentLinkedDeque
instanceKlass org/apache/logging/log4j/ThreadContext$EmptyThreadContextStack
instanceKlass java/util/AbstractQueue
instanceKlass java/util/HashMap$Values
instanceKlass java/util/ArrayDeque
instanceKlass java/util/AbstractSet
instanceKlass java/util/AbstractList
ciInstanceKlass java/util/AbstractCollection 1 1 149 100 10 10 10 11 11 10 7 10 10 10 10 10 7 10 7 3 10 100 8 10 3 100 10 11 11 10 10 10 11 8 100 10 10 8 10 10 7 1 1 1 1 1 1 1 1 1 1 1 1 1 1 1 1 1 1 100 1 1 1 1 1 1 1 1 1 1 1 1 1 1 1 1 1 1 1 1 1 1 100 100 100 1 1 1 1 12 12 12 7 12 12 12 1 100 12 12 12 7 12 7 12 1 100 12 1 12 1 1 12 1 12 12 12 7 12 1 1 12 1 12 12 1 1 1 1 1 1 1 1 1 1 1 1 1 1 1 1 1 1 1 1 1 1 1 1 1 1
instanceKlass org/apache/xerces/impl/xs/util/XSObjectListImpl
instanceKlass org/jdom2/ContentList$FilterList
instanceKlass org/jdom2/ContentList
instanceKlass sun/security/jca/ProviderList$ServiceList
instanceKlass sun/security/jca/ProviderList$3
instanceKlass sun/awt/util/IdentityArrayList
instanceKlass java/util/Collections$SingletonList
instanceKlass com/mathworks/services/settings/SettingPath
instanceKlass java/util/ArrayList$SubList
instanceKlass java/util/SubList
instanceKlass java/util/Arrays$ArrayList
instanceKlass java/util/AbstractSequentialList
instanceKlass java/util/Collections$EmptyList
instanceKlass java/util/ArrayList
instanceKlass java/util/Vector
ciInstanceKlass java/util/AbstractList 1 1 172 10 9 10 10 100 10 10 11 11 11 10 10 11 11 11 10 10 11 11 11 7 10 7 10 7 7 10 100 10 7 11 10 10 11 100 10 10 100 10 8 10 10 8 10 7 7 100 1 1 1 1 1 1 1 1 1 1 1 1 1 1 1 1 1 1 1 1 1 1 1 1 1 100 1 1 1 1 100 1 1 1 1 1 1 1 1 1 1 1 100 1 1 100 1 1 100 1 1 1 1 1 1 1 1 1 12 12 12 12 1 12 7 12 12 12 7 12 12 12 12 12 12 12 100 12 7 1 12 1 12 1 1 12 1 1 12 12 1 12 12 1 1 12 12 1 12 1 1 1 1 1 1 1 1 1 1 1 1 1 1 1 1 1 1 1 1 1 1 1 1 1
ciInstanceKlass java/lang/InterruptedException 1 1 21 10 10 100 7 1 1 1 5 0 1 1 1 1 1 1 1 12 12 1 1
instanceKlass com/mathworks/toolstrip/factory/TSToolSetContents$DependentList
instanceKlass com/mathworks/widgets/desk/DTNotifyingList
ciInstanceKlass java/util/ArrayList 1 1 365 100 9 10 7 9 9 100 100 10 8 10 10 10 10 9 11 10 7 10 9 10 7 10 10 10 10 3 10 100 10 3 10 10 10 100 100 10 10 10 10 10 10 10 100 10 10 8 8 10 10 11 10 10 10 100 10 10 10 10 11 10 7 10 7 10 10 7 10 8 8 8 8 8 11 7 10 100 10 11 10 10 11 10 7 100 100 100 100 1 1 1 1 1 1 1 1 5 0 1 1 3 1 1 1 1 1 1 1 1 1 1 1 100 1 1 100 1 1 1 1 1 1 1 1 1 1 1 1 1 1 1 1 1 1 1 1 1 100 1 1 1 1 1 1 1 1 1 1 1 1 1 1 1 100 1 1 1 1 1 1 1 1 1 1 1 1 1 1 1 1 1 1 100 1 1 1 1 100 1 1 100 1 1 1 1 1 1 1 1 1 1 1 1 1 1 1 100 1 1 1 1 1 1 100 100 1 1 1 1 1 1 1 1 1 1 1 1 1 1 12 12 1 12 12 1 1 1 12 12 12 12 12 7 12 12 7 12 12 12 1 12 7 12 12 12 12 1 12 12 12 1 1 12 7 12 12 12 12 12 12 1 12 1 1 7 12 12 12 100 12 12 12 1 100 12 12 100 12 100 12 12 1 12 1 12 12 1 12 1 1 1 1 1 7 12 1 12 1 12 100 12 12 12 100 12 12 1 1 1 1 1 1 1 1 1 1 1 1 1 1 1 1 1 1 1 1 1 1 1 1 1 1 1 1 1 1 1 1 1 1 1 1 1 1 1 1 1 1 1 1 1 1 1 1 1 1 1 1 1 1 1 1 1 1
staticfield java/util/ArrayList EMPTY_ELEMENTDATA [Ljava/lang/Object; 0 [Ljava/lang/Object;
staticfield java/util/ArrayList DEFAULTCAPACITY_EMPTY_ELEMENTDATA [Ljava/lang/Object; 0 [Ljava/lang/Object;
ciInstanceKlass java/util/Collections 1 1 683 10 11 7 11 7 10 10 11 100 11 11 10 11 11 11 10 10 10 11 10 11 11 9 7 10 10 10 11 10 11 100 8 10 11 11 11 10 10 10 10 11 10 10 10 7 10 7 10 7 10 100 10 7 10 7 10 7 10 7 10 100 10 100 10 10 7 10 10 100 10 100 10 7 10 7 10 10 10 7 10 7 10 100 10 100 10 10 100 100 10 100 10 100 10 100 10 100 10 100 10 100 10 100 10 100 10 9 9 9 9 10 9 9 10 7 10 7 10 100 10 7 10 100 10 100 100 10 8 10 10 10 10 100 10 9 10 100 9 10 7 10 7 10 11 11 10 100 11 11 11 7 10 100 10 7 10 7 10 7 10 100 1 1 1 1 100 1 1 1 1 1 1 1 1 7 1 100 1 7 1 1 1 1 1 1 1 1 1 1 1 1 1 1 1 1 1 1 1 1 1 1 1 1 1 1 1 1 1 1 1 1 3 1 3 1 3 1 3 1 3 1 3 1 3 1 3 1 1 1 1 1 1 1 1 1 1 1 1 1 1 1 1 1 1 1 1 1 1 1 100 1 100 1 1 100 1 1 1 1 100 1 1 100 1 1 1 1 1 1 1 1 1 1 1 1 1 1 100 1 1 1 1 1 1 1 1 1 1 1 1 1 1 1 1 1 1 1 1 1 1 1 1 1 1 1 1 1 1 1 1 1 1 1 1 1 1 1 1 1 1 1 1 1 1 1 1 1 1 1 1 1 1 1 1 1 1 1 1 1 1 1 1 1 1 1 1 1 1 1 1 1 1 1 1 1 1 1 1 1 1 1 1 1 1 1 1 1 1 1 1 1 1 1 1 1 1 1 1 1 1 1 1 1 1 1 1 1 1 1 1 1 1 1 1 1 1 1 1 1 1 1 1 1 1 1 1 1 1 1 1 1 1 1 1 1 1 1 1 1 1 1 1 1 1 1 1 1 100 1 1 1 1 1 1 1 1 100 1 1 1 1 1 1 1 1 1 1 1 1 1 1 1 12 7 12 1 12 1 12 12 12 1 12 12 12 100 12 12 12 12 12 12 7 12 12 12 12 12 1 12 12 12 12 12 1 1 12 7 12 100 12 12 12 12 12 12 12 12 12 1 12 1 12 1 12 1 12 1 12 1 1 12 1 12 1 12 1 12 1 12 1 1 1 1 12 1 1 1 1 12 100 12 1 1 12 1 12 1 12 1 12 1 12 1 1 12 1 12 1 12 12 12 12 12 12 12 12 12 1 12 1 1 1 1 12 1 1 1 12 12 12 1 12 12 12 1 12 12 1 1 7 12 12 12 1 12 1 1 12 1 12 1 1 1 1 1 1 1 1 1 1 1 1 1 1 1 1 1 1 1 1 1 1 1 1 1 1 1 1 1 1 1 1 1 1 1 1 1 1 1 1 1 1 1 1 1 1 1 1 1 1 1 1 1 1 1 1 1 1 1 1 1 1 1 1 1 1 1 1 1 100 1 1 1 1 1 1 1 1 1 1 1 1 1 1 1 1 1 1 1 1 1
staticfield java/util/Collections EMPTY_SET Ljava/util/Set; java/util/Collections$EmptySet
staticfield java/util/Collections EMPTY_LIST Ljava/util/List; java/util/Collections$EmptyList
staticfield java/util/Collections EMPTY_MAP Ljava/util/Map; java/util/Collections$EmptyMap
ciInstanceKlass java/util/Set 1 1 50 100 10 100 100 100 1 1 1 1 1 1 1 1 1 1 1 1 1 1 1 1 1 1 1 1 1 1 1 1 1 1 1 1 1 1 1 1 1 1 1 1 1 100 12 1 1 1 1 1
instanceKlass java/util/EnumMap$KeySet
instanceKlass java/util/EnumMap$EntrySet
instanceKlass com/google/gson/internal/LinkedTreeMap$EntrySet
instanceKlass org/eclipse/jgit/util/RefMap$1
instanceKlass java/util/concurrent/CopyOnWriteArraySet
instanceKlass com/google/common/collect/Sets$SetView
instanceKlass com/google/gson/internal/LinkedTreeMap$KeySet
instanceKlass java/util/IdentityHashMap$EntrySet
instanceKlass sun/util/PreHashedMap$1
instanceKlass java/util/IdentityHashMap$KeySet
instanceKlass com/google/common/collect/Sets$ImprovedAbstractSet
instanceKlass com/google/gson/internal/LinkedTreeMap$EntrySet
instanceKlass javax/imageio/spi/PartiallyOrderedSet
instanceKlass java/util/Collections$SingletonSet
instanceKlass sun/util/resources/ParallelListResourceBundle$KeySet
instanceKlass java/util/TreeMap$EntrySet
instanceKlass java/util/Hashtable$KeySet
instanceKlass java/util/TreeMap$KeySet
instanceKlass java/util/TreeSet
instanceKlass java/util/EnumSet
instanceKlass java/util/HashMap$KeySet
instanceKlass java/lang/ProcessEnvironment$CheckedEntrySet
instanceKlass java/util/HashMap$EntrySet
instanceKlass java/util/LinkedHashMap$LinkedEntrySet
instanceKlass java/util/LinkedHashMap$LinkedKeySet
instanceKlass java/util/HashSet
instanceKlass java/util/WeakHashMap$KeySet
instanceKlass java/util/Collections$SetFromMap
instanceKlass java/util/Hashtable$EntrySet
instanceKlass java/util/Collections$EmptySet
ciInstanceKlass java/util/AbstractSet 1 1 75 10 7 7 11 10 10 100 100 10 11 11 10 10 11 10 11 11 7 7 1 1 1 1 1 1 1 100 100 100 1 1 100 1 1 1 1 1 1 1 12 1 1 12 12 1 1 12 100 12 12 100 12 100 12 12 12 12 1 1 1 1 1 1 1 1 1 1 1 1 1 1 1 1 1
instanceKlass sun/font/AttributeMap
instanceKlass com/google/common/collect/MapMakerInternalMap
instanceKlass com/google/gson/internal/LinkedTreeMap
instanceKlass com/fasterxml/jackson/databind/util/internal/PrivateMaxEntriesMap
instanceKlass org/eclipse/jgit/util/RefMap
instanceKlass com/google/common/collect/Maps$ViewCachingAbstractMap
instanceKlass com/google/gson/internal/LinkedTreeMap
instanceKlass com/google/common/cache/LocalCache
instanceKlass java/util/EnumMap
instanceKlass sun/misc/SoftCache
instanceKlass java/util/TreeMap
instanceKlass java/util/IdentityHashMap
instanceKlass java/util/concurrent/ConcurrentHashMap
instanceKlass sun/util/PreHashedMap
instanceKlass java/util/WeakHashMap
instanceKlass java/util/HashMap
instanceKlass java/util/Collections$EmptyMap
ciInstanceKlass java/util/AbstractMap 1 1 161 10 10 10 11 10 11 11 11 7 11 10 11 100 10 11 11 10 11 9 100 10 9 7 10 7 11 11 11 100 100 11 8 7 10 10 8 10 10 10 7 7 100 1 1 100 1 1 1 1 1 1 1 1 1 1 1 1 1 1 1 1 1 1 1 100 1 1 1 1 1 1 1 1 100 100 1 1 1 1 1 100 1 1 100 1 1 1 1 1 100 100 100 1 1 1 100 100 1 1 1 100 1 1 1 1 1 1 12 12 12 7 12 12 7 12 12 1 12 12 12 1 12 12 12 12 1 12 12 1 1 12 12 1 1 12 1 1 12 1 12 12 12 1 1 1 1 1 1 1 1 1 1 1 1 1 1 1 1 1 1
instanceKlass java/util/Collections$UnmodifiableSet
instanceKlass java/util/Collections$UnmodifiableList
ciInstanceKlass java/util/Collections$UnmodifiableCollection 1 1 110 10 100 10 9 11 11 11 11 11 10 7 10 100 10 11 11 11 11 11 7 7 7 100 1 1 1 1 1 5 0 1 1 1 1 1 1 1 1 1 100 100 1 1 1 1 1 1 1 1 1 1 1 1 1 1 1 1 1 1 1 1 1 1 1 1 1 1 1 1 1 1 1 1 1 1 1 1 1 1 1 1 1 1 1 1 12 1 12 12 12 12 12 12 12 1 12 1 12 12 12 12 12 100 1 1 1 1 1 1
instanceKlass java/util/Collections$UnmodifiableRandomAccessList
ciInstanceKlass java/util/Collections$UnmodifiableList 1 1 105 10 9 11 11 11 100 10 11 11 10 7 10 7 11 10 100 100 10 7 7 1 1 1 1 1 5 0 1 1 1 1 1 1 1 1 1 1 1 1 1 1 1 1 1 1 1 1 1 1 1 1 1 1 1 1 1 1 1 1 1 1 1 1 1 1 1 1 1 1 1 1 1 1 100 1 1 1 1 12 12 12 12 12 1 12 12 12 12 1 12 100 1 12 12 1 1 1 1 1 1 1 1 1 1
ciInstanceKlass java/util/Collections$UnmodifiableRandomAccessList 1 1 42 10 7 9 11 10 7 100 1 1 1 5 0 1 1 1 1 1 1 1 1 1 1 1 1 1 1 1 1 12 100 1 1 12 7 12 1 1 1 1 1 1
ciInstanceKlass java/lang/ref/ReferenceQueue$Lock 1 1 21 10 10 7 7 1 1 1 1 100 1 1 1 1 12 100 1 1 1 1 1
instanceKlass sun/net/www/http/KeepAliveCache
instanceKlass sun/nio/ch/WindowsSelectorImpl$FdMap
instanceKlass com/jidesoft/utils/CacheMap$Cache
instanceKlass javax/swing/UIDefaults$TextAndMnemonicHashMap
instanceKlass java/lang/ProcessEnvironment
instanceKlass com/mathworks/services/message/MWMessage
instanceKlass java/util/LinkedHashMap
ciInstanceKlass java/util/HashMap 1 1 495 10 100 10 100 10 100 11 11 11 7 3 10 100 100 10 8 10 10 10 10 10 8 10 9 10 9 4 10 10 11 9 4 10 11 11 11 11 7 11 11 10 10 9 10 9 9 9 10 9 7 10 10 10 10 10 9 10 100 3 7 7 10 10 9 9 10 10 10 10 9 7 10 9 7 10 9 7 10 100 10 11 11 11 100 10 10 100 100 10 10 10 10 10 10 10 100 10 10 8 4 10 4 10 4 10 100 11 10 10 10 10 7 7 100 100 1 1 100 1 100 1 100 1 100 1 100 1 100 1 100 1 100 1 1 1 1 1 1 1 1 5 0 1 1 3 1 1 1 1 3 1 3 1 3 1 1 1 1 1 1 1 1 1 1 1 1 1 1 1 1 1 1 1 100 100 100 100 1 1 1 1 1 1 1 1 100 1 1 1 1 1 1 100 1 1 1 1 1 1 100 1 1 1 1 1 1 1 1 1 1 1 1 1 1 1 1 1 100 1 1 1 1 1 1 1 1 1 1 100 1 1 1 100 1 1 1 1 1 1 1 1 1 1 1 100 1 1 1 100 1 1 1 1 1 1 1 1 1 1 1 1 1 100 1 1 1 1 1 100 1 1 100 100 1 1 1 1 1 1 1 1 1 1 1 1 1 1 1 1 1 1 1 1 1 1 1 7 12 1 12 1 100 12 1 12 12 12 1 12 1 1 1 12 12 12 12 7 12 1 12 12 12 12 12 12 12 12 12 12 7 12 7 12 12 1 12 12 12 12 12 12 12 12 12 12 12 1 12 12 12 12 12 12 12 1 1 12 12 12 12 12 12 12 12 1 12 12 1 12 1 1 100 12 100 12 100 12 1 12 1 1 12 12 12 100 12 12 12 100 12 1 12 1 100 12 12 100 12 1 100 12 12 12 12 1 1 1 1 1 1 1 1 1 1 1 1 1 1 1 1 1 1 1 1 1 1 1 1 1 1 1 1 1 1 1 1 1 1 1 1 1 1 1 1 1 1 1 1 1 1 1 1 1 1 1 1 1 1 1 1 1 1 1 1 1 1 1 1 1 1 1 1 1 1 1 1 1 1 1 1 1 1 1 1 1 1 1 1 1 1 1 1 1 1
ciInstanceKlass java/util/Map$Entry 1 0 156 18 100 100 18 10 18 18 10 10 8 10 8 8 8 10 10 8 10 10 8 10 8 10 8 10 8 8 10 100 8 10 11 11 11 100 11 100 100 1 1 1 1 1 1 1 1 1 1 1 1 1 1 1 1 1 1 1 1 1 1 1 1 1 1 1 1 100 1 1 1 1 1 1 1 1 1 1 15 16 15 16 3 3 12 1 1 15 100 12 15 12 15 100 12 100 12 12 12 12 12 1 12 1 12 1 12 12 1 1 12 12 12 12 1 12 100 1 1 10 11 11 1 1 11 11 1 1 1 1 1 1 1 1 1 1 1 1 1 1 1 1 100 12 12 12 12 12 1 1 100 1 1 100 1 1
instanceKlass java/util/LinkedHashMap$Entry
ciInstanceKlass java/util/HashMap$Node 1 1 85 10 9 9 9 9 100 10 10 8 10 10 10 100 11 10 11 7 7 1 1 1 1 1 1 1 1 1 1 1 1 1 1 1 1 1 1 1 1 1 1 1 1 1 1 1 1 1 1 1 1 1 1 1 1 1 12 12 12 12 12 1 12 1 12 12 7 12 100 1 12 12 12 100 1 1 1 1 1 1 1 1 1 1 1
ciInstanceKlass java/lang/Math 1 1 289 10 10 10 10 10 10 10 6 0 7 6 0 10 10 10 10 10 10 10 10 10 10 10 10 100 3 3 3 10 100 5 0 5 0 5 0 5 0 5 0 9 10 100 8 10 8 10 100 5 0 5 0 100 3 5 0 3 10 10 9 9 10 10 7 6 0 9 100 10 10 10 10 10 4 10 10 10 10 10 10 10 10 10 10 10 10 5 0 5 0 3 6 0 4 6 0 6 0 7 4 4 6 0 10 9 10 9 10 4 6 0 100 7 1 1 1 1 1 6 0 1 1 1 1 1 1 1 1 1 1 1 1 1 1 1 1 1 1 1 1 1 1 1 1 1 1 1 1 1 1 1 1 1 1 1 1 1 1 1 1 1 1 1 1 1 1 1 1 1 1 1 1 1 1 1 1 1 1 1 1 1 1 1 1 1 1 1 1 1 1 1 1 1 1 1 1 1 1 1 1 1 1 1 12 7 12 12 12 12 12 12 1 12 12 12 12 12 12 12 12 12 12 12 12 1 12 1 12 7 12 1 1 12 1 12 1 1 12 12 12 12 12 12 1 12 1 12 12 12 12 12 12 12 12 12 12 12 12 12 12 12 12 1 12 12 12 12 7 12 1 1 1 1 1 1 1 1 1 1 1 1 1 1 1 1 1 1 1
staticfield java/lang/Math $assertionsDisabled Z 1
ciInstanceKlass java/util/Objects 1 1 83 10 100 8 10 10 10 10 10 10 10 11 100 10 10 11 100 100 7 1 1 1 1 1 1 1 1 1 1 1 1 1 1 1 100 1 1 1 1 1 1 1 1 1 1 1 1 1 1 1 1 12 1 1 12 12 7 12 12 12 12 12 100 12 1 12 100 12 1 1 1 1 1 1 1 1 1 1 1 1 1 1 1
ciInstanceKlass java/util/Iterator 1 1 45 100 8 10 10 11 11 11 7 100 1 1 1 1 1 1 1 1 1 1 1 1 1 1 1 1 1 1 12 7 12 12 12 100 12 1 1 1 1 1 1 1 1 1 1
instanceKlass com/sun/jmx/mbeanserver/DefaultMXBeanMappingFactory$Mappings
instanceKlass com/sun/jmx/mbeanserver/MBeanIntrospector$MBeanInfoMap
instanceKlass com/sun/jmx/mbeanserver/MBeanIntrospector$PerInterfaceMap
instanceKlass java/lang/ClassValue$ClassValueMap
ciInstanceKlass java/util/WeakHashMap 1 1 330 7 7 10 7 10 9 100 100 10 8 10 10 10 10 7 3 10 8 10 10 9 9 9 4 10 11 10 10 9 10 10 10 9 10 9 9 9 10 10 10 10 10 10 10 10 9 10 10 100 3 10 11 11 11 11 7 11 11 10 10 10 10 9 7 10 9 100 10 9 100 10 10 10 11 100 10 11 7 10 7 7 100 1 100 1 100 1 100 1 100 1 1 1 1 100 1 100 1 100 1 100 1 1 1 1 1 3 1 1 1 1 1 1 1 1 1 1 1 1 1 1 1 1 1 1 1 1 1 1 1 1 1 1 1 100 1 1 1 1 1 1 100 1 1 1 1 1 1 1 1 100 100 1 1 1 1 1 1 1 1 1 1 1 1 1 1 1 1 1 1 1 1 1 100 1 1 100 1 1 1 1 1 100 1 1 1 100 1 1 1 1 100 1 1 1 100 1 1 1 1 1 1 12 1 12 1 1 1 12 12 12 12 1 7 12 1 12 12 12 12 12 12 12 100 12 12 12 12 12 12 12 12 12 12 12 12 12 12 12 12 12 12 12 12 12 1 12 12 7 12 7 12 12 1 12 12 12 100 12 12 12 1 12 12 1 12 1 100 12 12 100 12 1 100 12 1 1 1 1 1 1 1 1 1 1 1 1 1 1 1 1 1 1 1 1 1 1 1 1 1 1 1 1 1 1 1 1 1 1 1 1 1 1 1 1 1 1 1 1 1 1 1 1 1 1 1 1 1 1
staticfield java/util/WeakHashMap NULL_KEY Ljava/lang/Object; java/lang/Object
ciInstanceKlass java/util/Arrays 1 1 810 10 100 7 10 8 10 10 8 8 10 10 100 10 10 10 10 10 10 10 10 10 7 10 100 10 10 100 10 10 100 10 10 100 10 10 100 10 10 100 10 10 100 10 10 9 10 100 10 10 10 100 10 10 7 10 10 10 10 10 10 10 7 11 10 10 10 10 10 10 10 10 11 10 100 10 10 100 10 10 100 10 10 100 10 10 10 10 10 10 10 10 10 10 10 10 10 10 10 7 10 10 8 7 10 10 10 7 10 7 10 7 10 7 10 7 10 7 10 7 10 7 10 10 9 100 10 10 10 10 10 10 10 10 10 10 8 8 10 10 8 10 10 10 10 100 3 10 100 10 10 11 10 10 10 10 10 10 10 10 10 11 8 10 11 11 11 11 18 11 11 18 11 18 11 18 100 10 10 10 10 10 10 10 10 10 10 10 10 10 10 10 10 10 10 10 10 10 1 1 7 1 100 1 1 1 1 3 1 3 1 1 1 1 1 1 1 1 1 1 1 1 1 1 1 1 1 1 1 1 1 1 1 1 1 1 1 1 1 1 1 100 1 1 1 1 1 1 1 1 1 1 1 1 1 1 1 1 1 1 1 1 1 1 1 1 1 1 1 1 1 1 1 1 1 1 1 1 1 1 1 100 1 1 1 1 100 1 1 1 1 1 1 1 1 1 1 1 1 1 1 1 1 1 1 1 1 1 1 1 1 1 1 1 1 1 1 1 1 1 1 1 1 1 1 1 1 1 1 1 1 1 1 1 1 1 1 1 1 1 1 1 1 1 1 1 1 1 1 1 1 1 1 1 1 1 1 1 1 1 1 1 1 100 1 1 1 1 1 1 1 1 1 1 100 1 1 1 1 1 1 1 1 1 1 1 1 1 100 1 1 1 100 1 1 1 100 1 1 1 1 1 1 1 1 1 1 1 1 1 1 1 1 1 1 1 1 1 1 1 1 1 12 1 1 1 12 12 1 1 12 12 1 12 7 12 12 12 12 12 12 12 12 1 100 12 100 1 1 1 12 12 100 1 1 12 100 1 1 12 100 1 1 12 100 1 1 12 100 1 1 12 100 1 1 12 12 7 12 100 1 1 12 7 12 7 12 1 12 1 12 12 7 12 100 12 12 12 12 1 12 12 7 12 12 12 7 12 12 12 7 12 100 12 100 1 1 12 1 1 12 1 1 12 1 1 12 12 12 12 12 12 12 100 12 12 100 12 12 12 12 12 1 7 12 12 1 1 12 12 12 1 12 1 12 1 12 1 12 1 12 1 12 1 12 1 12 12 12 1 12 12 12 12 12 12 12 12 12 1 1 12 12 1 12 12 12 7 12 1 1 12 100 12 12 12 12 12 12 12 12 12 12 12 1 12 100 12 100 12 12 1 15 16 15 12 12 100 12 15 12 100 12 15 12 100 12 15 12 1 100 12 12 12 12 12 12 12 12 12 12 100 12 12 12 12 12 12 12 12 12 12 12 1 1 1 1 1 1 1 1 1 1 1 1 1 1 1 1 1 1 1 1 1 1 1 100 1 1 1 1 1 1 1 1 1 1 1 1 1 1 1 1 1 1 1 1 1 1 1 1 1 1 1 1 1 1 1 1 1 1 1 1 1 1 1 1 1 1 1 1 1 1 1 1 1 1 1 1 1 1 1 1 1 1 1 1 1 1 1 1 1 1 1 1 1 1 1 1 1 1 1 1 1 1 1 10 10 1 1 1 1 1 1 1 10 1 1 1 1 10 1 1 1 1 10 1 1 1 1 1 1 1 1 1 1 1 1 1 1 1 1 1 1 1 1 100 12 12 12 12 12 1 1 100 1 1 100 1 1
staticfield java/util/Arrays $assertionsDisabled Z 1
instanceKlass sun/misc/FormattedFloatingDecimal$1
instanceKlass java/math/BigDecimal$1
instanceKlass com/sun/jna/Structure$2
instanceKlass com/sun/jna/Structure$1
instanceKlass com/sun/jna/Native$8
instanceKlass org/apache/commons/lang/builder/HashCodeBuilder$1
instanceKlass sun/nio/ch/Util$1
instanceKlass sun/misc/FloatingDecimal$1
instanceKlass java/lang/ThreadLocal$SuppliedThreadLocal
instanceKlass java/util/concurrent/locks/ReentrantReadWriteLock$Sync$ThreadLocalHoldCounter
instanceKlass org/apache/logging/log4j/spi/AbstractLogger$LocalLogBuilder
instanceKlass java/lang/InheritableThreadLocal
ciInstanceKlass java/lang/ThreadLocal 1 1 123 9 9 7 3 10 7 10 10 10 10 10 10 9 10 10 10 10 10 9 7 10 10 100 10 7 10 7 100 1 1 1 1 1 1 1 1 1 1 1 1 1 1 1 1 1 1 1 1 1 1 1 100 100 1 100 1 1 1 1 1 1 1 1 1 1 1 1 1 1 1 1 1 1 1 1 12 12 1 12 1 12 12 12 7 12 12 12 7 12 12 12 12 12 12 12 1 12 12 1 1 1 1 1 1 1 1 1 1 1 1 1 1 1 1 1 1 1 1 1 1 1 1
ciInstanceKlass java/util/concurrent/atomic/AtomicInteger 1 1 123 10 9 9 9 10 10 10 10 10 11 10 11 10 10 7 8 10 10 100 100 10 7 100 1 1 1 5 0 1 1 1 1 1 1 1 1 1 1 1 1 1 1 1 1 1 1 1 1 1 1 1 1 1 1 1 1 1 1 1 1 1 1 1 1 1 1 1 1 1 1 100 1 1 12 12 12 12 7 12 12 12 12 12 100 12 12 100 12 100 12 12 1 7 12 12 1 1 12 1 1 1 1 1 1 1 1 1 1 1 1 1 1 1 1 1 1 1 1 1 1 1 1
staticfield java/util/concurrent/atomic/AtomicInteger unsafe Lsun/misc/Unsafe; sun/misc/Unsafe
staticfield java/util/concurrent/atomic/AtomicInteger valueOffset J 12
instanceKlass java/io/ExpiringCache$1
ciInstanceKlass java/util/LinkedHashMap 1 1 234 9 9 9 9 10 7 10 10 9 9 9 10 100 10 10 10 10 9 9 10 10 10 10 10 10 10 10 9 10 9 7 10 9 7 10 9 7 10 100 10 11 100 10 11 7 7 100 100 1 1 100 1 100 1 100 1 1 1 1 1 1 1 1 5 0 1 1 1 1 1 1 1 1 1 1 1 1 100 1 1 1 1 1 1 1 7 1 1 1 1 1 1 1 1 1 1 1 1 1 1 1 1 1 1 1 100 100 1 1 1 100 1 1 1 1 1 1 1 1 100 1 1 1 1 1 1 1 1 100 1 1 1 1 100 1 1 1 100 1 1 1 1 1 1 1 1 1 1 1 1 12 12 12 12 12 1 12 12 12 12 12 12 1 12 12 12 12 12 100 12 12 12 12 12 100 12 12 12 12 12 1 12 12 1 12 1 1 100 12 1 100 12 1 1 1 1 1 1 1 1 1 1 1 1 1 1 1 1 1 1 1 1 1 1 1 1 1 1 1 1 1 1 1 1 1 1 1 1 1 1 1 1 1
ciInstanceKlass java/io/ExpiringCache$1 1 1 45 9 10 10 10 7 7 1 1 1 1 1 1 1 100 1 1 1 1 1 100 1 1 1 1 1 7 12 12 12 12 12 1 1 100 1 1 1 1 1 1 1 1 1 1
instanceKlass java/util/HashMap$TreeNode
ciInstanceKlass java/util/LinkedHashMap$Entry 1 1 27 10 100 7 1 1 1 1 1 1 1 1 1 1 1 1 1 1 1 1 12 100 1 100 1 1 1
instanceKlass com/mathworks/page/plottool/propertyeditor/AxesLimitInterval$AxesLimitFormatException
instanceKlass org/eclipse/jgit/dircache/InvalidPathException
instanceKlass java/security/InvalidParameterException
instanceKlass org/eclipse/jgit/errors/RevisionSyntaxException
instanceKlass java/nio/charset/UnsupportedCharsetException
instanceKlass java/nio/charset/IllegalCharsetNameException
instanceKlass org/eclipse/jgit/errors/InvalidObjectIdException
instanceKlass org/jdom2/IllegalNameException
instanceKlass org/jdom2/IllegalDataException
instanceKlass org/jdom2/IllegalAddException
instanceKlass java/util/IllegalFormatException
instanceKlass java/util/regex/PatternSyntaxException
instanceKlass java/nio/file/InvalidPathException
instanceKlass java/lang/NumberFormatException
ciInstanceKlass java/lang/IllegalArgumentException 1 1 27 10 10 10 10 100 7 1 1 1 5 0 1 1 1 1 1 1 1 1 1 12 12 12 12 1 1
ciInstanceKlass java/util/WeakHashMap$Entry 1 1 93 10 9 9 9 10 10 100 10 11 10 10 11 10 100 10 10 8 10 10 7 7 1 1 1 1 1 1 1 1 1 1 1 1 1 1 1 1 1 1 1 1 1 1 1 1 1 1 1 100 100 1 1 1 1 1 1 1 12 12 12 12 12 7 12 100 1 12 100 12 12 100 12 1 12 12 1 12 12 1 1 1 1 1 1 1 1 1 1 1 1 1 1
instanceKlass com/fasterxml/jackson/core/util/InternCache
ciInstanceKlass java/util/concurrent/ConcurrentHashMap 1 1 1036 7 7 3 3 100 10 100 10 100 11 11 11 9 9 9 10 7 10 10 10 100 10 3 10 9 10 10 5 0 10 5 0 10 10 9 10 9 9 10 9 10 9 10 100 10 100 10 10 10 10 10 10 10 7 10 10 10 11 10 11 11 11 11 7 11 11 10 10 9 10 9 10 9 10 5 0 9 7 10 9 7 10 9 7 10 100 10 10 8 10 10 7 11 100 7 4 10 10 8 10 8 10 8 10 10 10 10 5 0 7 7 10 9 9 10 9 11 11 7 10 11 10 100 10 100 10 10 9 10 10 9 10 9 10 9 9 10 10 9 9 10 10 9 9 9 9 10 7 9 9 100 10 9 10 9 7 10 9 10 100 5 0 10 100 10 10 10 100 10 10 100 100 10 10 10 100 10 10 100 10 10 100 10 100 10 10 10 100 10 10 10 100 10 10 100 10 10 100 10 10 100 10 10 100 10 10 100 10 10 100 10 10 100 10 10 100 10 10 100 10 10 100 10 10 100 10 10 100 10 10 100 10 10 100 10 10 100 10 10 100 10 10 100 10 10 100 10 10 100 10 10 100 10 10 100 10 10 100 10 10 100 10 10 10 10 10 7 10 9 9 10 8 10 10 8 8 8 8 10 10 100 8 10 100 10 7 100 100 1 1 1 1 1 1 1 1 1 1 1 1 1 1 1 1 1 1 1 1 1 1 1 1 1 1 1 1 1 1 1 1 100 1 1 1 1 100 1 100 1 100 1 100 1 100 1 100 1 1 1 100 1 1 100 1 1 1 1 1 1 1 1 1 1 1 5 0 1 1 1 3 1 3 1 1 1 1 3 1 3 1 3 1 1 1 1 1 3 1 3 1 3 1 1 1 1 1 1 1 1 1 1 1 1 1 1 1 1 1 1 1 1 1 1 1 1 1 1 1 1 1 1 1 1 1 1 1 1 1 1 1 1 1 100 100 100 100 1 1 1 1 1 1 1 1 1 1 1 1 1 1 1 1 100 1 1 1 1 1 1 1 1 1 1 100 1 1 1 1 100 1 1 1 1 1 100 1 1 100 1 1 1 100 100 1 1 1 100 1 1 100 100 1 1 100 100 1 1 1 1 1 100 1 100 100 1 1 100 1 100 1 1 100 100 1 1 1 1 1 1 1 1 1 1 1 1 1 1 1 100 1 1 1 100 1 1 1 1 1 1 1 1 1 1 1 1 1 1 1 1 1 1 1 1 1 1 1 1 1 100 100 1 1 1 1 1 1 100 100 1 1 1 1 1 1 1 1 1 1 1 1 1 1 1 1 1 1 1 1 1 1 1 1 1 1 1 1 1 1 1 1 1 1 1 1 1 1 1 1 1 1 1 1 1 1 1 1 1 1 1 1 1 1 1 1 1 1 1 1 1 1 1 1 1 1 1 1 1 1 1 1 1 1 1 1 1 1 1 1 1 1 100 1 1 1 1 1 1 7 12 1 7 12 1 12 12 12 12 12 12 7 12 1 12 12 12 1 12 12 12 12 12 12 12 12 12 12 12 12 12 12 12 12 1 1 12 12 12 12 12 12 12 1 12 12 12 12 12 12 7 12 7 12 12 1 12 12 12 12 12 12 12 12 12 12 1 12 12 1 12 12 1 1 12 1 12 12 1 1 1 12 100 12 1 100 12 1 12 1 12 12 100 12 12 1 12 12 12 12 100 12 100 12 1 7 12 12 1 12 1 100 12 12 12 12 100 12 12 12 12 12 12 100 12 12 12 12 12 12 12 12 12 12 1 12 1 12 12 12 12 1 12 12 12 1 100 12 1 12 12 12 1 12 1 1 12 1 12 1 12 1 12 1 12 12 1 12 12 1 12 1 12 1 12 1 12 1 12 1 12 1 12 1 12 1 1 1 1 12 1 12 1 12 1 12 1 12 1 1 1 1 12 1 12 1 12 1 12 1 12 12 7 12 12 1 12 12 12 12 12 12 1 12 12 1 1 12 1 12 1 1 1 1 1 1 1 1 1 1 1 1 1 1 1 1 1 1 1 1 1 1 1 1 1 1 1 1 1 1 1 1 1 1 1 1 1 1 1 1 1 1 1 1 1 1 1 1 1 1 1 1 1 1 1 1 1 1 1 1 1 1 1 1 1 1 1 1 1 1 1 1 1 1 1 1 1 1 1 1 1 1 1 1 1 1 1 1 1 1 1 1 1 1 1 1 1 1 1 1 1 1 1 1 1 1 1 1 1 1 1 1 1 1 1 1 1 1 1 1 1 1 1 1 1 1 1 1 1 1 1 1 1 1 1 1 1 1 1 1 1 1 1 1 1 1 1 1 1 1 1 1 1 1 1 1 1
staticfield java/util/concurrent/ConcurrentHashMap MAX_RESIZERS I 65535
staticfield java/util/concurrent/ConcurrentHashMap RESIZE_STAMP_SHIFT I 16
staticfield java/util/concurrent/ConcurrentHashMap NCPU I 8
staticfield java/util/concurrent/ConcurrentHashMap serialPersistentFields [Ljava/io/ObjectStreamField; 3 [Ljava/io/ObjectStreamField;
staticfield java/util/concurrent/ConcurrentHashMap U Lsun/misc/Unsafe; sun/misc/Unsafe
staticfield java/util/concurrent/ConcurrentHashMap SIZECTL J 20
staticfield java/util/concurrent/ConcurrentHashMap TRANSFERINDEX J 32
staticfield java/util/concurrent/ConcurrentHashMap BASECOUNT J 24
staticfield java/util/concurrent/ConcurrentHashMap CELLSBUSY J 36
staticfield java/util/concurrent/ConcurrentHashMap CELLVALUE J 144
staticfield java/util/concurrent/ConcurrentHashMap ABASE J 16
staticfield java/util/concurrent/ConcurrentHashMap ASHIFT I 2
ciInstanceKlass java/util/concurrent/locks/Lock 1 0 19 100 100 1 1 1 1 100 1 1 1 1 1 1 1 1 1 1 1
instanceKlass com/google/common/collect/MapMakerInternalMap$Segment
instanceKlass com/google/common/cache/LocalCache$Segment
instanceKlass java/util/concurrent/ConcurrentHashMap$Segment
ciInstanceKlass java/util/concurrent/locks/ReentrantLock 1 1 170 10 7 10 9 7 10 10 10 10 10 10 10 10 10 10 10 10 10 10 10 10 100 10 100 100 8 10 10 10 10 100 10 10 10 8 8 10 8 10 7 7 100 100 1 1 1 7 1 1 1 1 5 0 1 1 1 1 1 1 1 1 100 100 1 1 1 100 1 1 1 1 1 1 1 1 1 1 1 1 1 1 1 1 1 1 1 1 1 1 1 1 1 1 1 1 1 1 100 100 100 1 1 12 1 12 1 12 12 12 100 12 12 12 12 12 12 12 12 12 12 12 12 1 100 1 1 1 1 12 12 12 12 1 12 12 1 1 100 12 1 1 1 1 1 1 1 1 1 1 1 1 1 1 1 1 1 1 1 1 1 1 1 1 1 1 1 1 1 1
ciInstanceKlass java/util/HashMap$TreeNode 0 0 182 100 10 9 9 100 9 9 9 10 100 10 9 9 9 10 10 10 10 10 10 10 10 10 9 10 10 10 10 9 10 10 10 10 10 10 10 100 1 1 1 1 1 1 1 1 1 1 1 1 1 100 1 1 1 1 1 1 1 1 100 1 1 1 100 100 1 1 1 100 100 1 1 1 1 1 1 1 1 1 1 1 1 1 1 100 1 1 1 1 1 1 1 1 1 1 1 1 1 1 1 1 1 1 1 1 1 1 1 12 12 12 1 12 12 12 12 1 12 12 12 12 100 12 12 12 12 12 12 100 12 100 12 100 12 12 12 12 12 12 12 12 12 12 12 12 12 100 1 1 1 1 1 1 1 1 1 1 1 1 1 1 1 1 1 1 1 1 1 1 1 1 1 1 1 1 1 1 1 1 1 1
ciInstanceKlass java/lang/Integer$IntegerCache 1 1 73 10 7 10 9 8 10 10 10 7 3 10 100 9 9 10 100 10 100 1 1 1 3 1 1 1 1 1 1 1 1 1 1 1 100 100 1 1 12 1 7 12 12 1 7 12 12 100 12 1 1 1 12 1 12 12 12 1 1 1 1 1 1 1 1 1 1 1 1 1 1 1 1
staticfield java/lang/Integer$IntegerCache high I 127
staticfield java/lang/Integer$IntegerCache cache [Ljava/lang/Integer; 256 [Ljava/lang/Integer;
staticfield java/lang/Integer$IntegerCache $assertionsDisabled Z 1
ciInstanceKlass java/lang/ThreadLocal$ThreadLocalMap 1 1 127 10 10 10 10 9 10 9 7 7 9 10 10 10 10 7 9 10 10 10 10 10 10 10 10 10 10 10 7 1 1 1 1 1 1 3 1 1 1 1 1 1 1 1 1 1 1 1 1 1 1 1 1 100 100 100 100 100 1 1 1 1 1 1 1 1 1 1 1 1 1 1 1 1 1 1 1 1 1 1 1 1 1 1 1 100 1 1 1 12 12 12 12 12 12 12 1 1 12 12 12 12 12 1 12 12 12 12 12 12 12 12 12 12 12 12 1 1 1 1 1 1 1 1 1 1 1
ciInstanceKlass java/lang/ThreadLocal$ThreadLocalMap$Entry 1 1 28 10 9 7 7 1 1 1 1 1 1 1 1 1 1 1 12 12 100 1 1 1 1 1 1 100 1 1
ciInstanceKlass sun/misc/URLClassPath$JarLoader 1 1 539 7 9 9 9 9 9 10 9 9 7 8 8 7 10 10 8 10 10 10 10 9 10 10 10 10 7 10 10 10 10 8 10 10 7 10 10 7 10 7 10 10 9 11 8 10 10 7 10 10 7 10 10 7 10 10 10 10 8 9 10 100 10 100 10 10 10 10 100 100 7 10 8 10 10 10 11 11 100 10 10 10 10 10 10 7 10 10 10 10 7 10 100 10 10 7 100 10 10 10 10 11 10 100 8 10 10 10 11 10 10 9 10 10 10 7 10 10 10 10 10 10 10 100 9 10 10 10 10 10 10 10 10 8 10 100 10 9 8 8 10 10 7 1 1 1 1 1 1 1 1 1 1 1 1 1 1 1 1 1 1 1 1 1 1 1 1 1 1 1 1 100 100 100 100 100 100 1 1 1 1 1 1 1 1 1 100 1 1 100 100 1 100 1 1 1 1 100 100 100 1 1 100 100 1 1 100 1 1 1 100 100 100 1 1 1 1 1 1 100 1 1 100 1 1 1 1 1 1 1 1 1 1 1 1 1 1 1 1 1 1 1 1 1 1 1 1 12 12 12 12 12 12 12 12 1 1 1 12 12 1 12 12 12 12 12 12 12 12 7 12 1 12 7 12 12 12 1 12 12 1 12 7 12 1 12 1 7 12 12 12 100 12 1 12 1 1 12 1 12 12 12 1 12 100 12 1 12 1 12 12 12 12 1 1 1 12 1 12 12 12 100 12 12 1 12 12 7 12 12 12 12 1 12 7 12 100 12 1 12 1 100 12 100 12 1 1 12 12 12 12 100 12 12 1 1 12 7 12 7 12 12 7 12 7 12 7 12 12 7 12 1 12 12 12 12 12 100 12 1 12 12 100 12 12 12 12 12 12 1 12 1 12 12 1 1 100 12 12 1 1 1 1 1 1 1 1 1 1 1 1 1 1 1 1 1 1 1 1 1 1 1 1 1 1 1 1 1 1 1 1 1 1 1 1 1 1 1 1 1 1 1 1 1 1 1 1 1 1 1 1 1 1 1 1 1 1 1 1 1 1 1 1 1 1 1 1 1 1 1 1 1 1 1 1 1 1 1 1 1 1 1 1 1 1 1 1 1 1 1 1 1 1 1 1 1 1 1 1 1 1 1 1 1 1 1 1 1 1 1 1 1 1 1 1 1 1 1 1 1 1 1 1 1 1 1 1 1 1 1 1 1 1 1 1 1 1 1 1
staticfield sun/misc/URLClassPath$JarLoader zipAccess Lsun/misc/JavaUtilZipFileAccess; java/util/zip/ZipFile$1
instanceKlass sun/net/www/http/KeepAliveStreamCleaner
ciInstanceKlass java/util/LinkedList 1 1 308 10 9 10 10 9 7 10 9 9 9 9 9 100 10 10 10 10 10 10 10 10 10 10 11 10 10 10 100 10 8 10 10 8 10 10 100 10 10 10 10 10 10 10 10 10 7 10 100 10 10 7 100 100 10 10 7 10 10 10 100 10 10 10 10 10 10 100 10 7 100 100 100 100 100 1 1 1 1 1 1 1 1 1 1 1 1 1 1 1 5 0 1 1 1 1 1 1 1 1 1 100 1 1 1 1 1 1 1 100 1 1 1 1 1 1 1 1 1 1 1 1 1 1 1 1 1 1 1 1 1 100 100 1 1 1 1 1 1 1 1 1 1 1 1 1 1 1 1 1 1 1 1 1 1 1 1 1 1 1 1 1 1 1 1 1 1 1 1 1 1 1 1 1 1 1 1 1 1 100 1 1 1 1 1 1 1 1 1 100 1 1 100 1 1 1 1 1 1 12 12 12 12 1 12 12 12 12 12 12 1 12 12 12 12 12 12 12 12 12 7 12 12 12 12 1 1 12 12 1 12 12 1 12 12 12 12 12 12 12 12 12 1 12 1 12 12 1 1 1 12 12 1 12 100 12 100 12 1 100 12 12 12 100 12 12 12 1 12 1 1 1 1 1 1 1 1 1 1 1 1 1 1 1 1 1 1 1 1 1 1 1 1 1 1 1 1 1 1 1 1 1 1 1 1 1 1 1
instanceKlass java/util/Collections$SynchronizedSortedMap
ciInstanceKlass java/util/Collections$SynchronizedMap 1 1 199 10 10 7 9 9 11 11 11 11 11 11 11 11 11 9 7 11 10 9 11 9 7 11 10 11 11 10 11 11 11 11 11 11 11 11 11 11 11 10 7 7 100 1 1 1 5 0 1 1 1 1 1 1 1 1 1 1 100 1 1 1 1 1 1 1 1 1 1 1 1 1 1 1 1 100 100 100 1 1 1 1 1 1 1 1 1 1 1 1 1 100 1 1 1 1 1 1 1 1 1 1 1 1 1 1 1 1 100 1 1 1 100 1 1 1 1 1 1 1 1 100 1 1 1 1 1 1 1 1 1 1 100 1 100 1 1 1 12 7 12 1 12 12 12 12 12 12 12 12 12 12 12 12 100 1 1 12 12 12 12 12 1 1 12 12 12 12 12 12 12 12 12 12 12 12 12 12 12 12 100 12 1 1 1 1 1 1 1 1 1 1 1 1 1 1 1 1 1
instanceKlass java/util/HashMap$KeyIterator
instanceKlass java/util/HashMap$EntryIterator
instanceKlass java/util/HashMap$ValueIterator
ciInstanceKlass java/util/HashMap$HashIterator 1 1 84 9 10 9 9 9 9 9 9 9 100 10 100 10 9 100 10 9 10 10 7 7 1 7 1 1 1 1 1 1 1 1 1 1 1 1 1 1 1 1 100 100 100 1 1 1 1 100 1 1 1 1 1 12 12 7 12 12 12 12 12 12 12 1 1 1 12 12 12 1 1 1 1 1 1 1 1 1 1 1 1 1 1 1
ciInstanceKlass sun/misc/ProxyGenerator$ConstantPool$IndirectEntry 1 1 55 100 10 9 9 9 10 10 7 7 1 1 1 1 1 1 1 1 1 1 1 1 1 1 100 1 1 1 1 1 1 1 12 12 12 12 7 12 12 100 1 1 1 1 1 1 1 100 1 1 1 1 1 1 1
instanceKlass java/util/ArrayList$ListItr
ciInstanceKlass java/util/ArrayList$Itr 1 1 88 9 10 9 9 9 9 10 10 100 10 9 100 10 100 10 10 100 10 11 7 7 100 1 1 1 1 1 1 1 1 1 1 1 1 1 1 1 100 1 1 1 1 100 1 1 1 1 1 1 1 12 12 12 7 12 12 12 12 12 1 12 1 1 12 1 100 12 100 12 1 1 1 1 1 1 1 1 1 1 1 1 1 1 1 1 1 1
ciInstanceKlass java/util/Arrays$ArrayList 1 1 120 10 10 7 9 10 10 10 10 10 10 10 100 10 11 11 10 7 7 100 100 1 1 1 5 0 1 1 1 1 1 1 1 1 1 1 1 1 1 1 1 1 1 1 1 1 1 1 1 1 1 1 1 1 1 1 1 1 1 1 1 1 1 1 1 1 1 12 7 12 12 7 12 12 7 12 7 12 7 12 12 12 1 7 12 100 12 100 12 12 1 1 1 1 1 1 1 1 1 1 1 1 1 1 1 1 1 1 1 1 1 1 1 1 1 1 1 1 1 1
instanceKlass java/util/concurrent/TimeUnit$7
instanceKlass java/util/concurrent/TimeUnit$6
instanceKlass java/util/concurrent/TimeUnit$5
instanceKlass java/util/concurrent/TimeUnit$4
instanceKlass java/util/concurrent/TimeUnit$3
instanceKlass java/util/concurrent/TimeUnit$2
instanceKlass java/util/concurrent/TimeUnit$1
ciInstanceKlass java/util/concurrent/TimeUnit 1 1 162 7 100 10 9 10 100 10 10 5 0 5 0 100 10 10 10 10 10 10 7 8 10 9 7 8 10 9 7 8 10 9 7 8 10 9 7 8 10 9 7 8 10 9 7 8 10 9 7 1 1 1 1 1 1 1 1 1 1 1 1 5 0 1 5 0 1 5 0 1 5 0 1 5 0 1 5 0 1 5 0 1 1 1 1 1 1 1 1 1 1 1 1 1 1 1 1 1 1 1 1 1 1 1 1 1 1 1 1 1 1 1 100 1 1 1 1 1 1 1 1 1 1 1 12 12 100 12 12 1 12 12 12 100 12 100 12 12 1 12 1 12 1 12 1 12 1 12 1 12 1 12 1 1 1 1 1 1 1 1 1 1
staticfield java/util/concurrent/TimeUnit NANOSECONDS Ljava/util/concurrent/TimeUnit; java/util/concurrent/TimeUnit$1
staticfield java/util/concurrent/TimeUnit MICROSECONDS Ljava/util/concurrent/TimeUnit; java/util/concurrent/TimeUnit$2
staticfield java/util/concurrent/TimeUnit MILLISECONDS Ljava/util/concurrent/TimeUnit; java/util/concurrent/TimeUnit$3
staticfield java/util/concurrent/TimeUnit SECONDS Ljava/util/concurrent/TimeUnit; java/util/concurrent/TimeUnit$4
staticfield java/util/concurrent/TimeUnit MINUTES Ljava/util/concurrent/TimeUnit; java/util/concurrent/TimeUnit$5
staticfield java/util/concurrent/TimeUnit HOURS Ljava/util/concurrent/TimeUnit; java/util/concurrent/TimeUnit$6
staticfield java/util/concurrent/TimeUnit DAYS Ljava/util/concurrent/TimeUnit; java/util/concurrent/TimeUnit$7
staticfield java/util/concurrent/TimeUnit $VALUES [Ljava/util/concurrent/TimeUnit; 7 [Ljava/util/concurrent/TimeUnit;
ciInstanceKlass java/util/concurrent/TimeUnit$3 1 1 50 10 7 5 0 5 0 10 5 0 5 0 5 0 5 0 5 0 10 7 1 1 1 1 1 1 1 1 1 1 1 1 1 1 1 1 1 1 1 12 1 12 12 1 1 100 1 1 1 1
ciInstanceKlass java/util/Collections$UnmodifiableCollection$1 1 1 62 9 10 9 11 9 11 11 100 10 11 7 7 7 1 1 1 1 1 7 1 1 1 1 1 1 1 1 1 1 1 1 1 1 1 1 1 1 1 1 1 12 12 12 12 7 12 12 12 1 12 1 1 1 100 1 1 1 1 1 1 1
instanceKlass java/util/AbstractList$ListItr
ciInstanceKlass java/util/AbstractList$Itr 1 1 76 10 9 10 9 9 9 9 10 10 10 100 100 10 100 10 10 100 10 7 7 100 1 1 1 1 1 1 1 1 1 1 1 1 1 1 1 100 1 1 1 1 1 100 1 1 1 1 1 12 12 12 12 12 7 12 12 12 12 12 1 1 1 12 1 1 1 1 1 1 1 1 1 1 1 1
ciInstanceKlass java/util/HashMap$EntrySet 1 1 114 9 10 9 10 7 10 100 11 10 10 10 11 10 100 10 100 10 9 9 11 9 100 10 7 7 1 1 1 1 1 1 1 1 1 1 1 1 1 1 1 1 1 1 1 100 100 100 1 1 1 1 1 1 100 1 1 1 1 12 12 7 12 12 1 1 12 100 1 12 12 12 100 12 12 12 1 1 12 1 12 12 100 12 12 1 1 1 1 1 1 1 1 1 1 1 1 1 1 1 1 1 1 1 1 1 1 1 1 1 1 1 1 1
ciInstanceKlass java/util/HashMap$EntryIterator 1 1 44 9 10 10 10 7 7 100 1 1 1 1 1 1 1 100 1 1 1 1 1 1 1 1 1 1 12 12 12 12 100 1 1 1 1 100 1 1 100 1 1 1 1 1
ciInstanceKlass java/lang/ProcessEnvironment 1 1 276 9 10 10 10 10 100 100 10 8 10 8 10 10 8 100 10 7 10 10 10 10 10 10 100 10 10 100 10 10 7 10 10 10 10 9 11 9 9 10 7 7 10 100 10 10 9 10 10 10 11 11 11 100 11 11 8 10 10 10 10 10 10 10 10 10 10 7 10 7 10 10 10 10 10 7 10 11 7 100 1 1 1 1 1 1 100 1 1 1 1 5 0 1 1 3 1 1 1 1 1 1 1 1 1 1 1 1 1 1 1 1 1 1 1 1 1 1 1 1 1 1 1 1 1 1 1 1 1 1 1 1 1 1 1 1 1 1 1 1 1 1 1 1 100 100 100 100 100 100 1 1 1 1 1 1 1 1 1 1 1 1 1 1 1 1 12 12 12 12 12 1 1 12 1 12 1 12 12 1 1 1 12 12 12 12 12 12 1 12 12 1 12 12 1 12 12 12 12 12 12 1 1 1 12 7 12 12 100 12 100 12 12 1 12 12 1 12 12 12 12 12 12 12 12 12 12 1 12 1 12 12 12 1 12 12 1 1 1 1 1 1 1 1 1 1 1 1 1 1 1 1 1 1 1 1 1 1 1 1 1 1 1 1 1 1 1 1 1 1 1 1 1 1 1 1
staticfield java/lang/ProcessEnvironment nameComparator Ljava/lang/ProcessEnvironment$NameComparator; java/lang/ProcessEnvironment$NameComparator
staticfield java/lang/ProcessEnvironment entryComparator Ljava/lang/ProcessEnvironment$EntryComparator; java/lang/ProcessEnvironment$EntryComparator
staticfield java/lang/ProcessEnvironment theEnvironment Ljava/lang/ProcessEnvironment; java/lang/ProcessEnvironment
staticfield java/lang/ProcessEnvironment theUnmodifiableEnvironment Ljava/util/Map; java/util/Collections$UnmodifiableMap
staticfield java/lang/ProcessEnvironment theCaseInsensitiveEnvironment Ljava/util/Map; java/util/TreeMap
ciInstanceKlass java/util/TreeMap 1 1 546 9 9 9 9 9 10 10 10 11 11 11 11 10 100 100 10 10 9 10 10 10 10 11 7 11 11 10 10 100 10 7 9 11 9 9 11 10 9 7 10 10 10 10 7 100 100 10 9 9 9 10 10 10 10 10 10 10 10 7 10 10 11 9 7 10 7 10 100 10 100 10 10 10 10 10 10 11 100 10 11 7 10 100 10 10 100 10 100 10 9 10 10 10 10 10 10 10 10 10 10 11 11 7 11 10 11 10 10 11 11 10 10 10 10 9 10 100 10 100 10 100 10 7 10 7 100 100 100 100 1 1 100 1 1 1 100 1 1 100 1 1 1 1 1 1 100 1 100 1 100 1 1 1 1 1 1 1 1 1 1 1 1 1 1 1 1 1 1 1 1 1 1 1 1 1 1 1 1 3 1 3 1 1 5 0 1 1 1 1 1 1 1 1 1 1 100 100 100 100 1 1 1 1 1 100 1 1 100 1 1 1 1 1 1 1 1 100 1 1 100 1 1 1 1 1 1 1 1 1 1 1 1 1 100 1 1 1 1 1 100 1 1 1 1 1 1 1 1 1 1 1 1 1 1 1 1 100 100 1 1 1 1 100 1 100 100 1 1 100 1 1 1 1 1 1 1 1 1 1 1 1 1 1 1 1 1 1 1 1 1 1 1 1 1 1 1 1 1 1 1 1 1 1 1 1 1 1 1 1 1 1 1 1 1 1 1 1 1 1 1 1 1 1 1 1 1 1 1 1 1 1 1 100 1 1 1 1 1 1 1 1 1 1 1 1 1 1 1 1 1 1 1 1 1 1 1 1 1 1 1 1 1 1 1 1 1 1 1 1 1 12 12 12 12 12 12 12 12 12 12 12 7 12 12 1 1 12 12 12 12 12 12 12 7 1 7 12 12 1 1 12 12 12 12 12 12 1 12 12 12 12 1 1 1 12 12 12 12 12 12 12 12 12 12 12 1 12 12 12 1 12 1 1 12 1 12 12 12 100 12 12 100 12 1 100 12 1 12 1 1 1 12 1 12 12 12 12 12 12 12 12 12 100 12 12 7 12 12 1 12 12 12 100 12 12 7 12 12 12 12 12 12 1 1 12 1 1 1 1 1 1 1 1 1 1 1 1 1 1 1 1 1 1 1 1 1 1 1 1 1 1 1 1 1 1 1 1 1 1 1 1 1 1 1 1 1 1 1 1 1 1 1 1 1 1 1 1 1 1 1 1 1 1 1 1
staticfield java/util/TreeMap UNBOUNDED Ljava/lang/Object; java/lang/Object
instanceKlass jogamp/common/util/locks/RecursiveLockImpl01Unfairish$SingleThreadSync
instanceKlass java/util/concurrent/locks/AbstractQueuedSynchronizer
ciInstanceKlass java/util/concurrent/locks/AbstractOwnableSynchronizer 1 1 28 10 9 7 7 100 1 1 1 5 0 1 1 1 1 1 1 1 1 1 1 1 1 12 12 1 1 1
instanceKlass java/util/concurrent/Semaphore$Sync
instanceKlass java/util/concurrent/CountDownLatch$Sync
instanceKlass java/util/concurrent/locks/ReentrantReadWriteLock$Sync
instanceKlass java/util/concurrent/ThreadPoolExecutor$Worker
instanceKlass java/util/concurrent/locks/ReentrantLock$Sync
ciInstanceKlass java/util/concurrent/locks/AbstractQueuedSynchronizer 1 1 378 10 9 9 9 10 9 7 10 10 9 9 10 9 10 10 10 9 9 10 10 10 10 10 10 10 10 10 10 10 10 10 10 10 9 10 100 10 10 7 5 0 10 9 10 10 10 100 10 10 10 10 10 10 10 10 10 10 100 10 100 10 10 10 10 8 8 100 10 10 10 8 10 8 8 10 10 10 10 10 100 10 10 10 100 8 10 10 10 10 9 10 9 9 9 10 8 10 10 8 8 8 8 100 100 10 7 100 100 1 1 1 1 1 1 5 0 1 1 1 1 1 1 1 1 1 1 1 1 1 1 1 1 1 1 1 1 1 1 1 1 1 1 100 1 1 1 1 1 1 1 1 1 1 1 1 1 1 1 100 100 1 1 1 1 1 1 1 1 1 1 1 1 1 1 1 1 1 1 1 1 1 1 1 1 1 1 100 1 1 1 1 1 1 1 1 100 1 1 1 1 1 1 100 1 1 1 1 1 1 1 1 1 1 1 1 1 1 1 1 1 1 1 1 1 1 100 1 1 12 12 12 12 7 12 12 1 12 12 12 12 12 7 12 12 12 12 12 12 7 12 12 12 12 12 12 12 12 12 12 12 12 12 12 12 12 1 7 12 1 12 12 12 12 12 1 12 12 12 12 12 12 12 12 12 1 1 12 12 12 1 1 1 100 12 12 1 12 1 1 12 12 12 12 1 12 12 1 1 12 12 12 12 12 12 12 12 12 12 7 12 12 1 1 1 1 12 1 1 1 1 1 1 1 1 1 1 1 1 1 1 1 1 1 1 1 1 1 1 1 1 1 1 1 1 1 1 1 1 1 1 1 1 1 1 1 1 1 1 1 1 1 1 1 1 1 1 1
staticfield java/util/concurrent/locks/AbstractQueuedSynchronizer unsafe Lsun/misc/Unsafe; sun/misc/Unsafe
staticfield java/util/concurrent/locks/AbstractQueuedSynchronizer stateOffset J 16
staticfield java/util/concurrent/locks/AbstractQueuedSynchronizer headOffset J 20
staticfield java/util/concurrent/locks/AbstractQueuedSynchronizer tailOffset J 24
staticfield java/util/concurrent/locks/AbstractQueuedSynchronizer waitStatusOffset J 12
staticfield java/util/concurrent/locks/AbstractQueuedSynchronizer nextOffset J 20
instanceKlass java/util/concurrent/locks/ReentrantLock$FairSync
instanceKlass java/util/concurrent/locks/ReentrantLock$NonfairSync
ciInstanceKlass java/util/concurrent/locks/ReentrantLock$Sync 1 1 90 10 10 10 10 10 10 100 8 10 10 100 10 7 10 10 10 7 7 1 1 1 5 0 1 1 1 1 1 1 1 1 100 1 1 1 1 1 1 1 1 1 1 1 1 1 1 1 100 100 1 1 12 7 12 12 12 12 12 1 1 12 12 1 1 12 12 100 12 100 1 1 1 1 1 1 1 1 1 1 1 1 1 1 1 1 1 1 1 1
ciInstanceKlass java/util/concurrent/locks/ReentrantLock$NonfairSync 1 1 48 10 10 10 10 10 10 7 7 1 1 1 5 0 1 1 1 1 1 1 1 1 1 1 12 12 7 12 12 12 12 100 1 1 1 1 1 1 1 1 1 1 1 1 1 1 1 1
ciInstanceKlass java/util/concurrent/locks/AbstractQueuedSynchronizer$Node 1 1 62 9 9 9 100 10 10 9 9 7 10 9 7 1 1 1 1 1 1 1 1 3 1 3 1 3 1 3 1 1 1 1 1 1 1 1 1 1 1 1 1 100 1 1 1 1 1 1 1 1 12 12 12 1 12 12 12 100 1 12 1 1
staticfield java/util/concurrent/locks/AbstractQueuedSynchronizer$Node SHARED Ljava/util/concurrent/locks/AbstractQueuedSynchronizer$Node; java/util/concurrent/locks/AbstractQueuedSynchronizer$Node
staticfield java/util/concurrent/locks/AbstractQueuedSynchronizer$Node EXCLUSIVE Ljava/util/concurrent/locks/AbstractQueuedSynchronizer$Node; null
ciInstanceKlass java/util/HashMap$KeySet 1 1 99 9 10 9 10 7 10 10 10 10 100 10 100 10 9 9 9 11 9 100 10 7 7 1 1 1 1 1 1 1 1 1 1 1 1 1 1 1 1 1 1 1 1 1 1 1 100 100 1 1 1 1 12 12 7 12 12 1 1 1 12 12 12 12 1 1 12 1 12 12 100 12 100 12 12 1 1 1 1 1 1 1 1 1 1 1 1 1 1 1 1 1 1 1 1 1 1 1 1
ciInstanceKlass java/util/HashMap$KeyIterator 1 1 40 9 10 10 9 7 7 100 1 1 1 1 1 1 1 1 1 1 1 1 1 1 1 12 12 12 7 12 100 1 1 1 1 1 1 1 1 1 1 1
instanceKlass org/apache/logging/log4j/spi/DefaultThreadContextMap$1
instanceKlass org/apache/logging/log4j/spi/GarbageFreeSortedArrayThreadContextMap$1
instanceKlass org/apache/logging/log4j/spi/CopyOnWriteSortedArrayThreadContextMap$1
ciInstanceKlass java/lang/InheritableThreadLocal 1 1 36 10 9 7 10 100 7 1 1 1 1 1 1 1 1 1 1 1 1 1 1 1 1 1 1 12 7 12 1 12 1 1 1 1 1 1
ciInstanceKlass java/util/concurrent/locks/LockSupport 1 1 120 10 9 9 10 10 10 10 10 100 10 10 9 10 10 10 10 10 7 8 10 10 8 9 8 9 8 100 100 10 7 100 1 1 1 1 1 1 1 1 1 1 1 1 1 1 1 1 1 1 1 1 1 1 1 1 1 1 100 1 100 1 1 12 12 12 7 12 12 12 12 12 1 12 12 12 100 12 12 12 12 1 1 7 12 12 1 12 1 12 1 1 1 12 1 1 1 1 1 1 1 1 1 1 1 1 1 1 1 1 1 1 1 1 1 1 1 1 1 1
staticfield java/util/concurrent/locks/LockSupport UNSAFE Lsun/misc/Unsafe; sun/misc/Unsafe
staticfield java/util/concurrent/locks/LockSupport parkBlockerOffset J 88
staticfield java/util/concurrent/locks/LockSupport SEED J 232
staticfield java/util/concurrent/locks/LockSupport PROBE J 240
staticfield java/util/concurrent/locks/LockSupport SECONDARY J 244
ciInstanceKlass java/util/concurrent/CopyOnWriteArrayList 1 1 375 9 10 7 10 9 7 10 10 7 10 11 7 10 10 10 10 10 10 10 100 100 10 10 10 10 10 10 100 100 10 8 10 10 8 10 10 10 10 10 10 10 11 11 11 100 10 11 11 11 11 10 10 10 10 10 10 10 11 10 10 7 11 10 7 10 100 10 100 10 9 9 10 10 8 10 10 100 100 10 100 100 100 100 1 100 1 1 1 1 1 1 5 0 1 1 1 1 1 1 1 1 1 1 1 1 1 1 1 1 1 100 100 1 1 1 1 1 1 1 1 1 1 1 1 1 1 1 1 1 1 1 1 100 1 1 1 1 1 1 1 1 1 1 100 100 100 1 1 1 1 1 1 1 1 1 1 1 1 1 1 100 1 1 1 1 1 1 1 1 1 1 1 1 1 1 1 1 100 1 1 1 100 1 1 1 100 1 1 1 100 1 100 1 1 100 1 1 1 100 1 1 1 1 1 1 1 1 1 1 1 1 1 1 1 1 1 100 1 1 1 12 12 1 12 1 12 12 1 12 7 12 7 12 12 12 12 12 12 12 1 1 12 7 12 12 12 12 1 1 1 12 12 1 12 12 12 100 12 12 12 12 7 12 12 1 12 100 12 100 12 100 12 12 100 12 12 12 100 12 12 100 12 100 12 12 12 1 12 1 12 1 100 12 1 12 12 12 7 12 12 7 12 12 1 1 12 1 1 1 1 1 1 1 1 1 1 1 1 1 1 1 1 1 1 1 1 1 1 1 1 1 1 1 1 1 1 1 1 1 1 1 1 1 1 1 1 1 1 1 1 1 1 1 1 1 1 1 1 1 1 1 1 1 1 1 1 1 1 1 1 1 1 1 1
staticfield java/util/concurrent/CopyOnWriteArrayList UNSAFE Lsun/misc/Unsafe; sun/misc/Unsafe
staticfield java/util/concurrent/CopyOnWriteArrayList lockOffset J 12
ciInstanceKlass java/util/concurrent/locks/ReadWriteLock 1 1 10 100 100 1 1 1 1 1 1 1
ciInstanceKlass java/util/concurrent/locks/ReentrantReadWriteLock 1 1 223 10 10 7 10 7 10 9 7 10 9 7 10 9 10 10 10 10 10 10 10 10 10 10 10 10 100 10 100 100 8 10 10 10 10 10 10 10 100 10 10 10 8 10 8 8 10 9 9 10 10 10 10 7 8 10 10 100 100 10 7 7 100 100 1 1 1 1 1 100 1 1 1 1 5 0 1 1 1 1 1 1 1 1 1 1 1 1 1 1 1 100 100 1 1 1 1 1 1 1 1 1 1 1 1 1 1 1 1 1 1 1 1 1 1 1 1 1 1 1 1 1 1 1 1 1 1 1 1 1 100 1 1 12 12 1 1 12 1 12 12 1 12 12 12 12 12 12 12 12 12 12 12 12 12 1 100 1 1 1 1 12 12 12 12 12 12 12 1 12 12 1 12 1 1 12 12 7 12 12 12 12 1 1 7 12 12 1 1 12 1 1 1 1 1 1 1 1 1 1 1 1 1 1 1 1 1 1 1 1 1 1 1 1 1 1 1 1 1 1 1 1 1
staticfield java/util/concurrent/locks/ReentrantReadWriteLock UNSAFE Lsun/misc/Unsafe; sun/misc/Unsafe
staticfield java/util/concurrent/locks/ReentrantReadWriteLock TID_OFFSET J 40
instanceKlass java/util/concurrent/locks/ReentrantReadWriteLock$FairSync
instanceKlass java/util/concurrent/locks/ReentrantReadWriteLock$NonfairSync
ciInstanceKlass java/util/concurrent/locks/ReentrantReadWriteLock$Sync 1 1 174 7 3 10 9 7 10 9 10 10 10 100 10 10 10 10 10 100 8 10 10 10 9 9 9 10 10 7 9 10 10 3 8 10 10 10 10 10 100 10 10 10 7 1 1 1 1 1 1 1 5 0 1 1 3 1 1 1 1 1 1 1 1 1 1 1 1 1 1 1 1 1 1 1 1 1 1 1 1 100 1 100 1 1 1 1 1 1 1 1 1 1 1 1 1 1 1 1 1 1 1 1 1 100 100 1 1 1 7 1 12 12 1 12 12 12 12 1 12 12 7 12 12 1 1 12 12 12 12 12 12 12 12 1 12 12 12 1 12 12 12 12 1 12 12 100 12 1 1 1 1 1 1 1 1 1 1 1 1 1 1 1 1 1 1 1 1 1 1 1 1 1 1 1
ciInstanceKlass java/util/concurrent/locks/ReentrantReadWriteLock$NonfairSync 1 1 29 10 10 7 7 1 1 1 5 0 1 1 1 1 1 1 1 1 1 12 12 100 1 1 1 1 1 1 1
ciInstanceKlass java/util/concurrent/locks/ReentrantReadWriteLock$Sync$ThreadLocalHoldCounter 1 1 31 10 7 10 10 7 7 1 1 1 1 1 100 1 1 1 1 1 1 1 1 1 12 1 12 1 1 1 100 1 1
ciInstanceKlass java/util/concurrent/locks/ReentrantReadWriteLock$ReadLock 1 1 96 10 9 9 10 10 10 10 10 10 100 10 10 100 10 10 10 8 10 8 10 7 7 100 100 1 1 1 5 0 1 7 1 1 1 1 1 1 1 1 1 1 1 100 1 1 1 1 1 1 1 1 1 1 12 7 12 12 12 12 7 12 12 12 1 12 1 12 12 1 12 1 1 1 1 1 1 1 1 1 1 1 1 1 1 1 1 1 1 1 1 1 1 1 1 1
ciInstanceKlass java/util/concurrent/locks/ReentrantReadWriteLock$WriteLock 1 1 120 10 9 9 10 10 10 10 10 10 10 10 100 10 10 10 8 8 10 8 10 10 10 7 7 100 100 1 1 1 5 0 1 7 1 1 1 1 1 1 1 1 1 1 1 100 1 1 1 1 1 1 1 1 1 100 100 100 100 1 1 1 1 1 12 7 12 12 12 12 7 12 12 12 12 12 1 12 12 1 1 100 12 1 12 12 1 1 1 1 1 1 1 1 1 1 1 1 1 1 1 1 1 1 1 1 1 100 1 1 1 1 1 1 1 1 1 100 1 1
ciInstanceKlass java/util/NoSuchElementException 1 1 21 10 10 100 7 1 1 1 5 0 1 1 1 1 1 1 1 12 12 1 1
instanceKlass java/nio/file/DirectoryIteratorException
ciInstanceKlass java/util/ConcurrentModificationException 0 0 27 10 10 10 10 100 100 1 1 1 5 0 1 1 1 1 1 1 1 1 1 12 12 12 12 1 1
ciInstanceKlass java/util/UUID 1 1 191 10 9 100 8 10 9 9 9 10 7 10 8 10 100 100 8 10 10 8 10 100 7 10 8 10 10 10 8 10 10 10 5 0 5 0 10 100 8 10 5 0 5 0 5 0 5 0 10 10 10 10 10 10 7 100 100 7 1 1 1 1 1 5 0 1 1 1 1 1 1 1 1 1 100 100 1 1 1 1 1 100 100 1 1 100 1 1 1 1 1 1 1 1 1 1 1 1 1 1 1 1 1 1 1 1 1 1 1 1 1 12 12 1 1 12 12 12 12 7 12 1 12 1 100 12 1 1 1 12 12 1 7 12 1 1 1 12 12 12 1 7 12 12 12 12 1 1 12 12 12 12 12 7 12 1 1 1 1 1 1 1 1 1 1 1 1 1 1 1 1 1 1 1 1 1 1 1 1 1 1 1 1 1 1 1 1 1 1 1 1
staticfield java/util/UUID $assertionsDisabled Z 1
ciInstanceKlass java/util/concurrent/CopyOnWriteArrayList$COWIterator 1 1 76 10 10 9 9 10 100 10 10 100 10 10 11 7 7 100 1 1 1 1 1 1 1 1 1 1 1 1 1 1 1 1 1 1 1 1 1 1 1 1 1 1 1 1 100 1 100 1 1 1 1 1 12 12 12 12 12 1 12 1 100 12 100 12 100 1 1 1 1 1 1 1 1 1 1 1
ciInstanceKlass java/util/concurrent/locks/ReentrantReadWriteLock$FairSync 1 1 29 10 10 7 7 1 1 1 5 0 1 1 1 1 1 1 1 1 1 12 12 100 1 1 1 1 1 1 1
ciInstanceKlass javax/swing/Icon 1 0 12 100 100 1 1 1 1 1 1 1 1 1
ciInstanceKlass javax/swing/UIDefaults$TextAndMnemonicHashMap 1 1 127 10 10 10 10 7 8 10 8 8 10 8 8 8 10 8 8 8 8 10 8 10 7 10 10 10 10 10 8 8 10 10 10 10 10 7 1 1 1 1 1 1 1 1 1 1 1 1 100 100 100 1 1 1 1 1 1 100 1 1 1 1 1 1 12 12 7 12 100 1 1 1 7 12 1 1 12 1 1 1 12 1 1 1 1 12 1 12 1 12 12 12 1 1 12 12 12 100 12 100 12 1 1 1 1 1 1 1 1 1 1 1 1 1 1 1 1 1 1 1 1 1 1 1 1 1 1
ciInstanceKlass com/mathworks/peermodel/impl/PeerModelManagerImpl 1 1 567 100 10 9 9 7 10 9 10 10 10 7 10 10 100 8 10 10 100 8 7 10 10 7 3 10 11 11 100 8 10 8 11 8 8 10 8 100 8 11 11 11 10 10 10 10 10 10 8 11 8 8 10 8 100 8 8 10 10 8 10 7 8 10 10 10 10 10 10 10 8 7 10 10 100 10 11 100 10 7 10 100 10 10 10 10 10 10 10 10 10 10 10 10 10 10 10 10 10 7 11 11 10 8 10 10 10 10 8 10 10 11 7 8 10 8 11 10 8 7 10 7 10 8 11 11 11 11 11 7 11 11 11 11 11 10 10 10 10 10 7 9 11 8 10 10 10 8 10 10 11 7 10 11 10 11 11 11 11 7 11 11 1 1 1 1 1 1 1 1 1 1 1 1 1 1 1 1 1 1 1 1 1 1 1 1 1 1 1 1 1 1 1 1 1 1 1 1 100 100 1 1 1 1 1 1 1 1 1 1 1 1 1 1 1 1 1 1 1 100 100 1 1 1 1 1 1 1 1 1 1 1 1 1 1 1 1 100 1 1 1 1 1 1 1 1 1 100 1 1 1 1 1 1 1 1 1 1 1 1 1 1 1 1 1 1 1 1 1 1 1 1 1 1 1 1 1 1 1 1 1 1 1 1 1 1 1 1 1 1 100 1 1 1 1 1 1 1 1 1 1 1 1 1 1 1 1 1 1 1 1 1 1 1 1 1 1 1 1 1 1 1 1 100 1 1 1 1 1 1 1 100 1 1 1 1 1 1 1 1 1 1 1 1 1 1 100 1 1 1 1 1 1 1 1 1 1 1 1 12 12 12 1 12 12 12 12 1 12 12 1 1 12 12 1 1 1 12 1 12 12 12 1 1 1 12 1 1 12 1 1 1 12 12 12 100 12 12 12 12 12 12 12 12 1 1 1 12 12 7 12 1 1 12 12 12 12 12 1 1 1 12 12 1 1 12 1 12 12 12 12 12 12 12 12 12 12 12 12 12 12 1 12 12 12 12 12 12 1 12 12 12 1 12 12 1 12 1 12 12 12 7 12 7 12 12 1 12 12 12 12 12 12 12 12 12 1 12 12 100 12 12 12 1 12 12 12 12 12 12 12 12 1 1 1 1 1 1 1 1 1 1 1 1 1 1 1 1 1 1 1 1 1 1 1 1 1 1 1 1 1 1 1 1 1 1 1 1 1 1 1 1 1 1 1 1 1 1 1 1 1 1 1 1 1 1 1 1 1 1 1 1 1 1 1 1 1 1 1 1 1 1 1 1 1 1 1
ciInstanceKlass com/mathworks/peermodel/impl/ObservableImpl 1 1 282 10 7 10 9 9 7 10 9 7 10 10 9 10 11 11 11 7 10 11 11 7 11 11 10 10 11 11 11 100 8 10 11 11 10 7 10 10 10 11 7 10 11 11 11 7 11 7 10 100 8 10 8 8 8 8 8 8 8 10 100 8 8 8 8 7 10 10 9 10 9 10 100 10 8 7 7 100 1 1 1 1 1 1 1 1 1 1 1 1 1 1 1 1 1 1 1 1 1 1 1 1 1 1 1 1 1 1 1 1 1 100 1 1 1 1 1 1 1 1 1 1 1 1 1 1 1 1 1 1 1 1 1 1 1 1 1 1 1 1 100 100 1 1 1 1 1 1 1 1 1 1 1 1 1 1 1 1 100 1 1 1 1 1 1 12 1 12 12 1 12 1 7 12 12 12 7 12 7 12 7 12 1 12 12 1 12 12 12 12 12 12 12 1 1 12 12 12 12 1 12 12 12 7 12 1 12 12 7 12 12 1 12 1 12 1 1 12 1 1 1 1 1 1 1 12 1 1 1 1 1 1 12 12 12 100 12 12 12 1 1 1 1 1 1 1 1 1 1 1 1 1 1 1 1 1 1 1 1 1 1 1 1 1 1 1 1 1 1 1 1 1 1 1 1 1 1 1 1 1 1 1
ciInstanceKlass com/mathworks/peermodel/impl/EventImpl 1 1 97 100 10 10 10 10 9 9 10 9 100 10 8 10 8 10 8 9 10 8 8 10 7 7 100 1 1 1 1 1 1 1 1 1 1 1 1 1 1 1 1 1 1 1 1 1 1 1 1 1 1 1 1 1 1 1 1 1 1 1 1 1 1 1 1 12 12 12 12 12 12 7 12 12 1 1 12 1 12 1 12 12 1 1 12 1 1 1 1 1 1 1 1 1 1 1 1
instanceKlass com/mathworks/peermodel/impl/RootPeerNodeImpl
ciInstanceKlass com/mathworks/peermodel/impl/PeerNodeImpl 1 1 839 10 10 10 7 10 9 9 7 10 9 9 7 10 9 10 9 10 9 7 10 9 9 10 10 10 9 9 10 10 10 100 100 10 8 10 8 10 10 10 10 10 10 10 10 10 10 10 7 10 10 7 10 8 11 8 8 100 8 10 10 10 10 10 10 8 11 7 10 10 10 8 10 11 11 11 11 7 8 11 7 11 11 10 7 10 10 10 7 10 10 10 8 8 10 11 11 8 10 11 10 10 10 10 7 10 10 10 10 8 10 10 10 11 11 11 10 8 8 10 8 10 11 10 11 7 11 10 11 7 10 10 11 10 10 10 11 100 8 10 8 10 11 11 10 10 10 11 10 10 8 11 11 11 11 7 10 10 7 10 8 10 100 10 10 10 10 10 10 11 11 100 10 10 10 11 11 8 8 10 8 10 10 10 10 10 10 10 10 10 10 10 10 10 10 10 10 11 11 11 11 11 10 7 10 10 10 10 5 0 9 11 100 11 11 10 10 10 10 10 10 10 8 8 8 10 8 8 10 8 8 8 8 8 100 1 1 1 1 3 1 1 1 1 1 1 1 1 1 1 1 1 1 1 1 1 1 1 1 1 1 1 1 1 1 1 1 1 1 1 1 1 1 1 1 100 100 100 1 1 1 1 1 1 1 1 1 1 1 1 1 1 100 1 1 1 1 1 1 1 1 1 1 1 1 1 1 1 1 1 1 1 1 100 1 1 1 1 1 1 1 1 1 1 1 1 1 1 100 1 1 1 1 1 1 1 1 1 1 1 1 1 1 1 1 1 100 1 1 1 1 1 1 1 1 1 1 1 1 1 1 1 1 1 1 1 1 1 1 1 1 1 1 100 1 1 1 1 1 1 1 1 1 1 1 1 1 1 1 1 1 1 1 1 1 1 1 1 1 1 100 1 1 1 1 1 1 1 1 1 1 1 1 1 1 100 1 1 1 1 1 100 100 1 1 1 1 1 1 1 1 1 1 1 100 1 1 1 1 1 1 1 1 1 1 1 1 1 1 1 1 1 1 1 1 1 1 1 1 1 1 1 1 1 1 1 1 1 1 1 1 1 1 1 1 7 1 1 1 1 1 1 1 1 1 1 1 1 1 1 1 1 1 1 1 1 1 1 100 100 1 1 1 1 1 100 1 1 1 1 1 1 1 1 1 1 1 1 1 100 1 1 1 1 1 1 1 1 1 1 1 1 100 1 1 12 12 12 1 12 12 1 12 12 1 12 12 12 12 12 1 12 12 100 12 12 12 12 12 12 12 12 1 1 1 12 1 12 12 12 12 12 12 12 12 12 7 12 1 100 12 12 1 1 1 12 12 12 12 12 12 1 1 12 12 12 1 12 12 7 12 7 12 12 1 1 12 1 12 12 12 1 12 12 12 1 12 12 12 1 1 12 12 7 1 12 12 12 7 12 1 12 12 12 12 1 12 12 12 7 12 12 12 12 12 1 12 12 1 12 12 1 12 12 12 12 12 12 12 1 1 12 1 12 12 12 12 12 12 12 12 12 1 12 12 12 1 12 12 1 12 1 12 1 12 12 12 12 12 100 12 1 12 12 12 12 1 1 1 12 12 12 12 12 12 12 12 12 12 12 12 12 12 7 12 12 12 12 1 12 7 12 12 12 7 12 7 12 1 12 12 12 12 12 1 1 1 12 1 1 12 1 1 1 1 1 1 1 1 1 1 1 1 1 100 1 1 100 1 1 1 1 1 1 1 1 1 1 1 1 1 1 1 1 1 1 1 1 1 1 1 1 1 1 1 1 1 1 1 1 1 1 1 1 1 1 1 1 1 100 1 1 1 1 1 1 1 1 1 1 1 1 1 1 1 1 1 1 1 1 1 1 1 1 1 1 1 1 1 1 1 1 1 1 1 1 1 1 1
ciInstanceKlass com/mathworks/peermodel/impl/RootPeerNodeImpl 1 1 77 10 100 8 10 10 10 10 9 10 10 10 100 8 100 10 10 8 7 7 1 1 1 1 1 1 1 1 1 1 1 1 1 1 1 1 1 1 1 1 1 1 1 1 1 1 1 1 1 1 1 1 1 12 1 1 12 12 12 12 100 12 12 12 1 1 1 12 12 1 1 1 1 1 1 1 1
ciInstanceKlass com/mathworks/peermodel/PeerNode 1 0 89 100 100 100 1 1 1 1 1 1 1 1 1 1 1 1 1 1 1 1 1 1 1 1 1 1 1 1 1 1 1 1 1 1 1 1 1 1 1 1 1 1 1 1 1 1 1 1 1 1 1 1 1 1 1 1 1 1 1 1 1 1 1 1 1 1 1 1 1 1 1 1 1 1 1 1 1 100 1 1 1 1 1 1 1 1 100 1 1
ciInstanceKlass com/mathworks/peermodel/events/Event 1 0 17 100 100 1 1 1 1 1 1 1 1 1 1 1 1 1 1
ciInstanceKlass java/util/concurrent/locks/ReentrantLock$FairSync 1 1 67 10 10 10 10 10 10 10 10 100 8 10 10 7 7 1 1 1 5 0 1 1 1 1 1 1 1 1 100 1 1 12 12 7 12 12 12 12 12 12 1 1 12 12 100 1 1 1 1 1 1 1 1 1 1 1 1 1 1 1 1 1 1 1 1 1 1
ciInstanceKlass java/util/concurrent/CountDownLatch$Sync 1 1 40 10 10 10 10 7 7 1 1 1 5 0 1 1 1 1 1 1 1 1 1 1 1 1 1 12 12 12 12 100 1 1 1 1 1 1 1 1 1 1
ciInstanceKlass com/mathworks/mlwidgets/explorer/model/table/UiFileList 1 1 528 9 9 10 10 10 10 9 10 10 10 10 9 9 9 7 10 9 7 10 9 9 7 10 10 10 10 11 10 11 7 11 7 10 10 100 10 7 10 7 10 11 11 11 11 100 10 7 11 10 10 100 11 10 7 10 7 10 10 10 7 10 11 11 10 10 10 11 10 11 11 10 10 10 7 11 10 10 11 7 10 7 10 7 10 11 11 7 11 11 9 10 10 11 10 10 10 10 10 9 10 9 10 10 10 10 10 10 10 10 7 11 11 100 10 8 10 8 10 8 10 10 7 7 1 1 1 1 1 1 1 1 1 1 1 1 1 1 1 1 1 1 1 1 1 1 1 1 1 1 1 1 1 1 1 1 1 1 1 1 1 1 1 100 100 100 100 1 1 1 1 1 1 1 1 1 1 1 1 1 1 1 1 1 1 1 100 100 100 1 1 1 1 100 100 100 1 1 1 1 1 1 1 1 1 1 1 1 1 1 1 100 100 1 1 1 1 100 1 1 1 1 1 1 1 1 1 1 1 1 1 1 1 1 1 1 100 100 1 1 1 1 1 1 1 1 1 1 1 1 1 1 1 1 1 1 1 1 1 1 1 1 1 1 1 1 1 1 1 1 1 1 100 100 100 100 1 1 1 1 1 1 1 1 100 1 1 1 1 1 1 1 1 1 1 1 1 1 1 1 1 1 1 1 1 1 1 12 12 12 12 12 12 12 12 100 12 12 12 12 12 12 1 12 1 12 12 1 12 12 7 12 12 7 12 12 7 12 1 7 12 1 12 7 12 1 1 12 1 12 12 12 7 12 12 1 100 12 1 12 12 1 12 12 1 1 12 12 1 12 12 12 12 7 12 12 12 12 100 100 12 12 12 1 12 12 12 12 1 1 12 1 12 7 1 12 12 7 12 12 12 12 7 12 12 7 12 12 12 12 12 12 12 12 7 12 12 7 12 12 7 12 12 1 12 12 1 1 12 1 12 1 1 1 1 1 1 1 1 1 1 1 1 1 1 1 1 1 1 1 1 1 1 1 1 1 1 1 1 1 1 1 1 1 1 1 1 1 1 1 1 1 1 1 1 1 1 1 1 1 1 1 1 1 1 1 1 1 1 1 1 1 1 1 1 1 1 1 1 1 1 1 1 1 1 1 1 1 1 1 1 1 1 1 1 1 1 1 1 1 1 1 1 1 1 1 1 1
ciInstanceKlass com/mathworks/peermodel/PeerNodeSyncable 1 0 28 100 100 100 100 1 1 1 1 1 1 1 1 1 1 1 1 1 1 1 1 1 1 1 1 1 1 1
ciInstanceKlass java/util/concurrent/locks/ReentrantReadWriteLock$Sync$HoldCounter 1 1 38 10 9 10 10 9 7 7 1 1 1 1 1 1 1 1 1 1 12 12 7 12 7 12 12 100 1 1 1 1 1 1 1 1 1 1 1 1
ciInstanceKlass com/mathworks/addons_common/notificationframework/AddOnInstallationObserverImpl 1 1 80 10 9 100 10 11 100 10 100 10 100 10 10 10 10 10 10 8 10 7 7 100 1 1 1 1 1 1 1 1 1 1 1 1 1 1 1 1 1 1 1 1 1 1 1 1 1 1 12 12 1 12 100 12 1 12 1 1 12 100 12 12 12 12 1 7 12 1 1 1 1 1 1 1 1 1 1 1 1 1
staticfield com/mathworks/addons_common/notificationframework/AddOnInstallationObserverImpl executorService Ljava/util/concurrent/ExecutorService; java/util/concurrent/Executors$FinalizableDelegatedExecutorService
ciMethod java/util/concurrent/locks/ReentrantReadWriteLock$FairSync <init> ()V 9 1 2 0 -1
ciMethod java/lang/Object <init> ()V 4097 1 4477026 0 96
ciMethod java/lang/Object getClass ()Ljava/lang/Class; 4097 1 512 0 -1
ciMethod java/lang/Object hashCode ()I 3073 1 384 0 -1
ciMethod java/lang/Object equals (Ljava/lang/Object;)Z 3345 1 117668 0 -1
ciMethod java/lang/String equals (Ljava/lang/Object;)Z 2553 32769 6582 0 -1
ciMethod java/lang/String hashCode ()I 2689 32769 6045 0 288
ciMethod java/lang/System nanoTime ()J 3073 1 384 0 -1
ciMethod java/lang/ref/Reference get ()Ljava/lang/Object; 1025 1 128 0 -1
ciMethod java/lang/ref/Reference clear ()V 4097 1 8163 0 -1
ciMethod java/lang/ref/ReferenceQueue <init> ()V 2049 1 3176 0 0
ciMethod java/lang/Thread currentThread ()Ljava/lang/Thread; 3073 1 384 0 -1
ciMethod java/lang/Thread interrupt ()V 1 1 358 0 -1
ciMethod java/lang/Thread interrupted ()Z 2049 1 77719 0 96
ciMethod java/lang/Thread isInterrupted (Z)Z 2049 1 256 0 -1
ciMethod java/util/Map containsKey (Ljava/lang/Object;)Z 0 0 1 0 -1
ciMethod java/util/Map get (Ljava/lang/Object;)Ljava/lang/Object; 0 0 1 0 -1
ciMethod java/util/Map put (Ljava/lang/Object;Ljava/lang/Object;)Ljava/lang/Object; 0 0 1 0 -1
ciMethod java/util/Map keySet ()Ljava/util/Set; 0 0 1 0 -1
ciMethod java/util/Map entrySet ()Ljava/util/Set; 0 0 1 0 -1
ciMethod sun/misc/Unsafe compareAndSwapInt (Ljava/lang/Object;JII)Z 2049 1 256 0 -1
ciMethod sun/misc/Unsafe getLongVolatile (Ljava/lang/Object;J)J 2049 1 256 0 -1
ciMethod sun/misc/Unsafe getAndAddInt (Ljava/lang/Object;JI)I 2049 1 1704 0 -1
ciMethod java/lang/Float isNaN (F)Z 2049 1 21073 0 96
ciMethod java/lang/Double doubleValue ()D 9 1 5220 0 -1
ciMethod java/lang/Integer valueOf (I)Ljava/lang/Integer; 497 1 129865 0 192
ciMethod java/lang/Integer <init> (I)V 2065 1 53935 0 -1
ciMethod java/lang/Integer intValue ()I 1033 1 129 0 -1
ciMethod java/util/Collection iterator ()Ljava/util/Iterator; 0 0 1 0 -1
ciMethod java/util/Collection toArray ()[Ljava/lang/Object; 0 0 1 0 -1
ciMethod java/util/List size ()I 0 0 1 0 -1
ciMethod java/util/List contains (Ljava/lang/Object;)Z 0 0 1 0 -1
ciMethod java/util/List iterator ()Ljava/util/Iterator; 0 0 1 0 -1
ciMethod java/util/List toArray ()[Ljava/lang/Object; 0 0 1 0 -1
ciMethod java/util/List add (Ljava/lang/Object;)Z 0 0 1 0 -1
ciMethod java/util/List get (I)Ljava/lang/Object; 0 0 1 0 -1
ciMethod java/util/List add (ILjava/lang/Object;)V 0 0 1 0 -1
ciMethod java/util/AbstractList <init> ()V 3081 1 226056 0 32
ciMethod java/util/AbstractCollection <init> ()V 289 1 317106 0 32
ciMethod java/util/ArrayList <init> ()V 2073 1 128474 0 64
ciMethod java/util/ArrayList <init> (Ljava/util/Collection;)V 2049 1 5380 0 384
ciMethod java/util/ArrayList ensureCapacityInternal (I)V 4097 1 189241 0 -1
ciMethod java/util/ArrayList add (Ljava/lang/Object;)Z 4097 1 178500 0 768
ciMethod java/util/Collections unmodifiableList (Ljava/util/List;)Ljava/util/List; 1025 1 47350 0 384
ciMethod java/util/Collections synchronizedMap (Ljava/util/Map;)Ljava/util/Map; 2073 1 2180 0 0
ciMethod java/util/Set iterator ()Ljava/util/Iterator; 0 0 1 0 -1
ciMethod java/util/AbstractSet <init> ()V 65 1 74262 0 32
ciMethod java/util/AbstractMap <init> ()V 369 1 136713 0 32
ciMethod java/util/Collections$UnmodifiableRandomAccessList <init> (Ljava/util/List;)V 1033 1 31456 0 0
ciMethod java/util/Collections$UnmodifiableList <init> (Ljava/util/List;)V 1033 1 47351 0 0
ciMethod java/util/Collections$UnmodifiableCollection <init> (Ljava/util/Collection;)V 1041 1 41698 0 96
ciMethod java/util/Collections$UnmodifiableCollection iterator ()Ljava/util/Iterator; 2073 1 16191 0 224
ciMethod java/lang/ref/ReferenceQueue$Lock <init> ()V 2049 1 3176 0 -1
ciMethod java/lang/ref/ReferenceQueue$Lock <init> (Ljava/lang/ref/ReferenceQueue$1;)V 2049 1 3176 0 -1
ciMethod java/util/HashMap hash (Ljava/lang/Object;)I 4097 1 255431 0 160
ciMethod java/util/HashMap <init> ()V 121 1 92927 0 32
ciMethod java/util/HashMap get (Ljava/lang/Object;)Ljava/lang/Object; 2049 1 84637 0 672
ciMethod java/util/HashMap getNode (ILjava/lang/Object;)Ljava/util/HashMap$Node; 4097 33 6726 0 544
ciMethod java/util/HashMap containsKey (Ljava/lang/Object;)Z 129 1 7001 0 640
ciMethod java/util/HashMap put (Ljava/lang/Object;Ljava/lang/Object;)Ljava/lang/Object; 4097 1 120382 0 192
ciMethod java/util/HashMap putVal (ILjava/lang/Object;Ljava/lang/Object;ZZ)Ljava/lang/Object; 4097 377 18003 0 1248
ciMethod java/util/HashMap resize ()[Ljava/util/HashMap$Node; 193 5897 5244 0 -1
ciMethod java/util/HashMap treeifyBin ([Ljava/util/HashMap$Node;I)V 0 0 1 0 -1
ciMethod java/util/HashMap entrySet ()Ljava/util/Set; 2049 1 6543 0 192
ciMethod java/util/HashMap newNode (ILjava/lang/Object;Ljava/lang/Object;Ljava/util/HashMap$Node;)Ljava/util/HashMap$Node; 2577 1 6469 0 224
ciMethod java/util/HashMap afterNodeAccess (Ljava/util/HashMap$Node;)V 2049 1 1280 0 0
ciMethod java/util/HashMap afterNodeInsertion (Z)V 3385 1 1640 0 0
ciMethod java/util/Map$Entry getKey ()Ljava/lang/Object; 0 0 1 0 -1
ciMethod java/util/Map$Entry getValue ()Ljava/lang/Object; 0 0 1 0 -1
ciMethod java/util/HashMap$Node <init> (ILjava/lang/Object;Ljava/lang/Object;Ljava/util/HashMap$Node;)V 4097 1 12101 0 0
ciMethod java/util/HashMap$Node getKey ()Ljava/lang/Object; 7505 1 938 0 0
ciMethod java/util/HashMap$Node getValue ()Ljava/lang/Object; 1025 1 128 0 0
ciMethod java/lang/Math max (II)I 393 1 381326 0 -1
ciMethod java/util/Objects requireNonNull (Ljava/lang/Object;)Ljava/lang/Object; 3097 1 90248 0 64
ciMethod java/util/Iterator hasNext ()Z 0 0 1 0 -1
ciMethod java/util/Iterator next ()Ljava/lang/Object; 0 0 1 0 -1
ciMethod java/util/WeakHashMap newTable (I)[Ljava/util/WeakHashMap$Entry; 2049 1 2992 0 0
ciMethod java/util/WeakHashMap <init> (IF)V 2049 8193 2922 0 0
ciMethod java/util/WeakHashMap <init> ()V 2057 1 2919 0 0
ciMethod java/util/Arrays copyOf ([Ljava/lang/Object;I)[Ljava/lang/Object; 2065 1 33101 0 384
ciMethod java/util/Arrays copyOf ([Ljava/lang/Object;ILjava/lang/Class;)[Ljava/lang/Object; 3081 1 5505 0 -1
ciMethod java/lang/ThreadLocal nextHashCode ()I 3089 1 4248 0 0
ciMethod java/lang/ThreadLocal <init> ()V 3089 1 4248 0 0
ciMethod java/lang/ThreadLocal get ()Ljava/lang/Object; 3073 1 16770 0 800
ciMethod java/lang/ThreadLocal setInitialValue ()Ljava/lang/Object; 25 1 5128 0 -1
ciMethod java/lang/ThreadLocal set (Ljava/lang/Object;)V 25 1 11891 0 0
ciMethod java/lang/ThreadLocal remove ()V 241 1 401 0 0
ciMethod java/lang/ThreadLocal getMap (Ljava/lang/Thread;)Ljava/lang/ThreadLocal$ThreadLocalMap; 2393 1 8288 0 0
ciMethod java/lang/ThreadLocal createMap (Ljava/lang/Thread;Ljava/lang/Object;)V 9 1 4729 0 -1
ciMethod java/lang/ThreadLocal access$400 (Ljava/lang/ThreadLocal;)I 1561 1 195 0 -1
ciMethod java/util/concurrent/atomic/AtomicInteger getAndAdd (I)I 3097 1 4249 0 0
ciMethod java/util/concurrent/ConcurrentHashMap <init> ()V 921 1 11680 0 32
ciMethod java/util/concurrent/locks/Lock tryLock (JLjava/util/concurrent/TimeUnit;)Z 0 0 1 0 -1
ciMethod java/util/concurrent/locks/Lock unlock ()V 0 0 1 0 -1
ciMethod java/util/concurrent/locks/ReentrantLock <init> ()V 2081 1 6618 0 192
ciMethod java/util/concurrent/locks/ReentrantLock lock ()V 2209 1 30800 0 448
ciMethod java/util/concurrent/locks/ReentrantLock unlock ()V 3113 1 46641 0 192
ciMethod java/util/concurrent/locks/LockSupport unpark (Ljava/lang/Thread;)V 833 1 5354 0 -1
ciMethodData java/lang/Object <init> ()V 2 4477026 orig 264 104 147 115 119 0 0 0 0 128 4 144 218 113 2 0 0 32 1 0 0 0 0 0 0 0 0 0 0 0 0 0 0 0 0 0 0 0 0 0 0 0 0 0 0 0 0 0 0 0 0 0 0 0 0 0 0 0 0 0 0 0 0 0 0 0 0 0 0 0 0 0 0 0 0 0 0 0 0 0 0 77 68 79 32 101 120 116 114 97 32 100 97 116 97 32 108 111 99 107 0 0 0 0 0 0 0 0 0 0 0 0 0 0 0 0 0 0 0 0 0 0 0 0 0 0 0 0 0 0 0 0 0 0 0 0 0 0 0 0 0 0 0 0 0 0 0 0 0 0 0 0 0 0 0 0 0 0 0 0 0 0 0 0 0 0 0 0 0 0 0 0 0 0 0 0 0 0 0 0 0 0 0 0 0 1 0 0 0 0 0 0 0 1 0 0 0 0 0 0 0 1 0 0 0 0 0 0 0 0 0 0 0 0 0 0 0 0 2 0 0 17 115 34 2 1 0 0 0 0 0 0 0 0 0 0 0 2 0 0 0 0 0 0 0 0 0 0 0 0 0 0 0 255 255 255 255 0 0 0 0 0 0 0 0 data 0 oops 0
ciMethod java/util/HashMap$TreeNode getTreeNode (ILjava/lang/Object;)Ljava/util/HashMap$TreeNode; 0 0 1 0 -1
ciMethod java/util/HashMap$TreeNode putTreeVal (Ljava/util/HashMap;[Ljava/util/HashMap$Node;ILjava/lang/Object;Ljava/lang/Object;)Ljava/util/HashMap$TreeNode; 0 0 1 0 -1
ciMethod java/util/HashMap$TreeNode split (Ljava/util/HashMap;[Ljava/util/HashMap$Node;II)V 0 0 1 0 -1
ciMethodData java/lang/String hashCode ()I 2 128920 orig 264 104 147 115 119 0 0 0 0 0 80 144 218 113 2 0 0 152 1 0 0 96 0 0 0 0 0 0 0 0 0 0 0 0 0 0 0 0 0 0 0 0 0 0 0 0 0 0 0 0 0 0 0 0 0 0 0 0 0 0 0 0 0 0 0 0 0 0 0 0 0 0 0 0 0 0 0 0 0 0 0 77 68 79 32 101 120 116 114 97 32 100 97 116 97 32 108 111 99 107 0 0 0 0 0 0 0 0 0 0 0 0 0 0 0 0 0 0 0 0 0 0 0 0 0 0 0 0 0 0 0 0 0 0 0 0 0 0 0 0 0 0 0 0 0 1 0 0 0 0 0 0 0 0 0 0 0 0 0 0 0 0 0 0 0 0 0 0 0 0 0 0 0 0 0 0 0 0 0 0 1 0 0 0 0 1 0 0 0 0 0 0 0 0 0 0 0 0 0 0 0 1 0 0 0 0 0 0 0 0 0 0 0 0 0 0 0 0 16 0 0 105 178 0 0 193 60 15 0 181 17 0 0 60 149 1 0 2 0 0 0 1 0 11 0 2 0 0 0 120 0 0 0 255 255 255 255 7 0 6 0 0 0 0 0 data 15 0x60007 0xd0e 0x78 0x93f 0xee007 0x8 0x58 0x938 0x1e0007 0x935 0x38 0x1e785 0x2d0003 0x1e785 0xffffffffffffffe0 oops 0
ciMethodData java/util/HashMap hash (Ljava/lang/Object;)I 2 255431 orig 264 104 147 115 119 0 0 0 0 240 156 158 218 113 2 0 0 176 1 0 0 0 0 0 0 0 0 0 0 0 0 0 0 0 0 0 0 0 0 0 0 0 0 0 0 0 0 0 0 0 0 0 0 0 0 0 0 0 0 0 0 0 0 0 0 0 0 0 0 0 0 0 0 0 0 0 0 0 0 0 0 77 68 79 32 101 120 116 114 97 32 100 97 116 97 32 108 111 99 107 0 0 0 0 0 0 0 0 0 0 0 0 0 0 0 0 0 0 0 0 0 0 0 0 0 0 0 0 0 0 0 0 0 0 0 0 0 0 0 0 0 0 0 0 0 0 0 0 0 0 0 0 0 0 0 0 0 0 0 0 0 0 0 0 0 0 0 0 0 0 0 0 0 0 0 0 0 0 0 0 2 0 0 0 0 17 0 0 0 0 0 0 0 0 0 0 0 0 0 0 0 0 0 0 0 0 0 0 0 0 0 0 0 0 0 0 0 0 2 0 0 57 30 31 0 1 0 0 0 173 99 0 0 0 0 0 0 2 0 0 0 0 0 6 0 2 0 0 0 104 0 0 0 255 255 255 255 7 224 1 0 0 0 0 0 data 13 0x1e007 0x3e252 0x38 0x177 0x50003 0x177 0x48 0x90005 0xb4d4 0x271be936bc0 0x2ac9d 0x271be936c50 0x4125 oops 2 9 java/lang/String 11 java/lang/Class
ciMethodData java/util/HashMap getNode (ILjava/lang/Object;)Ljava/util/HashMap$Node; 2 6726 orig 264 104 147 115 119 0 0 0 0 160 166 158 218 113 2 0 0 8 4 0 0 192 0 0 0 0 0 0 0 0 0 0 0 0 0 0 0 0 0 0 0 0 0 0 0 0 0 0 0 0 0 0 0 0 0 0 0 0 0 0 0 0 0 0 0 0 0 0 0 0 0 0 0 0 0 0 0 0 0 0 0 77 68 79 32 101 120 116 114 97 32 100 97 116 97 32 108 111 99 107 0 0 0 0 0 0 0 0 0 0 0 0 0 0 0 0 0 0 0 0 0 0 0 0 0 0 0 0 0 0 0 0 0 0 0 0 0 0 0 0 0 0 0 0 0 0 0 0 0 0 0 0 0 0 0 0 0 0 0 0 0 0 0 0 0 0 0 0 0 0 0 0 0 0 0 0 0 0 0 0 0 0 0 0 0 17 0 0 0 0 0 0 0 0 0 0 0 0 0 0 0 1 0 0 0 0 0 0 0 0 0 0 0 0 0 0 0 0 2 0 0 49 194 0 0 89 12 0 0 70 24 0 0 139 1 0 0 2 0 0 0 1 0 37 0 2 0 0 0 176 2 0 0 255 255 255 255 7 0 6 0 0 0 0 0 data 86 0x60007 0x154 0x2b0 0x16f2 0xe0007 0x0 0x290 0x16f2 0x1c0007 0x939 0x270 0xdb9 0x250007 0x6c6 0xb0 0x6f3 0x310007 0x43f 0x90 0x2b4 0x350007 0x0 0x70 0x2b4 0x3b0005 0xdc 0x271be936bc0 0x1cc 0x271db2eb3a0 0xc 0x3e0007 0xe 0x20 0x2a7 0x4c0007 0x3f7 0x1a0 0x2dd 0x510004 0xfffffffffffffd23 0x271e2795f40 0x12f 0x271dda09de0 0x5 0x540007 0x2dd 0x80 0x0 0x590004 0x0 0x0 0x0 0x0 0x0 0x5e0005 0x0 0x0 0x0 0x0 0x0 0x680007 0x1e9 0xb0 0x183 0x740007 0xe6 0x90 0x9d 0x780007 0x0 0x70 0x9d 0x7e0005 0x47 0x271be936bc0 0x50 0x271db2eb3a0 0x6 0x810007 0x1 0x20 0x9c 0x8f0007 0x8f 0xffffffffffffff50 0x15b oops 6 26 java/lang/String 28 java/io/File 40 java/util/LinkedHashMap$Entry 42 java/util/HashMap$Node 74 java/lang/String 76 java/io/File
ciMethodData java/util/HashMap put (Ljava/lang/Object;Ljava/lang/Object;)Ljava/lang/Object; 2 120382 orig 264 104 147 115 119 0 0 0 0 224 167 158 218 113 2 0 0 152 1 0 0 0 0 0 0 0 0 0 0 0 0 0 0 0 0 0 0 0 0 0 0 0 0 0 0 0 0 0 0 0 0 0 0 0 0 0 0 0 0 0 0 0 0 0 0 0 0 0 0 0 0 0 0 0 0 0 0 0 0 0 0 77 68 79 32 101 120 116 114 97 32 100 97 116 97 32 108 111 99 107 0 0 0 0 0 0 0 0 0 0 0 0 0 0 0 0 0 0 0 0 0 0 0 0 0 0 0 0 0 0 0 0 0 0 0 0 0 0 0 0 0 0 0 0 0 1 0 0 0 0 0 0 0 0 0 0 0 0 0 0 0 0 0 0 0 0 0 0 0 0 0 0 0 0 0 0 0 0 0 0 0 0 0 0 0 17 0 0 0 0 0 0 0 0 0 0 0 0 0 0 0 0 0 0 0 0 0 0 0 0 0 0 0 0 0 0 0 0 2 0 0 241 161 14 0 1 0 0 0 194 43 0 0 0 0 0 0 2 0 0 0 0 0 7 0 2 0 0 0 64 0 0 0 255 255 255 255 2 0 2 0 0 0 0 0 data 8 0x20002 0x1d43e 0x90005 0x2d73 0x271dda09bd0 0x1a66e 0x271e8a389a0 0x5e oops 2 4 java/util/HashMap 6 java/io/ExpiringCache$1
ciMethodData java/util/HashMap putVal (ILjava/lang/Object;Ljava/lang/Object;ZZ)Ljava/lang/Object; 2 18003 orig 264 104 147 115 119 0 0 0 0 192 169 158 218 113 2 0 0 176 6 0 0 144 4 0 0 0 0 0 0 0 0 0 0 0 0 0 0 0 0 0 0 0 0 0 0 0 0 0 0 0 0 0 0 0 0 0 0 0 0 0 0 0 0 0 0 0 0 0 0 0 0 0 0 0 0 0 0 0 0 0 0 77 68 79 32 101 120 116 114 97 32 100 97 116 97 32 108 111 99 107 0 0 0 0 0 0 0 0 0 0 0 0 0 0 0 0 0 0 0 0 0 0 0 0 0 0 0 0 0 0 0 0 0 0 0 0 0 0 0 0 0 0 0 0 0 4 0 0 0 1 0 0 0 0 0 0 0 0 0 0 0 0 0 0 0 4 0 0 6 0 0 0 0 0 0 0 0 0 0 0 1 0 0 0 0 0 0 0 0 0 0 0 0 0 0 0 0 0 0 0 0 0 0 0 0 0 0 0 0 0 0 0 0 0 0 0 0 0 2 0 0 153 34 2 0 161 40 0 0 26 48 0 0 180 3 0 0 2 0 0 0 1 0 50 0 2 0 0 0 64 5 0 0 255 255 255 255 7 0 7 0 0 0 0 0 data 168 0x70007 0x11a5 0x40 0x32ae 0x100007 0x32ae 0x50 0x0 0x140005 0xf0 0x271dda09bd0 0x10b4 0x271e2411210 0x1 0x2c0007 0x1296 0x98 0x31bd 0x380005 0x56d 0x271e8a389a0 0xc6 0x271dda09bd0 0x2b8a 0x3b0004 0x0 0x271e2795f40 0x60a 0x271dda09de0 0x2bb3 0x3c0003 0x31bd 0x3d0 0x450007 0xfd0 0xc8 0x2c6 0x510007 0x228 0x90 0x9e 0x550007 0x0 0x88 0x9e 0x5b0005 0x8b 0x271e24112c0 0xd 0x271db2eb3a0 0x6 0x5e0007 0x3d 0x38 0x61 0x650003 0x289 0x278 0x6a0004 0xffffffffffffeff3 0x271e2795f40 0xa3 0x271dda09de0 0x8f 0x6d0007 0x100d 0x98 0x0 0x720004 0x0 0x0 0x0 0x0 0x0 0x7b0005 0x0 0x0 0x0 0x0 0x0 0x800003 0x0 0x1b0 0x8e0007 0x594 0xb8 0xf8c 0x980005 0x2a9 0x271e8a389a0 0x4e 0x271dda09bd0 0xc95 0xa20007 0xf8c 0x148 0x0 0xa90005 0x0 0x0 0x0 0x0 0x0 0xac0003 0x0 0xf8 0xb50007 0x506 0xc8 0x8e 0xc10007 0x7b 0xc0 0x13 0xc50007 0x0 0x88 0x13 0xcbf005 0x14 0x271e24112c0 0x1 0x271be936bc0 0x2 0xce0007 0xd 0x38 0xa 0xd10003 0xa 0x30 0xdb0003 0x513 0xfffffffffffffe80 0xe00007 0xf8c 0x90 0x30e 0xece007 0x2b7 0x40 0x58 0xf10007 0x58 0x20 0x0 0xfdf005 0x3 0x271dda09bd0 0x30a 0x271e8b64ad0 0x8 0x11c0007 0x3fa6 0x50 0x1a3 0x1200005 0x6c 0x271dda09bd0 0x134 0x271e2411210 0x3 0x1270005 0x816 0x271e8a389a0 0x114 0x271dda09bd0 0x381f oops 20 10 java/util/HashMap 12 java/lang/ProcessEnvironment 20 java/io/ExpiringCache$1 22 java/util/HashMap 26 java/util/LinkedHashMap$Entry 28 java/util/HashMap$Node 47 sun/misc/ProxyGenerator$ConstantPool$IndirectEntry 49 java/io/File 60 java/util/LinkedHashMap$Entry 62 java/util/HashMap$Node 89 java/io/ExpiringCache$1 91 java/util/HashMap 120 sun/misc/ProxyGenerator$ConstantPool$IndirectEntry 122 java/lang/String 148 java/util/HashMap 150 java/util/LinkedHashMap 158 java/util/HashMap 160 java/lang/ProcessEnvironment 164 java/io/ExpiringCache$1 166 java/util/HashMap
ciMethodData java/util/HashMap$Node <init> (ILjava/lang/Object;Ljava/lang/Object;Ljava/util/HashMap$Node;)V 2 12101 orig 264 104 147 115 119 0 0 0 0 248 235 158 218 113 2 0 0 80 1 0 0 0 0 0 0 0 0 0 0 0 0 0 0 0 0 0 0 0 0 0 0 0 0 0 0 0 0 0 0 0 0 0 0 0 0 0 0 0 0 0 0 0 0 0 0 0 0 0 0 0 0 0 0 0 0 0 0 0 0 0 0 77 68 79 32 101 120 116 114 97 32 100 97 116 97 32 108 111 99 107 0 0 0 0 0 0 0 0 0 0 0 0 0 0 0 0 0 0 0 0 0 0 0 0 0 0 0 0 0 0 0 0 0 0 0 0 0 0 0 0 0 0 0 0 0 0 0 0 0 0 0 0 0 0 0 0 0 0 0 0 0 0 0 0 0 0 0 0 0 0 0 0 0 0 0 0 0 0 0 0 0 0 0 0 0 1 0 0 0 0 0 0 0 0 0 0 0 0 0 0 0 1 0 0 0 0 0 0 0 0 0 0 0 0 0 0 0 0 2 0 0 41 106 1 0 1 0 0 0 0 0 0 0 0 0 0 0 2 0 0 0 0 0 3 0 2 0 0 0 16 0 0 0 255 255 255 255 2 0 1 0 0 0 0 0 data 2 0x10002 0x2d45 oops 0
ciMethodData java/util/ArrayList add (Ljava/lang/Object;)Z 2 178500 orig 264 104 147 115 119 0 0 0 0 0 27 157 218 113 2 0 0 144 1 0 0 0 0 0 0 0 0 0 0 0 0 0 0 0 0 0 0 0 0 0 0 0 0 0 0 0 0 0 0 0 0 0 0 0 0 0 0 0 0 0 0 0 0 0 0 0 0 0 0 0 0 0 0 0 0 0 0 0 0 0 0 77 68 79 32 101 120 116 114 97 32 100 97 116 97 32 108 111 99 107 0 0 0 0 0 0 0 0 0 0 0 0 0 0 0 0 0 0 0 0 0 0 0 0 0 0 0 0 0 0 0 0 0 0 0 0 0 0 0 0 0 0 0 0 0 0 0 0 0 0 0 0 0 0 0 0 0 0 0 0 0 0 0 0 0 0 0 0 0 0 0 0 0 0 0 0 0 0 0 0 0 0 0 0 0 17 0 0 0 0 0 0 0 0 0 0 0 0 0 0 0 1 0 0 0 0 0 0 0 0 0 0 0 0 0 0 0 0 2 0 0 33 186 21 0 1 0 0 0 0 0 0 0 0 0 0 0 2 0 0 0 0 0 15 0 2 0 0 0 64 0 0 0 255 255 255 255 2 0 7 0 0 0 0 0 data 8 0x70002 0x2b744 0x1a0104 0x0 0x271db2eb4c0 0xae 0x271e8ddabd0 0x25c oops 2 4 java/net/URL 6 sun/misc/URLClassPath$JarLoader
ciMethod java/lang/ThreadLocal$ThreadLocalMap nextIndex (II)I 2049 1 2778 0 -1
ciMethod java/lang/ThreadLocal$ThreadLocalMap remove (Ljava/lang/ThreadLocal;)V 241 1 401 0 0
ciMethod java/lang/ThreadLocal$ThreadLocalMap expungeStaleEntry (I)I 57 1 401 0 -1
ciMethod java/lang/ThreadLocal$ThreadLocalMap access$000 (Ljava/lang/ThreadLocal$ThreadLocalMap;Ljava/lang/ThreadLocal;)Ljava/lang/ThreadLocal$ThreadLocalMap$Entry; 3065 1 16770 0 -1
ciMethod java/lang/ThreadLocal$ThreadLocalMap access$100 (Ljava/lang/ThreadLocal$ThreadLocalMap;Ljava/lang/ThreadLocal;Ljava/lang/Object;)V 41 1 12262 0 -1
ciMethod java/lang/ThreadLocal$ThreadLocalMap access$200 (Ljava/lang/ThreadLocal$ThreadLocalMap;Ljava/lang/ThreadLocal;)V 241 1 401 0 0
ciMethodData java/util/HashMap resize ()[Ljava/util/HashMap$Node; 2 18780 orig 264 104 147 115 119 0 0 0 0 240 171 158 218 113 2 0 0 56 6 0 0 176 1 0 0 0 0 0 0 0 0 0 0 0 0 0 0 0 0 0 0 0 0 0 0 0 0 0 0 0 0 0 0 0 0 0 0 0 0 0 0 0 0 0 0 0 0 0 0 0 0 0 0 0 0 0 0 0 0 0 0 77 68 79 32 101 120 116 114 97 32 100 97 116 97 32 108 111 99 107 0 0 0 0 0 0 0 0 0 0 0 0 0 0 0 0 0 0 0 0 0 0 0 0 0 0 0 0 0 0 0 0 0 0 0 0 0 0 0 0 0 0 0 0 0 0 0 0 0 0 0 0 0 0 0 0 0 0 0 0 0 0 0 0 0 0 0 0 0 0 0 0 0 0 0 0 0 0 0 0 0 0 0 0 0 0 0 0 0 0 0 0 0 0 0 0 0 0 0 0 0 0 0 0 0 0 0 0 0 0 0 0 0 0 0 0 0 225 2 0 0 33 163 0 0 217 51 2 0 0 0 0 0 0 0 0 0 2 0 0 0 2 0 56 0 2 0 0 0 240 4 0 0 255 255 255 255 7 0 6 0 0 0 0 0 data 158 0x60007 0xcb 0x38 0x1399 0xa0003 0x1399 0x18 0x190007 0x1399 0x98 0xcb 0x1f0007 0xcb 0x20 0x0 0x320007 0x0 0x90 0xcb 0x380007 0x16 0x70 0xb5 0x400003 0xb5 0x50 0x440007 0x51 0x38 0x1348 0x4a0003 0x1348 0x18 0x570007 0x106 0x78 0x135e 0x680007 0x0 0x58 0x135e 0x700007 0x0 0x38 0x135e 0x760003 0x135e 0x18 0x880004 0x0 0x271e2793460 0x8a 0x0 0x0 0x940007 0x1399 0x340 0xcb 0x9d0007 0xcb 0x320 0x3288 0xa70007 0x17f3 0x2e8 0x1a95 0xae0104 0x0 0x0 0x0 0x0 0x0 0xb40007 0x927 0x68 0x116e 0xc50004 0x0 0x271dda09de0 0x116e 0x0 0x0 0xc60003 0x116e 0x248 0xcb0004 0xfffffffffffff6d9 0x271dda09de0 0x14e 0x0 0x0 0xce0007 0x927 0x98 0x0 0xd30004 0x0 0x0 0x0 0x0 0x0 0xdc0005 0x0 0x0 0x0 0x0 0x0 0xdf0003 0x0 0x180 0xfc0007 0x84e 0x70 0xcf3 0x1010007 0x548 0x38 0x7ab 0x1080003 0x7ab 0x18 0x1160003 0xcf3 0x50 0x11b0007 0x2be 0x38 0x590 0x1220003 0x590 0x18 0x1350007 0xc1a 0xffffffffffffff58 0x927 0x13a0007 0x17c 0x50 0x7ab 0x1490004 0x0 0x271dda09de0 0x7ab 0x0 0x0 0x14c0007 0x397 0x50 0x590 0x15d0004 0x0 0x271dda09de0 0x590 0x0 0x0 0x1610003 0x3288 0xfffffffffffffcf8 oops 5 50 [Ljava/util/HashMap$Node; 78 java/util/HashMap$Node 87 java/util/HashMap$Node 141 java/util/HashMap$Node 151 java/util/HashMap$Node
ciMethodData java/util/HashMap containsKey (Ljava/lang/Object;)Z 2 7001 orig 264 104 147 115 119 0 0 0 0 64 167 158 218 113 2 0 0 200 1 0 0 0 0 0 0 0 0 0 0 0 0 0 0 0 0 0 0 0 0 0 0 0 0 0 0 0 0 0 0 0 0 0 0 0 0 0 0 0 0 0 0 0 0 0 0 0 0 0 0 0 0 0 0 0 0 0 0 0 0 0 0 77 68 79 32 101 120 116 114 97 32 100 97 116 97 32 108 111 99 107 0 0 0 0 0 0 0 0 0 0 0 0 0 0 0 0 0 0 0 0 0 0 0 0 0 0 0 0 0 0 0 0 0 0 0 0 0 0 0 0 0 0 0 0 0 0 0 0 0 0 0 0 0 0 0 0 0 0 0 0 0 0 0 0 0 0 0 0 0 0 0 0 0 0 0 0 0 0 0 0 0 0 0 0 0 17 0 0 0 0 0 0 0 0 0 0 0 0 0 0 0 1 0 0 0 0 0 0 0 0 0 0 0 0 0 0 0 16 0 0 0 73 218 0 0 1 0 0 0 0 0 0 0 0 0 0 0 2 0 0 0 0 0 10 0 2 0 0 0 120 0 0 0 255 255 255 255 2 0 2 0 0 0 0 0 data 15 0x20002 0x1b49 0x60005 0x16 0x271dda09bd0 0x12e5 0x271e8b64ad0 0x84e 0x90007 0x11ce 0x38 0x97b 0xd0003 0x97b 0x18 oops 2 4 java/util/HashMap 6 java/util/LinkedHashMap
ciMethodData java/util/AbstractSet <init> ()V 2 74262 orig 264 104 147 115 119 0 0 0 0 64 189 157 218 113 2 0 0 48 1 0 0 0 0 0 0 0 0 0 0 0 0 0 0 0 0 0 0 0 0 0 0 0 0 0 0 0 0 0 0 0 0 0 0 0 0 0 0 0 0 0 0 0 0 0 0 0 0 0 0 0 0 0 0 0 0 0 0 0 0 0 0 77 68 79 32 101 120 116 114 97 32 100 97 116 97 32 108 111 99 107 0 0 0 0 0 0 0 0 0 0 0 0 0 0 0 0 0 0 0 0 0 0 0 0 0 0 0 0 0 0 0 0 0 0 0 0 0 0 0 0 0 0 0 0 0 0 0 0 0 0 0 0 0 0 0 0 0 0 0 0 0 0 0 0 0 0 0 0 0 0 0 0 0 0 0 0 0 0 0 0 0 0 0 0 0 1 0 0 0 0 0 0 0 0 0 0 0 0 0 0 0 1 0 0 0 0 0 0 0 0 0 0 0 0 0 0 0 8 0 0 0 113 16 9 0 1 0 0 0 0 0 0 0 0 0 0 0 2 0 0 0 0 0 3 0 2 0 0 0 16 0 0 0 255 255 255 255 2 0 1 0 0 0 0 0 data 2 0x10002 0x1220e oops 0
ciMethodData java/util/AbstractCollection <init> ()V 2 317106 orig 264 104 147 115 119 0 0 0 0 0 137 156 218 113 2 0 0 48 1 0 0 0 0 0 0 0 0 0 0 0 0 0 0 0 0 0 0 0 0 0 0 0 0 0 0 0 0 0 0 0 0 0 0 0 0 0 0 0 0 0 0 0 0 0 0 0 0 0 0 0 0 0 0 0 0 0 0 0 0 0 0 77 68 79 32 101 120 116 114 97 32 100 97 116 97 32 108 111 99 107 0 0 0 0 0 0 0 0 0 0 0 0 0 0 0 0 0 0 0 0 0 0 0 0 0 0 0 0 0 0 0 0 0 0 0 0 0 0 0 0 0 0 0 0 0 0 0 0 0 0 0 0 0 0 0 0 0 0 0 0 0 0 0 0 0 0 0 0 0 0 0 0 0 0 0 0 0 0 0 0 0 0 0 0 0 1 0 0 0 0 0 0 0 0 0 0 0 0 0 0 0 1 0 0 0 0 0 0 0 0 0 0 0 0 0 0 0 36 0 0 0 113 180 38 0 1 0 0 0 0 0 0 0 0 0 0 0 2 0 0 0 0 0 3 0 2 0 0 0 16 0 0 0 255 255 255 255 2 0 1 0 0 0 0 0 data 2 0x10002 0x4d68d oops 0
ciMethodData java/util/HashMap <init> ()V 2 92927 orig 264 104 147 115 119 0 0 0 0 168 161 158 218 113 2 0 0 48 1 0 0 0 0 0 0 0 0 0 0 0 0 0 0 0 0 0 0 0 0 0 0 0 0 0 0 0 0 0 0 0 0 0 0 0 0 0 0 0 0 0 0 0 0 0 0 0 0 0 0 0 0 0 0 0 0 0 0 0 0 0 0 77 68 79 32 101 120 116 114 97 32 100 97 116 97 32 108 111 99 107 0 0 0 0 0 0 0 0 0 0 0 0 0 0 0 0 0 0 0 0 0 0 0 0 0 0 0 0 0 0 0 0 0 0 0 0 0 0 0 0 0 0 0 0 0 0 0 0 0 0 0 0 0 0 0 0 0 0 0 0 0 0 0 0 0 0 0 0 0 0 0 0 0 0 0 0 0 0 0 0 0 0 0 0 0 1 0 0 0 0 0 0 0 0 0 0 0 0 0 0 0 1 0 0 0 0 0 0 0 0 0 0 0 0 0 0 0 15 0 0 0 129 87 11 0 1 0 0 0 0 0 0 0 0 0 0 0 2 0 0 0 0 0 3 0 2 0 0 0 16 0 0 0 255 255 255 255 2 0 1 0 0 0 0 0 data 2 0x10002 0x16af0 oops 0
ciMethodData java/util/AbstractMap <init> ()V 2 136713 orig 264 104 147 115 119 0 0 0 0 24 242 157 218 113 2 0 0 48 1 0 0 0 0 0 0 0 0 0 0 0 0 0 0 0 0 0 0 0 0 0 0 0 0 0 0 0 0 0 0 0 0 0 0 0 0 0 0 0 0 0 0 0 0 0 0 0 0 0 0 0 0 0 0 0 0 0 0 0 0 0 0 77 68 79 32 101 120 116 114 97 32 100 97 116 97 32 108 111 99 107 0 0 0 0 0 0 0 0 0 0 0 0 0 0 0 0 0 0 0 0 0 0 0 0 0 0 0 0 0 0 0 0 0 0 0 0 0 0 0 0 0 0 0 0 0 0 0 0 0 0 0 0 0 0 0 0 0 0 0 0 0 0 0 0 0 0 0 0 0 0 0 0 0 0 0 0 0 0 0 0 0 0 0 0 0 1 0 0 0 0 0 0 0 0 0 0 0 0 0 0 0 1 0 0 0 0 0 0 0 0 0 0 0 0 0 0 0 46 0 0 0 217 174 16 0 1 0 0 0 0 0 0 0 0 0 0 0 2 0 0 0 0 0 3 0 2 0 0 0 16 0 0 0 255 255 255 255 2 0 1 0 0 0 0 0 data 2 0x10002 0x215db oops 0
ciMethodData java/util/HashMap get (Ljava/lang/Object;)Ljava/lang/Object; 2 84637 orig 264 104 147 115 119 0 0 0 0 112 165 158 218 113 2 0 0 200 1 0 0 16 0 0 0 0 0 0 0 0 0 0 0 0 0 0 0 0 0 0 0 0 0 0 0 0 0 0 0 0 0 0 0 0 0 0 0 0 0 0 0 0 0 0 0 0 0 0 0 0 0 0 0 0 0 0 0 0 0 0 0 77 68 79 32 101 120 116 114 97 32 100 97 116 97 32 108 111 99 107 0 0 0 0 0 0 0 0 0 0 0 0 0 0 0 0 0 0 0 0 0 0 0 0 0 0 0 0 0 0 0 0 0 0 0 0 0 0 0 0 0 0 0 0 0 1 0 0 0 0 0 0 0 0 0 0 0 0 0 0 0 0 0 0 0 0 0 0 0 0 0 0 0 0 0 0 0 0 0 0 0 0 0 0 0 17 0 0 0 0 0 0 0 0 0 0 0 0 0 0 0 1 0 0 0 0 0 0 0 0 0 0 0 0 0 0 0 0 1 0 0 233 76 10 0 1 0 0 0 243 86 0 0 0 0 0 0 2 0 0 0 0 0 10 0 2 0 0 0 120 0 0 0 255 255 255 255 2 0 2 0 0 0 0 0 data 15 0x20002 0x1499d 0x60005 0x5d1 0x271dda09bd0 0x12f4f 0x271e21a6580 0x1480 0xb0007 0xf296 0x38 0x570a 0xf0003 0x570a 0x18 oops 2 4 java/util/HashMap 6 javax/swing/UIDefaults$TextAndMnemonicHashMap
ciMethod java/util/Collections$SynchronizedMap <init> (Ljava/util/Map;)V 2081 1 2279 0 0
ciMethod java/util/HashMap$HashIterator hasNext ()Z 2081 1 5604 0 64
ciMethod java/util/HashMap$HashIterator nextNode ()Ljava/util/HashMap$Node; 2057 4289 6841 0 448
ciMethod java/util/concurrent/TimeUnit x (JJJ)J 2121 1 10506 0 128
ciMethod java/util/concurrent/TimeUnit toNanos (J)J 0 0 1 0 -1
ciMethod java/util/concurrent/TimeUnit$3 toNanos (J)J 2057 1 10448 0 160
ciMethodData java/util/HashMap newNode (ILjava/lang/Object;Ljava/lang/Object;Ljava/util/HashMap$Node;)Ljava/util/HashMap$Node; 2 6469 orig 264 104 147 115 119 0 0 0 0 88 197 158 218 113 2 0 0 80 1 0 0 0 0 0 0 0 0 0 0 0 0 0 0 0 0 0 0 0 0 0 0 0 0 0 0 0 0 0 0 0 0 0 0 0 0 0 0 0 0 0 0 0 0 0 0 0 0 0 0 0 0 0 0 0 0 0 0 0 0 0 0 77 68 79 32 101 120 116 114 97 32 100 97 116 97 32 108 111 99 107 0 0 0 0 0 0 0 0 0 0 0 0 0 0 0 0 0 0 0 0 0 0 0 0 0 0 0 0 0 0 0 0 0 0 0 0 0 0 0 0 0 0 0 0 0 0 0 0 0 0 0 0 0 0 0 0 0 0 0 0 0 0 0 0 0 0 0 0 0 0 0 0 0 0 0 0 0 0 0 0 0 0 0 0 0 13 0 0 0 0 0 0 0 1 0 0 0 0 0 0 0 1 0 0 0 0 0 0 0 0 0 0 0 0 0 0 0 66 1 0 0 25 192 0 0 1 0 0 0 0 0 0 0 0 0 0 0 2 0 0 0 0 0 3 0 2 0 0 0 16 0 0 0 255 255 255 255 2 0 9 0 0 0 0 0 data 2 0x90002 0x1803 oops 0
ciMethodData java/util/HashMap afterNodeInsertion (Z)V 2 1640 orig 264 104 147 115 119 0 0 0 0 32 201 158 218 113 2 0 0 40 1 0 0 0 0 0 0 0 0 0 0 0 0 0 0 0 0 0 0 0 0 0 0 0 0 0 0 0 0 0 0 0 0 0 0 0 0 0 0 0 0 0 0 0 0 0 0 0 0 0 0 0 0 0 0 0 0 0 0 0 0 0 0 77 68 79 32 101 120 116 114 97 32 100 97 116 97 32 108 111 99 107 0 0 0 0 0 0 0 0 0 0 0 0 0 0 0 0 0 0 0 0 0 0 0 0 0 0 0 0 0 0 0 0 0 0 0 0 0 0 0 0 0 0 0 0 0 0 0 0 0 0 0 0 0 0 0 0 0 0 0 0 0 0 0 0 0 0 0 0 0 0 0 0 0 0 0 0 0 0 0 0 0 0 0 0 0 1 0 0 0 0 0 0 0 1 0 0 0 0 0 0 0 1 0 0 0 0 0 0 0 0 0 0 0 0 0 0 0 167 1 0 0 9 38 0 0 1 0 0 0 0 0 0 0 0 0 0 0 2 0 0 0 0 0 3 0 1 0 0 0 0 0 0 0 255 255 255 255 0 0 0 0 0 0 0 0 data 0 oops 0
ciMethodData java/lang/ThreadLocal getMap (Ljava/lang/Thread;)Ljava/lang/ThreadLocal$ThreadLocalMap; 2 8288 orig 264 104 147 115 119 0 0 0 0 144 234 163 218 113 2 0 0 40 1 0 0 0 0 0 0 0 0 0 0 0 0 0 0 0 0 0 0 0 0 0 0 0 0 0 0 0 0 0 0 0 0 0 0 0 0 0 0 0 0 0 0 0 0 0 0 0 0 0 0 0 0 0 0 0 0 0 0 0 0 0 0 77 68 79 32 101 120 116 114 97 32 100 97 116 97 32 108 111 99 107 0 0 0 0 0 0 0 0 0 0 0 0 0 0 0 0 0 0 0 0 0 0 0 0 0 0 0 0 0 0 0 0 0 0 0 0 0 0 0 0 0 0 0 0 0 0 0 0 0 0 0 0 0 0 0 0 0 0 0 0 0 0 0 0 0 0 0 0 0 0 0 0 0 0 0 0 0 0 0 0 0 0 0 0 0 1 0 0 0 0 0 0 0 1 0 0 0 0 0 0 0 3 0 0 0 0 0 0 0 0 0 0 0 0 0 0 0 43 1 0 0 169 249 0 0 1 0 0 0 0 0 0 0 0 0 0 0 2 0 0 0 0 0 3 0 1 0 0 0 0 0 0 0 255 255 255 255 0 0 0 0 0 0 0 0 data 0 oops 0
ciMethodData java/lang/ThreadLocal get ()Ljava/lang/Object; 2 16770 orig 264 104 147 115 119 0 0 0 0 216 231 163 218 113 2 0 0 232 1 0 0 96 0 0 0 0 0 0 0 0 0 0 0 0 0 0 0 0 0 0 0 0 0 0 0 0 0 0 0 0 0 0 0 0 0 0 0 0 0 0 0 0 0 0 0 0 0 0 0 0 0 0 0 0 0 0 0 0 0 0 0 77 68 79 32 101 120 116 114 97 32 100 97 116 97 32 108 111 99 107 0 0 0 0 0 0 0 0 0 0 0 0 0 0 0 0 0 0 0 0 0 0 0 0 0 0 0 0 0 0 0 0 0 0 0 0 0 0 0 0 0 0 0 0 0 1 0 0 0 0 0 0 0 0 0 0 0 0 0 0 0 0 0 0 0 0 0 0 0 0 0 0 0 0 0 0 0 0 0 0 0 0 0 0 0 17 0 0 0 0 0 0 0 0 0 0 0 0 0 0 0 0 0 0 0 0 0 0 0 0 0 0 0 0 0 0 0 128 1 0 0 17 0 2 0 1 0 0 0 58 42 0 0 0 0 0 0 2 0 0 0 0 0 8 0 2 0 0 0 160 0 0 0 255 255 255 255 2 0 0 0 0 0 0 0 data 20 0x2 0x4002 0x60005 0x462 0x271e24f6ee0 0x3add 0x271e201ed30 0xc3 0xb0007 0x17 0x50 0x3feb 0x100002 0x3feb 0x150007 0x1a 0x20 0x3fd2 0x220002 0x31 oops 2 4 java/lang/ThreadLocal 6 java/lang/InheritableThreadLocal
ciMethodData java/lang/ThreadLocal set (Ljava/lang/Object;)V 2 11891 orig 264 104 147 115 119 0 0 0 0 80 233 163 218 113 2 0 0 8 2 0 0 112 0 0 0 0 0 0 0 0 0 0 0 0 0 0 0 0 0 0 0 0 0 0 0 0 0 0 0 0 0 0 0 0 0 0 0 0 0 0 0 0 0 0 0 0 0 0 0 0 0 0 0 0 0 0 0 0 0 0 0 77 68 79 32 101 120 116 114 97 32 100 97 116 97 32 108 111 99 107 0 0 0 0 0 0 0 0 0 0 0 0 0 0 0 0 0 0 0 0 0 0 0 0 0 0 0 0 0 0 0 0 0 0 0 0 0 0 0 0 0 0 0 0 0 0 0 0 0 0 0 0 0 0 0 0 0 0 0 0 0 0 0 0 0 0 0 0 0 0 0 0 0 0 0 0 0 0 0 0 0 0 0 0 0 17 0 0 0 0 0 0 0 0 0 0 0 0 0 0 0 0 0 0 0 0 0 0 0 0 0 0 0 0 0 0 0 3 0 0 0 129 115 1 0 1 0 0 0 0 0 0 0 0 0 0 0 2 0 0 0 0 0 6 0 2 0 0 0 184 0 0 0 255 255 255 255 2 0 0 0 0 0 0 0 data 23 0x2 0x2e70 0x60005 0x5e 0x271e24f6ee0 0x1bd6 0x271e201ed30 0x123c 0xb0007 0x0 0x48 0x2e70 0x110002 0x2e70 0x140003 0x2e70 0x48 0x1a0005 0x0 0x0 0x0 0x0 0x0 oops 2 4 java/lang/ThreadLocal 6 java/lang/InheritableThreadLocal
ciMethodData java/lang/Float isNaN (F)Z 2 21073 orig 264 104 147 115 119 0 0 0 0 96 229 153 218 113 2 0 0 88 1 0 0 0 0 0 0 0 0 0 0 0 0 0 0 0 0 0 0 0 0 0 0 0 0 0 0 0 0 0 0 0 0 0 0 0 0 0 0 0 0 0 0 0 0 0 0 0 0 0 0 0 0 0 0 0 0 0 0 0 0 0 0 77 68 79 32 101 120 116 114 97 32 100 97 116 97 32 108 111 99 107 0 0 0 0 0 0 0 0 0 0 0 0 0 0 0 0 0 0 0 0 0 0 0 0 0 0 0 0 0 0 0 0 0 0 0 0 0 0 0 0 0 0 0 0 0 0 0 0 0 0 0 0 0 0 0 0 0 0 0 0 0 0 0 0 0 0 0 0 0 0 0 0 0 0 0 0 0 0 0 0 0 0 0 0 0 25 0 0 0 0 0 0 0 0 0 0 0 0 0 0 0 0 0 0 0 0 0 0 0 0 0 0 0 0 0 0 0 0 1 0 0 137 138 2 0 1 0 0 0 0 0 0 0 0 0 0 0 2 0 0 0 0 0 6 0 2 0 0 0 56 0 0 0 255 255 255 255 7 0 3 0 0 0 0 0 data 7 0x30007 0x5151 0x38 0x0 0x70003 0x0 0x18 oops 0
ciMethodData java/lang/ref/ReferenceQueue <init> ()V 2 3176 orig 264 104 147 115 119 0 0 0 0 176 179 146 218 113 2 0 0 64 1 0 0 0 0 0 0 0 0 0 0 0 0 0 0 0 0 0 0 0 0 0 0 0 0 0 0 0 0 0 0 0 0 0 0 0 0 0 0 0 0 0 0 0 0 0 0 0 0 0 0 0 0 0 0 0 0 0 0 0 0 0 0 77 68 79 32 101 120 116 114 97 32 100 97 116 97 32 108 111 99 107 0 0 0 0 0 0 0 0 0 0 0 0 0 0 0 0 0 0 0 0 0 0 0 0 0 0 0 0 0 0 0 0 0 0 0 0 0 0 0 0 0 0 0 0 0 0 0 0 0 0 0 0 0 0 0 0 0 0 0 0 0 0 0 0 0 0 0 0 0 0 0 0 0 0 0 0 0 0 0 0 0 0 0 0 0 0 0 0 0 0 0 0 0 0 0 0 0 0 0 0 0 0 0 0 0 0 0 0 0 0 0 0 0 0 0 0 0 0 1 0 0 65 91 0 0 1 0 0 0 0 0 0 0 0 0 0 0 2 0 0 0 0 0 3 0 2 0 0 0 32 0 0 0 255 255 255 255 2 0 1 0 0 0 0 0 data 4 0x10002 0xb68 0xa0002 0xb68 oops 0
ciMethodData java/lang/ref/ReferenceQueue$Lock <init> (Ljava/lang/ref/ReferenceQueue$1;)V 2 3176 orig 264 104 147 115 119 0 0 0 0 136 61 158 218 113 2 0 0 56 1 0 0 0 0 0 0 0 0 0 0 0 0 0 0 0 0 0 0 0 0 0 0 0 0 0 0 0 0 0 0 0 0 0 0 0 0 0 0 0 0 0 0 0 0 0 0 0 0 0 0 0 0 0 0 0 0 0 0 0 0 0 0 77 68 79 32 101 120 116 114 97 32 100 97 116 97 32 108 111 99 107 0 0 0 0 0 0 0 0 0 0 0 0 0 0 0 0 0 0 0 0 0 0 0 0 0 0 0 0 0 0 0 0 0 0 0 0 0 0 0 0 0 0 0 0 0 0 0 0 0 0 0 0 0 0 0 0 0 0 0 0 0 0 0 0 0 0 0 0 0 0 0 0 0 0 0 0 0 0 0 0 0 0 0 0 0 1 0 0 0 0 0 0 0 2 0 0 0 0 0 0 0 3 0 0 0 0 0 0 0 0 0 0 0 0 0 0 0 0 1 0 0 65 91 0 0 1 0 0 0 0 0 0 0 0 0 0 0 2 0 0 0 0 0 0 0 0 0 0 0 16 0 0 0 255 255 255 255 2 0 1 0 0 0 0 0 data 2 0x10002 0xb68 oops 0
ciMethodData java/util/WeakHashMap <init> (IF)V 2 11679 orig 264 104 147 115 119 0 0 0 0 208 99 161 218 113 2 0 0 176 3 0 0 0 2 0 0 0 0 0 0 0 0 0 0 0 0 0 0 0 0 0 0 0 0 0 0 0 0 0 0 0 0 0 0 0 0 0 0 0 0 0 0 0 0 0 0 0 0 0 0 0 0 0 0 0 0 0 0 0 0 0 0 77 68 79 32 101 120 116 114 97 32 100 97 116 97 32 108 111 99 107 0 0 0 0 0 0 0 0 0 0 0 0 0 0 0 0 0 0 0 0 0 0 0 0 0 0 0 0 0 0 0 0 0 0 0 0 0 0 0 0 0 0 0 0 0 0 0 0 0 0 0 0 0 0 0 0 0 0 0 0 0 0 0 0 0 0 0 0 0 0 0 0 0 0 0 0 0 0 0 0 0 0 0 0 0 0 0 0 0 0 0 0 0 0 0 0 0 0 0 0 0 0 0 0 0 0 0 0 0 0 0 0 0 0 0 0 0 0 4 0 0 81 83 0 0 249 76 1 0 0 0 0 0 0 0 0 0 2 0 0 0 1 0 20 0 2 0 0 0 88 2 0 0 255 255 255 255 2 0 1 0 0 0 0 0 data 75 0x10002 0xa6a 0x90002 0xa6a 0x100007 0xa6a 0xd0 0x0 0x1b0002 0x0 0x200005 0x0 0x0 0x0 0x0 0x0 0x240005 0x0 0x0 0x0 0x0 0x0 0x270005 0x0 0x0 0x0 0x0 0x0 0x2a0002 0x0 0x310007 0xa6a 0x20 0x0 0x3a0007 0x0 0x50 0xa6a 0x3e0002 0xa6a 0x410007 0xa6a 0xd0 0x0 0x4c0002 0x0 0x510005 0x0 0x0 0x0 0x0 0x0 0x550005 0x0 0x0 0x0 0x0 0x0 0x580005 0x0 0x0 0x0 0x0 0x0 0x5b0002 0x0 0x630007 0xa6a 0x38 0x299f 0x6a0003 0x299f 0xffffffffffffffe0 0x700002 0xa6a oops 0
ciMethodData java/util/WeakHashMap newTable (I)[Ljava/util/WeakHashMap$Entry; 2 2992 orig 264 104 147 115 119 0 0 0 0 168 98 161 218 113 2 0 0 128 1 0 0 0 0 0 0 0 0 0 0 0 0 0 0 0 0 0 0 0 0 0 0 0 0 0 0 0 0 0 0 0 0 0 0 0 0 0 0 0 0 0 0 0 0 0 0 0 0 0 0 0 0 0 0 0 0 0 0 0 0 0 0 77 68 79 32 101 120 116 114 97 32 100 97 116 97 32 108 111 99 107 0 0 0 0 0 0 0 0 0 0 0 0 0 0 0 0 0 0 0 0 0 0 0 0 0 0 0 0 0 0 0 0 0 0 0 0 0 0 0 0 0 0 0 0 0 0 0 0 0 0 0 0 0 0 0 0 0 0 0 0 0 0 0 0 0 0 0 0 0 0 0 0 0 0 0 0 0 0 0 0 0 0 0 0 0 0 0 0 0 0 0 0 0 0 0 0 0 0 0 0 0 0 0 0 0 0 0 0 0 0 0 0 0 0 0 0 0 0 1 0 0 129 85 0 0 1 0 0 0 0 0 0 0 0 0 0 0 2 0 0 0 0 0 0 0 0 0 0 0 48 0 0 0 255 255 255 255 4 0 4 0 0 0 0 0 data 6 0x40004 0x0 0x271e88d1580 0x46 0x0 0x0 oops 1 2 [Ljava/util/WeakHashMap$Entry;
ciMethodData java/util/WeakHashMap <init> ()V 2 2919 orig 264 104 147 115 119 0 0 0 0 0 101 161 218 113 2 0 0 48 1 0 0 0 0 0 0 0 0 0 0 0 0 0 0 0 0 0 0 0 0 0 0 0 0 0 0 0 0 0 0 0 0 0 0 0 0 0 0 0 0 0 0 0 0 0 0 0 0 0 0 0 0 0 0 0 0 0 0 0 0 0 0 77 68 79 32 101 120 116 114 97 32 100 97 116 97 32 108 111 99 107 0 0 0 0 0 0 0 0 0 0 0 0 0 0 0 0 0 0 0 0 0 0 0 0 0 0 0 0 0 0 0 0 0 0 0 0 0 0 0 0 0 0 0 0 0 0 0 0 0 0 0 0 0 0 0 0 0 0 0 0 0 0 0 0 0 0 0 0 0 0 0 0 0 0 0 0 0 0 0 0 0 0 0 0 0 0 0 0 0 0 0 0 0 0 0 0 0 0 0 0 0 0 0 0 0 0 0 0 0 0 0 0 0 0 0 0 0 1 1 0 0 49 83 0 0 1 0 0 0 0 0 0 0 0 0 0 0 2 0 0 0 0 0 3 0 2 0 0 0 16 0 0 0 255 255 255 255 2 0 5 0 0 0 0 0 data 2 0x50002 0xa66 oops 0
ciMethod java/util/Collections$UnmodifiableCollection$1 <init> (Ljava/util/Collections$UnmodifiableCollection;)V 2073 1 16191 0 0
ciMethod java/util/Collections$UnmodifiableCollection$1 hasNext ()Z 3617 1 22713 0 192
ciMethod java/util/Collections$UnmodifiableCollection$1 next ()Ljava/lang/Object; 3105 1 13440 0 64
ciMethodData java/util/Objects requireNonNull (Ljava/lang/Object;)Ljava/lang/Object; 2 90248 orig 264 104 147 115 119 0 0 0 0 176 202 159 218 113 2 0 0 80 1 0 0 0 0 0 0 0 0 0 0 0 0 0 0 0 0 0 0 0 0 0 0 0 0 0 0 0 0 0 0 0 0 0 0 0 0 0 0 0 0 0 0 0 0 0 0 0 0 0 0 0 0 0 0 0 0 0 0 0 0 0 0 77 68 79 32 101 120 116 114 97 32 100 97 116 97 32 108 111 99 107 0 0 0 0 0 0 0 0 0 0 0 0 0 0 0 0 0 0 0 0 0 0 0 0 0 0 0 0 0 0 0 0 0 0 0 0 0 0 0 0 0 0 0 0 0 0 0 0 0 0 0 0 0 0 0 0 0 0 0 0 0 0 0 0 0 0 0 0 0 0 0 0 0 0 0 0 0 0 0 0 0 0 0 0 0 27 0 0 0 0 0 0 0 0 0 0 0 0 0 0 0 1 0 0 0 0 0 0 0 1 0 0 0 0 0 0 0 130 1 0 0 41 248 10 0 1 0 0 0 0 0 0 0 0 0 0 0 2 0 0 0 0 0 5 0 2 0 0 0 48 0 0 0 255 255 255 255 7 0 1 0 0 0 0 0 data 6 0x10007 0x15f05 0x30 0x0 0x80002 0x0 oops 0
ciMethodData java/util/Collections$UnmodifiableCollection$1 hasNext ()Z 2 22713 orig 264 104 147 115 119 0 0 0 0 0 224 195 218 113 2 0 0 120 1 0 0 0 0 0 0 0 0 0 0 0 0 0 0 0 0 0 0 0 0 0 0 0 0 0 0 0 0 0 0 0 0 0 0 0 0 0 0 0 0 0 0 0 0 0 0 0 0 0 0 0 0 0 0 0 0 0 0 0 0 0 0 77 68 79 32 101 120 116 114 97 32 100 97 116 97 32 108 111 99 107 0 0 0 0 0 0 0 0 0 0 0 0 0 0 0 0 0 0 0 0 0 0 0 0 0 0 0 0 0 0 0 0 0 0 0 0 0 0 0 0 0 0 0 0 0 0 0 0 0 0 0 0 0 0 0 0 0 0 0 0 0 0 0 0 0 0 0 0 0 0 0 0 0 0 0 0 0 0 0 0 0 0 0 0 0 0 0 0 0 0 0 0 0 0 0 0 0 0 0 0 0 0 0 0 0 0 0 0 0 0 0 0 0 0 0 0 0 196 1 0 0 169 183 2 0 1 0 0 0 0 0 0 0 0 0 0 0 2 0 0 0 0 0 3 0 2 0 0 0 48 0 0 0 255 255 255 255 5 0 4 0 0 0 0 0 data 6 0x40005 0xa5c 0x271e21b4fb0 0x27ea 0x271e21b5060 0x24af oops 2 2 java/util/AbstractList$Itr 4 java/util/ArrayList$Itr
ciMethodData java/util/Collections$UnmodifiableCollection$1 next ()Ljava/lang/Object; 2 13440 orig 264 104 147 115 119 0 0 0 0 160 224 195 218 113 2 0 0 120 1 0 0 0 0 0 0 0 0 0 0 0 0 0 0 0 0 0 0 0 0 0 0 0 0 0 0 0 0 0 0 0 0 0 0 0 0 0 0 0 0 0 0 0 0 0 0 0 0 0 0 0 0 0 0 0 0 0 0 0 0 0 0 77 68 79 32 101 120 116 114 97 32 100 97 116 97 32 108 111 99 107 0 0 0 0 0 0 0 0 0 0 0 0 0 0 0 0 0 0 0 0 0 0 0 0 0 0 0 0 0 0 0 0 0 0 0 0 0 0 0 0 0 0 0 0 0 0 0 0 0 0 0 0 0 0 0 0 0 0 0 0 0 0 0 0 0 0 0 0 0 0 0 0 0 0 0 0 0 0 0 0 0 0 0 0 0 0 0 0 0 0 0 0 0 0 0 0 0 0 0 0 0 0 0 0 0 0 0 0 0 0 0 0 0 0 0 0 0 132 1 0 0 225 151 1 0 1 0 0 0 0 0 0 0 0 0 0 0 2 0 0 0 0 0 3 0 2 0 0 0 48 0 0 0 255 255 255 255 5 0 4 0 0 0 0 0 data 6 0x40005 0x16f4 0x271e21b4fb0 0xc9a 0x271e21b5060 0xf6e oops 2 2 java/util/AbstractList$Itr 4 java/util/ArrayList$Itr
ciMethod java/util/HashMap$EntrySet <init> (Ljava/util/HashMap;)V 1585 1 6297 0 0
ciMethod java/util/HashMap$EntrySet iterator ()Ljava/util/Iterator; 2049 1 6496 0 736
ciMethod java/util/HashMap$EntryIterator <init> (Ljava/util/HashMap;)V 2049 1 6496 0 -1
ciMethod java/util/HashMap$EntryIterator next ()Ljava/util/Map$Entry; 2065 1 5518 0 0
ciMethod java/util/HashMap$EntryIterator next ()Ljava/lang/Object; 2057 1 5518 0 448
ciMethod java/util/concurrent/locks/ReentrantLock$NonfairSync <init> ()V 2081 1 6618 0 0
ciMethod java/util/concurrent/locks/ReentrantLock$NonfairSync lock ()V 2361 1 6439 0 288
ciMethod java/util/concurrent/locks/ReentrantLock$NonfairSync tryAcquire (I)Z 577 1 5192 0 160
ciMethod java/util/concurrent/locks/ReentrantLock$Sync <init> ()V 2057 1 6652 0 0
ciMethod java/util/concurrent/locks/ReentrantLock$Sync lock ()V 0 0 1 0 -1
ciMethod java/util/concurrent/locks/ReentrantLock$Sync nonfairTryAcquire (I)Z 641 1 7276 0 0
ciMethod java/util/concurrent/locks/ReentrantLock$Sync tryRelease (I)Z 2121 1 5391 0 128
ciMethod java/util/concurrent/locks/AbstractQueuedSynchronizer <init> ()V 2561 1 17182 0 0
ciMethod java/util/concurrent/locks/AbstractQueuedSynchronizer getState ()I 1073 1 134 0 0
ciMethod java/util/concurrent/locks/AbstractQueuedSynchronizer setState (I)V 2057 1 28450 0 0
ciMethod java/util/concurrent/locks/AbstractQueuedSynchronizer compareAndSetState (II)Z 2105 1 53766 0 0
ciMethod java/util/concurrent/locks/AbstractQueuedSynchronizer enq (Ljava/util/concurrent/locks/AbstractQueuedSynchronizer$Node;)Ljava/util/concurrent/locks/AbstractQueuedSynchronizer$Node; 2049 73 10496 0 -1
ciMethod java/util/concurrent/locks/AbstractQueuedSynchronizer addWaiter (Ljava/util/concurrent/locks/AbstractQueuedSynchronizer$Node;)Ljava/util/concurrent/locks/AbstractQueuedSynchronizer$Node; 41 1 676 0 0
ciMethod java/util/concurrent/locks/AbstractQueuedSynchronizer setHead (Ljava/util/concurrent/locks/AbstractQueuedSynchronizer$Node;)V 2057 1 10409 0 -1
ciMethod java/util/concurrent/locks/AbstractQueuedSynchronizer unparkSuccessor (Ljava/util/concurrent/locks/AbstractQueuedSynchronizer$Node;)V 161 1 5140 0 256
ciMethod java/util/concurrent/locks/AbstractQueuedSynchronizer doReleaseShared ()V 2009 1 15611 0 192
ciMethod java/util/concurrent/locks/AbstractQueuedSynchronizer setHeadAndPropagate (Ljava/util/concurrent/locks/AbstractQueuedSynchronizer$Node;I)V 945 1 118 0 -1
ciMethod java/util/concurrent/locks/AbstractQueuedSynchronizer cancelAcquire (Ljava/util/concurrent/locks/AbstractQueuedSynchronizer$Node;)V 0 0 1 0 -1
ciMethod java/util/concurrent/locks/AbstractQueuedSynchronizer shouldParkAfterFailedAcquire (Ljava/util/concurrent/locks/AbstractQueuedSynchronizer$Node;Ljava/util/concurrent/locks/AbstractQueuedSynchronizer$Node;)Z 169 1 605 0 -1
ciMethod java/util/concurrent/locks/AbstractQueuedSynchronizer selfInterrupt ()V 0 0 4 0 0
ciMethod java/util/concurrent/locks/AbstractQueuedSynchronizer parkAndCheckInterrupt ()Z 65 1 264 0 -1
ciMethod java/util/concurrent/locks/AbstractQueuedSynchronizer acquireQueued (Ljava/util/concurrent/locks/AbstractQueuedSynchronizer$Node;I)Z 337 41 10283 0 640
ciMethod java/util/concurrent/locks/AbstractQueuedSynchronizer doAcquireNanos (IJ)Z 9 17 7 0 0
ciMethod java/util/concurrent/locks/AbstractQueuedSynchronizer doAcquireSharedNanos (IJ)Z 1 1 4 0 0
ciMethod java/util/concurrent/locks/AbstractQueuedSynchronizer tryAcquire (I)Z 0 0 1 0 -1
ciMethod java/util/concurrent/locks/AbstractQueuedSynchronizer tryRelease (I)Z 0 0 1 0 -1
ciMethod java/util/concurrent/locks/AbstractQueuedSynchronizer tryAcquireShared (I)I 0 0 1 0 -1
ciMethod java/util/concurrent/locks/AbstractQueuedSynchronizer tryReleaseShared (I)Z 0 0 1 0 -1
ciMethod java/util/concurrent/locks/AbstractQueuedSynchronizer acquire (I)V 417 1 16219 0 0
ciMethod java/util/concurrent/locks/AbstractQueuedSynchronizer tryAcquireNanos (IJ)Z 3073 1 3912 0 0
ciMethod java/util/concurrent/locks/AbstractQueuedSynchronizer release (I)Z 2049 1 18146 0 224
ciMethod java/util/concurrent/locks/AbstractQueuedSynchronizer tryAcquireSharedNanos (IJ)Z 2185 1 6187 0 960
ciMethod java/util/concurrent/locks/AbstractQueuedSynchronizer releaseShared (I)Z 2049 1 43612 0 0
ciMethod java/util/concurrent/locks/AbstractQueuedSynchronizer apparentlyFirstQueuedIsExclusive ()Z 2073 1 10455 0 0
ciMethod java/util/concurrent/locks/AbstractQueuedSynchronizer hasQueuedPredecessors ()Z 2049 1 5378 0 96
ciMethod java/util/concurrent/locks/AbstractQueuedSynchronizer compareAndSetTail (Ljava/util/concurrent/locks/AbstractQueuedSynchronizer$Node;Ljava/util/concurrent/locks/AbstractQueuedSynchronizer$Node;)Z 2065 1 11742 0 -1
ciMethod java/util/concurrent/locks/AbstractQueuedSynchronizer compareAndSetWaitStatus (Ljava/util/concurrent/locks/AbstractQueuedSynchronizer$Node;II)Z 2049 1 23662 0 0
ciMethod java/util/concurrent/locks/AbstractOwnableSynchronizer <init> ()V 2561 1 17430 0 0
ciMethod java/util/concurrent/locks/AbstractOwnableSynchronizer setExclusiveOwnerThread (Ljava/lang/Thread;)V 2057 1 51808 0 0
ciMethod java/util/concurrent/locks/AbstractOwnableSynchronizer getExclusiveOwnerThread ()Ljava/lang/Thread; 1073 1 134 0 0
ciMethod java/util/concurrent/locks/AbstractQueuedSynchronizer$Node isShared ()Z 0 0 27 0 0
ciMethod java/util/concurrent/locks/AbstractQueuedSynchronizer$Node predecessor ()Ljava/util/concurrent/locks/AbstractQueuedSynchronizer$Node; 2057 1 10427 0 -1
ciMethod java/util/concurrent/locks/AbstractQueuedSynchronizer$Node <init> (Ljava/lang/Thread;Ljava/util/concurrent/locks/AbstractQueuedSynchronizer$Node;)V 2049 1 676 0 -1
ciMethod java/util/concurrent/locks/LockSupport parkNanos (Ljava/lang/Object;J)V 753 1 6977 0 -1
ciMethodData java/util/AbstractList <init> ()V 2 226056 orig 264 104 147 115 119 0 0 0 0 96 117 156 218 113 2 0 0 48 1 0 0 0 0 0 0 0 0 0 0 0 0 0 0 0 0 0 0 0 0 0 0 0 0 0 0 0 0 0 0 0 0 0 0 0 0 0 0 0 0 0 0 0 0 0 0 0 0 0 0 0 0 0 0 0 0 0 0 0 0 0 0 77 68 79 32 101 120 116 114 97 32 100 97 116 97 32 108 111 99 107 0 0 0 0 0 0 0 0 0 0 0 0 0 0 0 0 0 0 0 0 0 0 0 0 0 0 0 0 0 0 0 0 0 0 0 0 0 0 0 0 0 0 0 0 0 0 0 0 0 0 0 0 0 0 0 0 0 0 0 0 0 0 0 0 0 0 0 0 0 0 0 0 0 0 0 0 0 0 0 0 0 0 0 0 0 1 0 0 0 0 0 0 0 0 0 0 0 0 0 0 0 1 0 0 0 0 0 0 0 0 0 0 0 0 0 0 0 129 1 0 0 57 140 27 0 1 0 0 0 0 0 0 0 0 0 0 0 2 0 0 0 0 0 3 0 2 0 0 0 16 0 0 0 255 255 255 255 2 0 1 0 0 0 0 0 data 2 0x10002 0x37187 oops 0
ciMethodData java/util/ArrayList <init> ()V 2 128474 orig 264 104 147 115 119 0 0 0 0 232 12 157 218 113 2 0 0 48 1 0 0 0 0 0 0 0 0 0 0 0 0 0 0 0 0 0 0 0 0 0 0 0 0 0 0 0 0 0 0 0 0 0 0 0 0 0 0 0 0 0 0 0 0 0 0 0 0 0 0 0 0 0 0 0 0 0 0 0 0 0 0 77 68 79 32 101 120 116 114 97 32 100 97 116 97 32 108 111 99 107 0 0 0 0 0 0 0 0 0 0 0 0 0 0 0 0 0 0 0 0 0 0 0 0 0 0 0 0 0 0 0 0 0 0 0 0 0 0 0 0 0 0 0 0 0 0 0 0 0 0 0 0 0 0 0 0 0 0 0 0 0 0 0 0 0 0 0 0 0 0 0 0 0 0 0 0 0 0 0 0 0 0 0 0 0 1 0 0 0 0 0 0 0 0 0 0 0 0 0 0 0 1 0 0 0 0 0 0 0 0 0 0 0 0 0 0 0 3 1 0 0 185 166 15 0 1 0 0 0 0 0 0 0 0 0 0 0 2 0 0 0 0 0 3 0 2 0 0 0 16 0 0 0 255 255 255 255 2 0 1 0 0 0 0 0 data 2 0x10002 0x1f4d7 oops 0
ciMethodData java/util/HashMap$HashIterator hasNext ()Z 2 5604 orig 264 104 147 115 119 0 0 0 0 216 130 185 218 113 2 0 0 88 1 0 0 0 0 0 0 0 0 0 0 0 0 0 0 0 0 0 0 0 0 0 0 0 0 0 0 0 0 0 0 0 0 0 0 0 0 0 0 0 0 0 0 0 0 0 0 0 0 0 0 0 0 0 0 0 0 0 0 0 0 0 0 77 68 79 32 101 120 116 114 97 32 100 97 116 97 32 108 111 99 107 0 0 0 0 0 0 0 0 0 0 0 0 0 0 0 0 0 0 0 0 0 0 0 0 0 0 0 0 0 0 0 0 0 0 0 0 0 0 0 0 0 0 0 0 0 0 0 0 0 0 0 0 0 0 0 0 0 0 0 0 0 0 0 0 0 0 0 0 0 0 0 0 0 0 0 0 0 0 0 0 0 0 0 0 0 0 0 0 0 0 0 0 0 0 0 0 0 0 0 0 0 0 0 0 0 0 0 0 0 0 0 0 0 0 0 0 0 4 1 0 0 1 167 0 0 1 0 0 0 0 0 0 0 0 0 0 0 2 0 0 0 0 0 6 0 2 0 0 0 56 0 0 0 255 255 255 255 7 0 4 0 0 0 0 0 data 7 0x40007 0x23e 0x38 0x12a2 0x80003 0x12a2 0x18 oops 0
ciMethodData java/util/Arrays copyOf ([Ljava/lang/Object;I)[Ljava/lang/Object; 2 33101 orig 264 104 147 115 119 0 0 0 0 184 70 162 218 113 2 0 0 192 1 0 0 0 0 0 0 0 0 0 0 0 0 0 0 0 0 0 0 0 0 0 0 0 0 0 0 0 0 0 0 0 0 0 0 0 0 0 0 0 0 0 0 0 0 0 0 0 0 0 0 0 0 0 0 0 0 0 0 0 0 0 0 77 68 79 32 101 120 116 114 97 32 100 97 116 97 32 108 111 99 107 0 0 0 0 0 0 0 0 0 0 0 0 0 0 0 0 0 0 0 0 0 0 0 0 0 0 0 0 0 0 0 0 0 0 0 0 0 0 0 0 0 0 0 0 0 0 0 0 0 0 0 0 0 0 0 0 0 0 0 0 0 0 0 0 0 0 0 0 0 0 0 0 0 0 0 0 0 0 0 0 0 0 0 0 0 0 0 0 0 0 0 0 0 0 0 0 0 0 0 0 0 0 0 0 0 0 0 0 0 0 0 0 0 0 0 0 0 2 1 0 0 89 2 4 0 1 0 0 0 0 0 0 0 0 0 0 0 2 0 0 0 0 0 3 0 2 0 0 0 112 0 0 0 255 255 255 255 5 0 3 0 0 0 0 0 data 14 0x30005 0x97d 0x271e0ce1720 0x76ca 0x271e7c9f230 0x4 0x60002 0x804b 0x90004 0x0 0x0 0x0 0x0 0x0 oops 2 2 [Ljava/lang/Object; 4 [Ljava/lang/Thread;
ciMethodData java/util/HashMap$HashIterator nextNode ()Ljava/util/HashMap$Node; 2 13423 orig 264 104 147 115 119 0 0 0 0 216 131 185 218 113 2 0 0 8 2 0 0 128 0 0 0 0 0 0 0 0 0 0 0 0 0 0 0 0 0 0 0 0 0 0 0 0 0 0 0 0 0 0 0 0 0 0 0 0 0 0 0 0 0 0 0 0 0 0 0 0 0 0 0 0 0 0 0 0 0 0 0 77 68 79 32 101 120 116 114 97 32 100 97 116 97 32 108 111 99 107 0 0 0 0 0 0 0 0 0 0 0 0 0 0 0 0 0 0 0 0 0 0 0 0 0 0 0 0 0 0 0 0 0 0 0 0 0 0 0 0 0 0 0 0 0 0 0 0 0 0 0 0 0 0 0 0 0 0 0 0 0 0 0 0 0 0 0 0 0 0 0 0 0 0 0 0 0 0 0 0 0 0 0 0 0 0 0 0 0 0 0 0 0 0 0 0 0 0 0 0 0 0 0 0 0 0 0 0 0 0 0 0 0 0 0 0 0 24 2 0 0 193 205 0 0 185 146 1 0 0 0 0 0 0 0 0 0 2 0 0 0 1 0 17 0 2 0 0 0 224 0 0 0 255 255 255 255 7 0 16 0 0 0 0 0 data 28 0x100007 0x19b8 0x30 0x0 0x170002 0x0 0x1c0007 0x19b8 0x30 0x0 0x230002 0x0 0x350007 0x603 0x80 0x13b5 0x410007 0x0 0x60 0x13b5 0x4a0007 0x285 0x40 0x3257 0x5f0007 0x2127 0xffffffffffffffe0 0x1130 oops 0
ciMethodData java/util/HashMap$EntryIterator next ()Ljava/lang/Object; 2 5518 orig 264 104 147 115 119 0 0 0 0 72 36 202 218 113 2 0 0 120 1 0 0 0 0 0 0 0 0 0 0 0 0 0 0 0 0 0 0 0 0 0 0 0 0 0 0 0 0 0 0 0 0 0 0 0 0 0 0 0 0 0 0 0 0 0 0 0 0 0 0 0 0 0 0 0 0 0 0 0 0 0 0 77 68 79 32 101 120 116 114 97 32 100 97 116 97 32 108 111 99 107 0 0 0 0 0 0 0 0 0 0 0 0 0 0 0 0 0 0 0 0 0 0 0 0 0 0 0 0 0 0 0 0 0 0 0 0 0 0 0 0 0 0 0 0 0 0 0 0 0 0 0 0 0 0 0 0 0 0 0 0 0 0 0 0 0 0 0 0 0 0 0 0 0 0 0 0 0 0 0 0 0 0 0 0 0 0 0 0 0 0 0 0 0 0 0 0 0 0 0 0 0 0 0 0 0 0 0 0 0 0 0 0 0 0 0 0 0 1 1 0 0 105 164 0 0 1 0 0 0 0 0 0 0 0 0 0 0 2 0 0 0 0 0 3 0 2 0 0 0 48 0 0 0 255 255 255 255 5 0 1 0 0 0 0 0 data 6 0x10005 0x1 0x271dda09d30 0x148c 0x0 0x0 oops 1 2 java/util/HashMap$EntryIterator
ciMethodData java/util/HashMap$EntryIterator next ()Ljava/util/Map$Entry; 2 5518 orig 264 104 147 115 119 0 0 0 0 176 35 202 218 113 2 0 0 120 1 0 0 0 0 0 0 0 0 0 0 0 0 0 0 0 0 0 0 0 0 0 0 0 0 0 0 0 0 0 0 0 0 0 0 0 0 0 0 0 0 0 0 0 0 0 0 0 0 0 0 0 0 0 0 0 0 0 0 0 0 0 0 77 68 79 32 101 120 116 114 97 32 100 97 116 97 32 108 111 99 107 0 0 0 0 0 0 0 0 0 0 0 0 0 0 0 0 0 0 0 0 0 0 0 0 0 0 0 0 0 0 0 0 0 0 0 0 0 0 0 0 0 0 0 0 0 0 0 0 0 0 0 0 0 0 0 0 0 0 0 0 0 0 0 0 0 0 0 0 0 0 0 0 0 0 0 0 0 0 0 0 0 0 0 0 0 0 0 0 0 0 0 0 0 0 0 0 0 0 0 0 0 0 0 0 0 0 0 0 0 0 0 0 0 0 0 0 0 2 1 0 0 97 164 0 0 1 0 0 0 0 0 0 0 0 0 0 0 2 0 0 0 0 0 3 0 2 0 0 0 48 0 0 0 255 255 255 255 5 0 1 0 0 0 0 0 data 6 0x10005 0x0 0x271dda09d30 0x148c 0x0 0x0 oops 1 2 java/util/HashMap$EntryIterator
ciMethod java/util/concurrent/CopyOnWriteArrayList getArray ()[Ljava/lang/Object; 1025 1 128 0 0
ciMethod java/util/concurrent/CopyOnWriteArrayList setArray ([Ljava/lang/Object;)V 2057 1 6470 0 0
ciMethod java/util/concurrent/CopyOnWriteArrayList <init> ()V 2057 1 4132 0 0
ciMethod java/util/concurrent/CopyOnWriteArrayList size ()I 2049 1 2148 0 0
ciMethod java/util/concurrent/CopyOnWriteArrayList indexOf (Ljava/lang/Object;[Ljava/lang/Object;II)I 961 32793 632 0 3264
ciMethod java/util/concurrent/CopyOnWriteArrayList contains (Ljava/lang/Object;)Z 2049 1 1976 0 0
ciMethod java/util/concurrent/CopyOnWriteArrayList add (Ljava/lang/Object;)Z 2049 1 2178 0 0
ciMethod java/util/concurrent/locks/ReentrantReadWriteLock <init> ()V 2057 1 3975 0 0
ciMethod java/util/concurrent/locks/ReentrantReadWriteLock <init> (Z)V 2049 1 3977 0 0
ciMethod java/util/concurrent/locks/ReentrantReadWriteLock writeLock ()Ljava/util/concurrent/locks/ReentrantReadWriteLock$WriteLock; 1025 1 128 0 0
ciMethod java/util/concurrent/locks/ReentrantReadWriteLock readLock ()Ljava/util/concurrent/locks/ReentrantReadWriteLock$ReadLock; 1081 1 135 0 0
ciMethod java/util/concurrent/locks/ReentrantReadWriteLock getThreadId (Ljava/lang/Thread;)J 0 0 222 0 0
ciMethod java/util/concurrent/locks/ReentrantReadWriteLock$NonfairSync <init> ()V 2041 1 3975 0 0
ciMethod java/util/concurrent/locks/ReentrantReadWriteLock$NonfairSync writerShouldBlock ()Z 1025 1 128 0 0
ciMethod java/util/concurrent/locks/ReentrantReadWriteLock$NonfairSync readerShouldBlock ()Z 2073 1 10476 0 0
ciMethod java/util/concurrent/locks/ReentrantReadWriteLock$Sync sharedCount (I)I 3097 1 10633 0 0
ciMethod java/util/concurrent/locks/ReentrantReadWriteLock$Sync exclusiveCount (I)I 2049 1 20915 0 0
ciMethod java/util/concurrent/locks/ReentrantReadWriteLock$Sync <init> ()V 2049 1 3977 0 0
ciMethod java/util/concurrent/locks/ReentrantReadWriteLock$Sync readerShouldBlock ()Z 0 0 1 0 -1
ciMethod java/util/concurrent/locks/ReentrantReadWriteLock$Sync writerShouldBlock ()Z 0 0 1 0 -1
ciMethod java/util/concurrent/locks/ReentrantReadWriteLock$Sync tryRelease (I)Z 4097 1 5999 0 128
ciMethod java/util/concurrent/locks/ReentrantReadWriteLock$Sync tryAcquire (I)Z 2273 1 5409 0 256
ciMethod java/util/concurrent/locks/ReentrantReadWriteLock$Sync tryReleaseShared (I)Z 3137 1 10660 0 448
ciMethod java/util/concurrent/locks/ReentrantReadWriteLock$Sync unmatchedUnlockException ()Ljava/lang/IllegalMonitorStateException; 0 0 1 0 0
ciMethod java/util/concurrent/locks/ReentrantReadWriteLock$Sync tryAcquireShared (I)I 3097 1 10630 0 736
ciMethod java/util/concurrent/locks/ReentrantReadWriteLock$Sync fullTryAcquireShared (Ljava/lang/Thread;)I 0 0 3 0 0
ciMethod java/util/concurrent/locks/ReentrantReadWriteLock$Sync isHeldExclusively ()Z 4097 1 5999 0 0
ciMethod java/util/concurrent/locks/ReentrantReadWriteLock$Sync$ThreadLocalHoldCounter <init> ()V 2049 1 3977 0 0
ciMethod java/util/concurrent/locks/ReentrantReadWriteLock$ReadLock <init> (Ljava/util/concurrent/locks/ReentrantReadWriteLock;)V 2049 1 3977 0 0
ciMethod java/util/concurrent/locks/ReentrantReadWriteLock$ReadLock tryLock (JLjava/util/concurrent/TimeUnit;)Z 2185 1 6590 0 1216
ciMethod java/util/concurrent/locks/ReentrantReadWriteLock$ReadLock unlock ()V 3137 1 37728 0 736
ciMethod java/util/concurrent/locks/ReentrantReadWriteLock$WriteLock <init> (Ljava/util/concurrent/locks/ReentrantReadWriteLock;)V 2049 1 3977 0 0
ciMethod java/util/concurrent/locks/ReentrantReadWriteLock$WriteLock tryLock (JLjava/util/concurrent/TimeUnit;)Z 3073 1 3912 0 0
ciMethod java/util/concurrent/locks/ReentrantReadWriteLock$WriteLock unlock ()V 4097 1 9384 0 192
ciMethodData java/util/HashMap afterNodeAccess (Ljava/util/HashMap$Node;)V 2 1280 orig 264 104 147 115 119 0 0 0 0 144 200 158 218 113 2 0 0 40 1 0 0 0 0 0 0 0 0 0 0 0 0 0 0 0 0 0 0 0 0 0 0 0 0 0 0 0 0 0 0 0 0 0 0 0 0 0 0 0 0 0 0 0 0 0 0 0 0 0 0 0 0 0 0 0 0 0 0 0 0 0 0 77 68 79 32 101 120 116 114 97 32 100 97 116 97 32 108 111 99 107 0 0 0 0 0 0 0 0 0 0 0 0 0 0 0 0 0 0 0 0 0 0 0 0 0 0 0 0 0 0 0 0 0 0 0 0 0 0 0 0 0 0 0 0 0 0 0 0 0 0 0 0 0 0 0 0 0 0 0 0 0 0 0 0 0 0 0 0 0 0 0 0 0 0 0 0 0 0 0 0 0 0 0 0 0 1 0 0 0 0 0 0 0 3 0 0 0 0 0 0 0 3 0 0 0 0 0 0 0 0 0 0 0 0 0 0 0 0 1 0 0 1 32 0 0 1 0 0 0 0 0 0 0 0 0 0 0 2 0 0 0 0 0 3 0 1 0 0 0 0 0 0 0 255 255 255 255 0 0 0 0 0 0 0 0 data 0 oops 0
ciMethodData java/lang/Thread interrupted ()Z 2 77719 orig 264 104 147 115 119 0 0 0 0 208 234 146 218 113 2 0 0 96 1 0 0 0 0 0 0 0 0 0 0 0 0 0 0 0 0 0 0 0 0 0 0 0 0 0 0 0 0 0 0 0 0 0 0 0 0 0 0 0 0 0 0 0 0 0 0 0 0 0 0 0 0 0 0 0 0 0 0 0 0 0 0 77 68 79 32 101 120 116 114 97 32 100 97 116 97 32 108 111 99 107 0 0 0 0 0 0 0 0 0 0 0 0 0 0 0 0 0 0 0 0 0 0 0 0 0 0 0 0 0 0 0 0 0 0 0 0 0 0 0 0 0 0 0 0 0 0 0 0 0 0 0 0 0 0 0 0 0 0 0 0 0 0 0 0 0 0 0 0 0 0 0 0 0 0 0 0 0 0 0 0 0 0 0 0 0 25 0 0 0 0 0 0 0 0 0 0 0 0 0 0 0 0 0 0 0 0 0 0 0 0 0 0 0 0 0 0 0 0 1 0 0 185 116 9 0 1 0 0 0 0 0 0 0 0 0 0 0 2 0 0 0 0 0 3 0 2 0 0 0 32 0 0 0 255 255 255 255 2 0 0 0 0 0 0 0 data 4 0x2 0x12e96 0x40002 0x12e9a oops 0
ciMethodData java/util/Collections unmodifiableList (Ljava/util/List;)Ljava/util/List; 2 47350 orig 264 104 147 115 119 0 0 0 0 248 113 157 218 113 2 0 0 208 1 0 0 96 0 0 0 0 0 0 0 0 0 0 0 0 0 0 0 0 0 0 0 0 0 0 0 0 0 0 0 0 0 0 0 0 0 0 0 0 0 0 0 0 0 0 0 0 0 0 0 0 0 0 0 0 0 0 0 0 0 0 0 77 68 79 32 101 120 116 114 97 32 100 97 116 97 32 108 111 99 107 0 0 0 0 0 0 0 0 0 0 0 0 0 0 0 0 0 0 0 0 0 0 0 0 0 0 0 0 0 0 0 0 0 0 0 0 0 0 0 0 0 0 0 0 0 0 0 0 0 0 0 0 0 0 0 0 0 0 0 0 0 0 0 0 0 0 0 0 0 0 0 0 0 0 0 0 0 0 0 0 0 0 0 0 0 0 0 0 0 0 0 0 0 0 0 0 0 0 0 0 0 0 0 0 0 0 0 0 0 0 0 0 0 0 0 0 0 128 0 0 0 177 195 5 0 1 0 0 0 0 0 0 0 0 0 0 0 2 0 0 0 0 0 14 0 2 0 0 0 136 0 0 0 255 255 255 255 4 0 1 0 0 0 0 0 data 17 0x10004 0xffffffffffffeaa6 0x271e2819ae0 0x34a 0x271e75e4510 0x3147 0x40007 0x3e17 0x48 0x7a5f 0xc0002 0x7a5f 0xf0003 0x7a5f 0x28 0x170002 0x3e17 oops 2 2 java/util/Arrays$ArrayList 4 java/util/ArrayList
ciMethodData java/util/Collections$UnmodifiableRandomAccessList <init> (Ljava/util/List;)V 2 31456 orig 264 104 147 115 119 0 0 0 0 128 11 158 218 113 2 0 0 56 1 0 0 0 0 0 0 0 0 0 0 0 0 0 0 0 0 0 0 0 0 0 0 0 0 0 0 0 0 0 0 0 0 0 0 0 0 0 0 0 0 0 0 0 0 0 0 0 0 0 0 0 0 0 0 0 0 0 0 0 0 0 0 77 68 79 32 101 120 116 114 97 32 100 97 116 97 32 108 111 99 107 0 0 0 0 0 0 0 0 0 0 0 0 0 0 0 0 0 0 0 0 0 0 0 0 0 0 0 0 0 0 0 0 0 0 0 0 0 0 0 0 0 0 0 0 0 0 0 0 0 0 0 0 0 0 0 0 0 0 0 0 0 0 0 0 0 0 0 0 0 0 0 0 0 0 0 0 0 0 0 0 0 0 0 0 0 0 0 0 0 0 0 0 0 0 0 0 0 0 0 0 0 0 0 0 0 0 0 0 0 0 0 0 0 0 0 0 0 129 0 0 0 249 210 3 0 1 0 0 0 0 0 0 0 0 0 0 0 2 0 0 0 0 0 7 0 2 0 0 0 16 0 0 0 255 255 255 255 2 0 2 0 0 0 0 0 data 2 0x20002 0x7a5f oops 0
ciMethodData java/util/Collections$UnmodifiableList <init> (Ljava/util/List;)V 2 47351 orig 264 104 147 115 119 0 0 0 0 80 18 158 218 113 2 0 0 56 1 0 0 0 0 0 0 0 0 0 0 0 0 0 0 0 0 0 0 0 0 0 0 0 0 0 0 0 0 0 0 0 0 0 0 0 0 0 0 0 0 0 0 0 0 0 0 0 0 0 0 0 0 0 0 0 0 0 0 0 0 0 0 77 68 79 32 101 120 116 114 97 32 100 97 116 97 32 108 111 99 107 0 0 0 0 0 0 0 0 0 0 0 0 0 0 0 0 0 0 0 0 0 0 0 0 0 0 0 0 0 0 0 0 0 0 0 0 0 0 0 0 0 0 0 0 0 0 0 0 0 0 0 0 0 0 0 0 0 0 0 0 0 0 0 0 0 0 0 0 0 0 0 0 0 0 0 0 0 0 0 0 0 0 0 0 0 0 0 0 0 0 0 0 0 0 0 0 0 0 0 0 0 0 0 0 0 0 0 0 0 0 0 0 0 0 0 0 0 129 0 0 0 177 195 5 0 1 0 0 0 0 0 0 0 0 0 0 0 2 0 0 0 0 0 6 0 2 0 0 0 16 0 0 0 255 255 255 255 2 0 2 0 0 0 0 0 data 2 0x20002 0xb876 oops 0
ciMethodData java/util/Collections$UnmodifiableCollection <init> (Ljava/util/Collection;)V 2 41698 orig 264 104 147 115 119 0 0 0 0 112 33 158 218 113 2 0 0 104 1 0 0 0 0 0 0 0 0 0 0 0 0 0 0 0 0 0 0 0 0 0 0 0 0 0 0 0 0 0 0 0 0 0 0 0 0 0 0 0 0 0 0 0 0 0 0 0 0 0 0 0 0 0 0 0 0 0 0 0 0 0 0 77 68 79 32 101 120 116 114 97 32 100 97 116 97 32 108 111 99 107 0 0 0 0 0 0 0 0 0 0 0 0 0 0 0 0 0 0 0 0 0 0 0 0 0 0 0 0 0 0 0 0 0 0 0 0 0 0 0 0 0 0 0 0 0 0 0 0 0 0 0 0 0 0 0 0 0 0 0 0 0 0 0 0 0 0 0 0 0 0 0 0 0 0 0 0 0 0 0 0 0 0 0 0 0 0 0 0 0 0 0 0 0 0 0 0 0 0 0 0 0 0 0 0 0 0 0 0 0 0 0 0 0 0 0 0 0 130 0 0 0 1 19 5 0 1 0 0 0 0 0 0 0 0 0 0 0 2 0 0 0 0 0 5 0 2 0 0 0 64 0 0 0 255 255 255 255 2 0 1 0 0 0 0 0 data 8 0x10002 0xa260 0x50007 0xa260 0x30 0x0 0xc0002 0x0 oops 0
ciMethod com/mathworks/peermodel/impl/PeerModelManagerImpl getRoot ()Lcom/mathworks/peermodel/PeerNode; 1601 1 200 0 -1
ciMethod com/mathworks/peermodel/impl/PeerModelManagerImpl move (Lcom/mathworks/peermodel/PeerNode;Lcom/mathworks/peermodel/PeerNode;ILjava/lang/Object;)V 0 0 1 0 -1
ciMethod com/mathworks/peermodel/impl/PeerModelManagerImpl updateNodeRecursiveFromSnapshot (Lcom/mathworks/peermodel/PeerNodeSyncable;Ljava/util/Map;ZZLjava/lang/Object;)V 3769 1 5591 0 -1
ciMethod com/mathworks/peermodel/impl/PeerModelManagerImpl destroyOldChildren (Lcom/mathworks/peermodel/PeerNode;Ljava/util/Map;Ljava/lang/Object;)V 3777 1 5758 0 0
ciMethod com/mathworks/peermodel/impl/PeerModelManagerImpl addNewChildren (Lcom/mathworks/peermodel/PeerNodeSyncable;Ljava/util/Map;Ljava/lang/Object;)Ljava/util/List; 3769 2513 5760 0 0
ciMethod com/mathworks/peermodel/impl/PeerModelManagerImpl updateChildIndices (Lcom/mathworks/peermodel/PeerNode;Ljava/util/Map;Ljava/lang/Object;)V 3769 2513 5761 0 0
ciMethod com/mathworks/peermodel/impl/PeerModelManagerImpl updateChildren (Lcom/mathworks/peermodel/PeerNode;Ljava/util/Map;Ljava/util/List;ZLjava/lang/Object;)V 3769 1145 5761 0 0
ciMethod com/mathworks/peermodel/impl/PeerModelManagerImpl dataHasChild (Ljava/util/Map;Lcom/mathworks/peermodel/PeerNode;)Z 1 1 651 0 5632
ciMethod com/mathworks/peermodel/impl/PeerModelManagerImpl getChildrenData (Ljava/util/Map;)[Ljava/lang/Object; 2049 1 5895 0 2816
ciMethod com/mathworks/peermodel/impl/PeerModelManagerImpl getDataProperties (Ljava/util/Map;)Ljava/util/Map; 2049 1 5517 0 2048
ciMethod com/mathworks/peermodel/impl/ObservableImpl <init> ()V 2049 1 1983 0 0
ciMethodData java/util/concurrent/locks/AbstractOwnableSynchronizer setExclusiveOwnerThread (Ljava/lang/Thread;)V 2 51808 orig 264 104 147 115 119 0 0 0 0 40 203 206 218 113 2 0 0 40 1 0 0 0 0 0 0 0 0 0 0 0 0 0 0 0 0 0 0 0 0 0 0 0 0 0 0 0 0 0 0 0 0 0 0 0 0 0 0 0 0 0 0 0 0 0 0 0 0 0 0 0 0 0 0 0 0 0 0 0 0 0 0 77 68 79 32 101 120 116 114 97 32 100 97 116 97 32 108 111 99 107 0 0 0 0 0 0 0 0 0 0 0 0 0 0 0 0 0 0 0 0 0 0 0 0 0 0 0 0 0 0 0 0 0 0 0 0 0 0 0 0 0 0 0 0 0 0 0 0 0 0 0 0 0 0 0 0 0 0 0 0 0 0 0 0 0 0 0 0 0 0 0 0 0 0 0 0 0 0 0 0 0 0 0 0 0 1 0 0 0 0 0 0 0 0 0 0 0 0 0 0 0 1 0 0 0 0 0 0 0 0 0 0 0 0 0 0 0 1 1 0 0 249 74 6 0 1 0 0 0 0 0 0 0 0 0 0 0 2 0 0 0 0 0 3 0 1 0 0 0 0 0 0 0 255 255 255 255 0 0 0 0 0 0 0 0 data 0 oops 0
ciMethodData java/util/concurrent/locks/AbstractQueuedSynchronizer compareAndSetState (II)Z 2 53766 orig 264 104 147 115 119 0 0 0 0 224 156 206 218 113 2 0 0 136 1 0 0 0 0 0 0 0 0 0 0 0 0 0 0 0 0 0 0 0 0 0 0 0 0 0 0 0 0 0 0 0 0 0 0 0 0 0 0 0 0 0 0 0 0 0 0 0 0 0 0 0 0 0 0 0 0 0 0 0 0 0 0 77 68 79 32 101 120 116 114 97 32 100 97 116 97 32 108 111 99 107 0 0 0 0 0 0 0 0 0 0 0 0 0 0 0 0 0 0 0 0 0 0 0 0 0 0 0 0 0 0 0 0 0 0 0 0 0 0 0 0 0 0 0 0 0 0 0 0 0 0 0 0 0 0 0 0 0 0 0 0 0 0 0 0 0 0 0 0 0 0 0 0 0 0 0 0 0 0 0 0 0 0 0 0 0 17 0 0 0 0 0 0 0 0 0 0 0 0 0 0 0 0 0 0 0 0 0 0 0 0 0 0 0 0 0 0 0 7 1 0 0 249 135 6 0 1 0 0 0 0 0 0 0 0 0 0 0 2 0 0 0 0 0 3 0 1 0 0 0 48 0 0 0 255 255 255 255 5 0 9 0 0 0 0 0 data 6 0x90005 0x6 0x0 0x0 0x0 0x0 oops 0
ciMethodData java/util/concurrent/locks/AbstractQueuedSynchronizer setState (I)V 2 28450 orig 264 104 147 115 119 0 0 0 0 64 156 206 218 113 2 0 0 40 1 0 0 0 0 0 0 0 0 0 0 0 0 0 0 0 0 0 0 0 0 0 0 0 0 0 0 0 0 0 0 0 0 0 0 0 0 0 0 0 0 0 0 0 0 0 0 0 0 0 0 0 0 0 0 0 0 0 0 0 0 0 0 77 68 79 32 101 120 116 114 97 32 100 97 116 97 32 108 111 99 107 0 0 0 0 0 0 0 0 0 0 0 0 0 0 0 0 0 0 0 0 0 0 0 0 0 0 0 0 0 0 0 0 0 0 0 0 0 0 0 0 0 0 0 0 0 0 0 0 0 0 0 0 0 0 0 0 0 0 0 0 0 0 0 0 0 0 0 0 0 0 0 0 0 0 0 0 0 0 0 0 0 0 0 0 0 1 0 0 0 0 0 0 0 0 0 0 0 0 0 0 0 1 0 0 0 0 0 0 0 0 0 0 0 0 0 0 0 1 1 0 0 9 113 3 0 1 0 0 0 0 0 0 0 0 0 0 0 2 0 0 0 0 0 3 0 1 0 0 0 0 0 0 0 255 255 255 255 0 0 0 0 0 0 0 0 data 0 oops 0
ciMethodData java/util/concurrent/locks/AbstractQueuedSynchronizer release (I)Z 2 18146 orig 264 104 147 115 119 0 0 0 0 80 178 206 218 113 2 0 0 240 1 0 0 0 0 0 0 0 0 0 0 0 0 0 0 0 0 0 0 0 0 0 0 0 0 0 0 0 0 0 0 0 0 0 0 0 0 0 0 0 0 0 0 0 0 0 0 0 0 0 0 0 0 0 0 0 0 0 0 0 0 0 0 77 68 79 32 101 120 116 114 97 32 100 97 116 97 32 108 111 99 107 0 0 0 0 0 0 0 0 0 0 0 0 0 0 0 0 0 0 0 0 0 0 0 0 0 0 0 0 0 0 0 0 0 0 0 0 0 0 0 0 0 0 0 0 0 0 0 0 0 0 0 0 0 0 0 0 0 0 0 0 0 0 0 0 0 0 0 0 0 0 0 0 0 0 0 0 0 0 0 0 0 0 0 0 0 0 0 0 0 0 0 0 0 0 0 0 0 0 0 0 0 0 0 0 0 0 0 0 0 0 0 0 0 0 0 0 0 0 1 0 0 17 47 2 0 1 0 0 0 0 0 0 0 0 0 0 0 2 0 0 0 0 0 10 0 2 0 0 0 160 0 0 0 255 255 255 255 5 0 2 0 0 0 0 0 data 20 0x20005 0x6a 0x271e7693ff0 0x2e55 0x271e04b2910 0x5e9 0x50007 0x560 0x70 0x4081 0xe0007 0x195a 0x50 0x2727 0x150007 0x26cb 0x30 0x5c 0x1a0002 0x5c oops 2 2 java/util/concurrent/locks/ReentrantLock$NonfairSync 4 java/util/concurrent/locks/ReentrantReadWriteLock$NonfairSync
ciMethodData java/util/concurrent/locks/AbstractQueuedSynchronizer unparkSuccessor (Ljava/util/concurrent/locks/AbstractQueuedSynchronizer$Node;)V 2 5140 orig 264 104 147 115 119 0 0 0 0 16 160 206 218 113 2 0 0 104 2 0 0 80 0 0 0 0 0 0 0 0 0 0 0 0 0 0 0 0 0 0 0 0 0 0 0 0 0 0 0 0 0 0 0 0 0 0 0 0 0 0 0 0 0 0 0 0 0 0 0 0 0 0 0 0 0 0 0 0 0 0 0 77 68 79 32 101 120 116 114 97 32 100 97 116 97 32 108 111 99 107 0 0 0 0 0 0 0 0 0 0 0 0 0 0 0 0 0 0 0 0 0 0 0 0 0 0 0 0 0 0 0 0 0 0 0 0 0 0 0 0 0 0 0 0 0 0 0 0 0 0 0 0 0 0 0 0 0 0 0 0 0 0 0 0 0 0 0 0 0 0 0 0 0 0 0 0 0 0 0 0 0 0 0 0 0 17 0 0 0 0 0 0 0 0 0 0 0 0 0 0 0 1 0 0 0 0 0 0 0 0 0 0 0 0 0 0 0 20 0 0 0 1 160 0 0 25 0 0 0 0 0 0 0 0 0 0 0 2 0 0 0 1 0 26 0 2 0 0 0 24 1 0 0 255 255 255 255 7 0 6 0 0 0 0 0 data 35 0x60007 0xc 0x30 0x13f4 0xc0002 0x13f4 0x160007 0x3 0x40 0x13fd 0x1d0007 0x13fd 0x98 0x0 0x2a0007 0x3 0x78 0x3 0x300007 0x0 0x58 0x3 0x380007 0x0 0x20 0x3 0x450003 0x3 0xffffffffffffffa0 0x490007 0x0 0x30 0x1400 0x500002 0x1400 oops 0
ciMethodData java/util/Collections$UnmodifiableCollection iterator ()Ljava/util/Iterator; 2 16191 orig 264 104 147 115 119 0 0 0 0 160 37 158 218 113 2 0 0 48 1 0 0 0 0 0 0 0 0 0 0 0 0 0 0 0 0 0 0 0 0 0 0 0 0 0 0 0 0 0 0 0 0 0 0 0 0 0 0 0 0 0 0 0 0 0 0 0 0 0 0 0 0 0 0 0 0 0 0 0 0 0 0 77 68 79 32 101 120 116 114 97 32 100 97 116 97 32 108 111 99 107 0 0 0 0 0 0 0 0 0 0 0 0 0 0 0 0 0 0 0 0 0 0 0 0 0 0 0 0 0 0 0 0 0 0 0 0 0 0 0 0 0 0 0 0 0 0 0 0 0 0 0 0 0 0 0 0 0 0 0 0 0 0 0 0 0 0 0 0 0 0 0 0 0 0 0 0 0 0 0 0 0 0 0 0 0 0 0 0 0 0 0 0 0 0 0 0 0 0 0 0 0 0 0 0 0 0 0 0 0 0 0 0 0 0 0 0 0 3 1 0 0 225 241 1 0 1 0 0 0 0 0 0 0 0 0 0 0 2 0 0 0 0 0 3 0 2 0 0 0 16 0 0 0 255 255 255 255 2 0 5 0 0 0 0 0 data 2 0x50002 0x3e3c oops 0
ciMethodData java/util/Collections$UnmodifiableCollection$1 <init> (Ljava/util/Collections$UnmodifiableCollection;)V 2 16191 orig 264 104 147 115 119 0 0 0 0 104 223 195 218 113 2 0 0 144 1 0 0 0 0 0 0 0 0 0 0 0 0 0 0 0 0 0 0 0 0 0 0 0 0 0 0 0 0 0 0 0 0 0 0 0 0 0 0 0 0 0 0 0 0 0 0 0 0 0 0 0 0 0 0 0 0 0 0 0 0 0 0 77 68 79 32 101 120 116 114 97 32 100 97 116 97 32 108 111 99 107 0 0 0 0 0 0 0 0 0 0 0 0 0 0 0 0 0 0 0 0 0 0 0 0 0 0 0 0 0 0 0 0 0 0 0 0 0 0 0 0 0 0 0 0 0 0 0 0 0 0 0 0 0 0 0 0 0 0 0 0 0 0 0 0 0 0 0 0 0 0 0 0 0 0 0 0 0 0 0 0 0 0 0 0 0 0 0 0 0 0 0 0 0 0 0 0 0 0 0 0 0 0 0 0 0 0 0 0 0 0 0 0 0 0 0 0 0 3 1 0 0 225 241 1 0 1 0 0 0 0 0 0 0 0 0 0 0 2 0 0 0 0 0 3 0 2 0 0 0 64 0 0 0 255 255 255 255 2 0 6 0 0 0 0 0 data 8 0x60002 0x3e3c 0x110005 0x190d 0x271e2819ae0 0x2101 0x271e2819b90 0x42e oops 2 4 java/util/Arrays$ArrayList 6 java/util/LinkedList
ciMethodData java/util/concurrent/locks/ReentrantLock$Sync tryRelease (I)Z 2 5391 orig 264 104 147 115 119 0 0 0 0 112 134 206 218 113 2 0 0 112 2 0 0 192 0 0 0 0 0 0 0 0 0 0 0 0 0 0 0 0 0 0 0 0 0 0 0 0 0 0 0 0 0 0 0 0 0 0 0 0 0 0 0 0 0 0 0 0 0 0 0 0 0 0 0 0 0 0 0 0 0 0 0 77 68 79 32 101 120 116 114 97 32 100 97 116 97 32 108 111 99 107 0 0 0 0 0 0 0 0 0 0 0 0 0 0 0 0 0 0 0 0 0 0 0 0 0 0 0 0 0 0 0 0 0 0 0 0 0 0 0 0 0 0 0 0 0 0 0 0 0 0 0 0 0 0 0 0 0 0 0 0 0 0 0 0 0 0 0 0 0 0 0 0 0 0 0 0 0 0 0 0 0 0 0 0 0 25 0 0 0 0 0 0 0 0 0 0 0 0 0 0 0 1 0 0 0 0 0 0 0 0 0 0 0 0 0 0 0 9 1 0 0 49 160 0 0 1 0 0 0 0 0 0 0 0 0 0 0 2 0 0 0 0 0 8 0 2 0 0 0 32 1 0 0 255 255 255 255 5 0 1 0 0 0 0 0 data 36 0x10005 0x0 0x271e7693ff0 0x1405 0x271e25fe9e0 0x1 0x70002 0x1406 0xb0005 0x0 0x271e7693ff0 0x1405 0x271e25fe9e0 0x1 0xe0007 0x1406 0x30 0x0 0x150002 0x0 0x1c0007 0x3bf 0x50 0x1047 0x230005 0x0 0x271e7693ff0 0x1046 0x271e25fe9e0 0x1 0x280005 0x0 0x271e7693ff0 0x1405 0x271e25fe9e0 0x1 oops 8 2 java/util/concurrent/locks/ReentrantLock$NonfairSync 4 java/util/concurrent/locks/ReentrantLock$FairSync 10 java/util/concurrent/locks/ReentrantLock$NonfairSync 12 java/util/concurrent/locks/ReentrantLock$FairSync 26 java/util/concurrent/locks/ReentrantLock$NonfairSync 28 java/util/concurrent/locks/ReentrantLock$FairSync 32 java/util/concurrent/locks/ReentrantLock$NonfairSync 34 java/util/concurrent/locks/ReentrantLock$FairSync
ciMethodData java/util/concurrent/locks/ReentrantLock lock ()V 2 30800 orig 264 104 147 115 119 0 0 0 0 224 166 170 218 113 2 0 0 120 1 0 0 0 0 0 0 0 0 0 0 0 0 0 0 0 0 0 0 0 0 0 0 0 0 0 0 0 0 0 0 0 0 0 0 0 0 0 0 0 0 0 0 0 0 0 0 0 0 0 0 0 0 0 0 0 0 0 0 0 0 0 0 77 68 79 32 101 120 116 114 97 32 100 97 116 97 32 108 111 99 107 0 0 0 0 0 0 0 0 0 0 0 0 0 0 0 0 0 0 0 0 0 0 0 0 0 0 0 0 0 0 0 0 0 0 0 0 0 0 0 0 0 0 0 0 0 0 0 0 0 0 0 0 0 0 0 0 0 0 0 0 0 0 0 0 0 0 0 0 0 0 0 0 0 0 0 0 0 0 0 0 0 0 0 0 0 17 0 0 0 0 0 0 0 0 0 0 0 0 0 0 0 1 0 0 0 0 0 0 0 0 0 0 0 0 0 0 0 20 1 0 0 225 185 3 0 1 0 0 0 0 0 0 0 0 0 0 0 2 0 0 0 0 0 3 0 2 0 0 0 48 0 0 0 255 255 255 255 5 0 4 0 0 0 0 0 data 6 0x40005 0x0 0x271e7693ff0 0x772a 0x271e25fe9e0 0x11 oops 2 2 java/util/concurrent/locks/ReentrantLock$NonfairSync 4 java/util/concurrent/locks/ReentrantLock$FairSync
ciMethodData java/util/concurrent/locks/ReentrantLock$NonfairSync lock ()V 2 6439 orig 264 104 147 115 119 0 0 0 0 248 126 206 218 113 2 0 0 32 2 0 0 144 0 0 0 0 0 0 0 0 0 0 0 0 0 0 0 0 0 0 0 0 0 0 0 0 0 0 0 0 0 0 0 0 0 0 0 0 0 0 0 0 0 0 0 0 0 0 0 0 0 0 0 0 0 0 0 0 0 0 0 77 68 79 32 101 120 116 114 97 32 100 97 116 97 32 108 111 99 107 0 0 0 0 0 0 0 0 0 0 0 0 0 0 0 0 0 0 0 0 0 0 0 0 0 0 0 0 0 0 0 0 0 0 0 0 0 0 0 0 0 0 0 0 0 0 0 0 0 0 0 0 0 0 0 0 0 0 0 0 0 0 0 0 0 0 0 0 0 0 0 0 0 0 0 0 0 0 0 0 0 0 0 0 0 0 0 0 0 0 0 0 0 0 0 0 0 0 0 0 0 0 0 0 0 0 0 0 0 0 0 0 0 0 0 0 0 39 1 0 0 1 192 0 0 1 0 0 0 0 0 0 0 0 0 0 0 2 0 0 0 0 0 11 0 2 0 0 0 216 0 0 0 255 255 255 255 5 0 3 0 0 0 0 0 data 27 0x30005 0x0 0x271e7693ff0 0x1800 0x0 0x0 0x60007 0x379 0x78 0x1487 0xa0002 0x1487 0xd0005 0x0 0x271e7693ff0 0x1487 0x0 0x0 0x100003 0x1487 0x48 0x150005 0x0 0x271e7693ff0 0x379 0x0 0x0 oops 3 2 java/util/concurrent/locks/ReentrantLock$NonfairSync 14 java/util/concurrent/locks/ReentrantLock$NonfairSync 23 java/util/concurrent/locks/ReentrantLock$NonfairSync
ciMethodData java/util/concurrent/locks/AbstractQueuedSynchronizer acquire (I)V 2 16219 orig 264 104 147 115 119 0 0 0 0 32 176 206 218 113 2 0 0 16 2 0 0 0 0 0 0 0 0 0 0 0 0 0 0 0 0 0 0 0 0 0 0 0 0 0 0 0 0 0 0 0 0 0 0 0 0 0 0 0 0 0 0 0 0 0 0 0 0 0 0 0 0 0 0 0 0 0 0 0 0 0 0 77 68 79 32 101 120 116 114 97 32 100 97 116 97 32 108 111 99 107 0 0 0 0 0 0 0 0 0 0 0 0 0 0 0 0 0 0 0 0 0 0 0 0 0 0 0 0 0 0 0 0 0 0 0 0 0 0 0 0 0 0 0 0 0 0 0 0 0 0 0 0 0 0 0 0 0 0 0 0 0 0 0 0 0 0 0 0 0 0 0 0 0 0 0 0 0 0 0 0 0 0 0 0 0 17 0 0 0 0 0 0 0 0 0 0 0 0 0 0 0 0 0 0 0 0 0 0 0 0 0 0 0 0 0 0 0 52 0 0 0 57 249 1 0 1 0 0 0 0 0 0 0 0 0 0 0 2 0 0 0 0 0 8 0 2 0 0 0 192 0 0 0 255 255 255 255 5 0 2 0 0 0 0 0 data 24 0x20005 0x110 0x271e7693ff0 0x379 0x271e04b2910 0x21d8 0x50007 0x3f10 0x90 0xf 0xd0002 0xf 0x110005 0x1 0x271e7693ff0 0xa 0x271e04b2910 0x4 0x140007 0xf 0x30 0x0 0x170002 0x0 oops 4 2 java/util/concurrent/locks/ReentrantLock$NonfairSync 4 java/util/concurrent/locks/ReentrantReadWriteLock$NonfairSync 14 java/util/concurrent/locks/ReentrantLock$NonfairSync 16 java/util/concurrent/locks/ReentrantReadWriteLock$NonfairSync
ciMethodData java/util/concurrent/locks/ReentrantLock$NonfairSync tryAcquire (I)Z 2 5192 orig 264 104 147 115 119 0 0 0 0 144 127 206 218 113 2 0 0 128 1 0 0 0 0 0 0 0 0 0 0 0 0 0 0 0 0 0 0 0 0 0 0 0 0 0 0 0 0 0 0 0 0 0 0 0 0 0 0 0 0 0 0 0 0 0 0 0 0 0 0 0 0 0 0 0 0 0 0 0 0 0 0 77 68 79 32 101 120 116 114 97 32 100 97 116 97 32 108 111 99 107 0 0 0 0 0 0 0 0 0 0 0 0 0 0 0 0 0 0 0 0 0 0 0 0 0 0 0 0 0 0 0 0 0 0 0 0 0 0 0 0 0 0 0 0 0 0 0 0 0 0 0 0 0 0 0 0 0 0 0 0 0 0 0 0 0 0 0 0 0 0 0 0 0 0 0 0 0 0 0 0 0 0 0 0 0 0 0 0 0 0 0 0 0 0 0 0 0 0 0 0 0 0 0 0 0 0 0 0 0 0 0 0 0 0 0 0 0 72 0 0 0 1 160 0 0 1 0 0 0 0 0 0 0 0 0 0 0 2 0 0 0 0 0 3 0 2 0 0 0 48 0 0 0 255 255 255 255 5 0 2 0 0 0 0 0 data 6 0x20005 0xc9 0x271e7693ff0 0x1339 0x0 0x0 oops 1 2 java/util/concurrent/locks/ReentrantLock$NonfairSync
ciMethodData java/util/concurrent/locks/ReentrantLock$Sync nonfairTryAcquire (I)Z 2 7276 orig 264 104 147 115 119 0 0 0 0 168 133 206 218 113 2 0 0 224 2 0 0 144 0 0 0 0 0 0 0 0 0 0 0 0 0 0 0 0 0 0 0 0 0 0 0 0 0 0 0 0 0 0 0 0 0 0 0 0 0 0 0 0 0 0 0 0 0 0 0 0 0 0 0 0 0 0 0 0 0 0 0 77 68 79 32 101 120 116 114 97 32 100 97 116 97 32 108 111 99 107 0 0 0 0 0 0 0 0 0 0 0 0 0 0 0 0 0 0 0 0 0 0 0 0 0 0 0 0 0 0 0 0 0 0 0 0 0 0 0 0 0 0 0 0 0 1 0 0 0 0 0 0 0 0 0 0 0 0 0 0 0 0 0 0 0 0 0 0 0 0 0 0 0 0 0 0 0 0 0 0 1 0 0 0 0 25 0 0 0 0 0 0 0 0 0 0 0 0 0 0 0 0 0 0 0 0 0 0 0 0 0 0 0 0 0 0 0 80 0 0 0 225 224 0 0 1 0 0 0 0 20 0 0 0 0 0 0 2 0 0 0 0 0 12 0 2 0 0 0 144 1 0 0 255 255 255 255 2 0 0 0 0 0 0 0 data 50 0x2 0x1c1c 0x50005 0x106 0x271e7693ff0 0x1b16 0x0 0x0 0xa0007 0x7e9 0xa0 0x1433 0x100005 0xce 0x271e7693ff0 0x1365 0x0 0x0 0x13e007 0x1 0x100 0x1433 0x180005 0xce 0x271e7693ff0 0x1365 0x0 0x0 0x1f0005 0x38 0x271e7693ff0 0x7b1 0x0 0x0 0x220007 0x22 0x80 0x7c7 0x2c0007 0x7c7 0x30 0x0 0x350002 0x0 0x3c0005 0x20 0x271e7693ff0 0x7a7 0x0 0x0 oops 5 4 java/util/concurrent/locks/ReentrantLock$NonfairSync 14 java/util/concurrent/locks/ReentrantLock$NonfairSync 24 java/util/concurrent/locks/ReentrantLock$NonfairSync 30 java/util/concurrent/locks/ReentrantLock$NonfairSync 46 java/util/concurrent/locks/ReentrantLock$NonfairSync
ciMethodData java/util/concurrent/locks/AbstractQueuedSynchronizer addWaiter (Ljava/util/concurrent/locks/AbstractQueuedSynchronizer$Node;)Ljava/util/concurrent/locks/AbstractQueuedSynchronizer$Node; 1 676 orig 264 104 147 115 119 0 0 0 0 120 158 206 218 113 2 0 0 208 1 0 0 80 0 0 0 0 0 0 0 0 0 0 0 0 0 0 0 0 0 0 0 0 0 0 0 0 0 0 0 0 0 0 0 0 0 0 0 0 0 0 0 0 0 0 0 0 0 0 0 0 0 0 0 0 0 0 0 0 0 0 0 77 68 79 32 101 120 116 114 97 32 100 97 116 97 32 108 111 99 107 0 0 0 0 0 0 0 0 0 0 0 0 0 0 0 0 0 0 0 0 0 0 0 0 0 0 0 0 0 0 0 0 0 0 0 0 0 0 0 0 0 0 0 0 0 0 0 0 0 0 0 0 0 0 0 0 0 0 0 0 0 0 0 0 0 0 0 0 0 0 0 0 0 0 0 0 0 0 0 0 0 0 0 0 0 29 0 0 0 0 0 0 0 0 0 0 0 0 0 0 0 0 0 0 0 0 0 0 0 0 0 0 0 0 0 0 0 5 0 0 0 249 20 0 0 1 0 0 0 0 0 0 0 0 0 0 0 2 0 0 0 0 0 8 0 2 0 0 0 128 0 0 0 255 255 255 255 2 0 4 0 0 0 0 0 data 16 0x40002 0x29e 0x80002 0x29f 0x120007 0x72 0x50 0x22d 0x1d0002 0x22d 0x200007 0x1 0x20 0x22c 0x2c0002 0x73 oops 0
ciMethodData java/util/concurrent/locks/AbstractQueuedSynchronizer acquireQueued (Ljava/util/concurrent/locks/AbstractQueuedSynchronizer$Node;I)Z 2 10283 orig 264 104 147 115 119 0 0 0 0 32 166 206 218 113 2 0 0 224 2 0 0 48 0 0 0 0 0 0 0 0 0 0 0 0 0 0 0 0 0 0 0 0 0 0 0 0 0 0 0 0 0 0 0 0 0 0 0 0 0 0 0 0 0 0 0 0 0 0 0 0 0 0 0 0 0 0 0 0 0 0 0 77 68 79 32 101 120 116 114 97 32 100 97 116 97 32 108 111 99 107 0 0 0 0 0 0 0 0 0 0 0 0 0 0 0 0 0 0 0 0 0 0 0 0 0 0 0 0 0 0 0 0 0 0 0 0 0 0 0 0 0 0 0 0 0 1 0 0 0 0 0 0 0 0 0 0 0 0 0 0 0 0 0 0 0 0 0 0 0 0 0 0 0 0 0 0 0 0 0 0 2 0 0 0 0 17 0 0 0 0 0 0 0 0 0 0 0 0 0 0 0 0 0 0 0 0 0 0 0 0 0 0 0 0 0 0 0 42 0 0 0 9 64 1 0 177 3 0 0 1 20 0 0 50 0 0 0 2 0 0 0 1 0 24 0 2 0 0 0 136 1 0 0 255 255 255 255 5 0 6 0 0 0 0 0 data 49 0x60005 0x19b 0x271e8935de0 0x26da 0x0 0x0 0x11e007 0x9 0xb0 0x2870 0x160005 0x2d 0x271e7693ff0 0x283e 0x271e04b2910 0x5 0x190007 0x6d 0x60 0x27ff 0x1e0002 0x2800 0x2e0007 0x2803 0x30 0x0 0x330002 0x0 0x3c0002 0x75 0x3f0007 0x46 0x50 0x30 0x430002 0x30 0x460007 0x2d 0x20 0x3 0x4c0003 0x76 0xfffffffffffffec0 0x520007 0x0 0x30 0x0 0x570002 0x0 oops 3 2 java/util/concurrent/locks/AbstractQueuedSynchronizer$Node 12 java/util/concurrent/locks/ReentrantLock$NonfairSync 14 java/util/concurrent/locks/ReentrantReadWriteLock$NonfairSync
ciMethodData java/util/concurrent/locks/AbstractQueuedSynchronizer selfInterrupt ()V 1 4 orig 264 104 147 115 119 0 0 0 0 120 164 206 218 113 2 0 0 128 1 0 0 0 0 0 0 0 0 0 0 0 0 0 0 0 0 0 0 0 0 0 0 0 0 0 0 0 0 0 0 0 0 0 0 0 0 0 0 0 0 0 0 0 0 0 0 0 0 0 0 0 0 0 0 0 0 0 0 0 0 0 0 77 68 79 32 101 120 116 114 97 32 100 97 116 97 32 108 111 99 107 0 0 0 0 0 0 0 0 0 0 0 0 0 0 0 0 0 0 0 0 0 0 0 0 0 0 0 0 0 0 0 0 0 0 0 0 0 0 0 0 0 0 0 0 0 0 0 0 0 0 0 0 0 0 0 0 0 0 0 0 0 0 0 0 0 0 0 0 0 0 0 0 0 0 0 0 0 0 0 0 0 0 0 0 0 25 0 0 0 0 0 0 0 0 0 0 0 0 0 0 0 0 0 0 0 0 0 0 0 0 0 0 0 0 0 0 0 0 0 0 0 33 0 0 0 1 0 0 0 0 0 0 0 0 0 0 0 2 0 0 0 0 0 0 0 0 0 0 0 64 0 0 0 255 255 255 255 2 0 0 0 0 0 0 0 data 8 0x2 0x4 0x30005 0x0 0x271be937e70 0x4 0x0 0x0 oops 1 4 java/lang/Thread
ciMethodData java/util/concurrent/locks/ReentrantLock unlock ()V 2 46641 orig 264 104 147 115 119 0 0 0 0 80 169 170 218 113 2 0 0 120 1 0 0 0 0 0 0 0 0 0 0 0 0 0 0 0 0 0 0 0 0 0 0 0 0 0 0 0 0 0 0 0 0 0 0 0 0 0 0 0 0 0 0 0 0 0 0 0 0 0 0 0 0 0 0 0 0 0 0 0 0 0 0 77 68 79 32 101 120 116 114 97 32 100 97 116 97 32 108 111 99 107 0 0 0 0 0 0 0 0 0 0 0 0 0 0 0 0 0 0 0 0 0 0 0 0 0 0 0 0 0 0 0 0 0 0 0 0 0 0 0 0 0 0 0 0 0 0 0 0 0 0 0 0 0 0 0 0 0 0 0 0 0 0 0 0 0 0 0 0 0 0 0 0 0 0 0 0 0 0 0 0 0 0 0 0 0 17 0 0 0 0 0 0 0 0 0 0 0 0 0 0 0 1 0 0 0 0 0 0 0 0 0 0 0 0 0 0 0 133 1 0 0 97 165 5 0 1 0 0 0 0 0 0 0 0 0 0 0 2 0 0 0 0 0 11 0 2 0 0 0 48 0 0 0 255 255 255 255 5 0 5 0 0 0 0 0 data 6 0x50005 0x5 0x271e7693ff0 0xb4a5 0x271e25fe9e0 0x3 oops 2 2 java/util/concurrent/locks/ReentrantLock$NonfairSync 4 java/util/concurrent/locks/ReentrantLock$FairSync
ciMethod com/mathworks/peermodel/PeerNode getId ()Ljava/lang/String; 0 0 1 0 -1
ciMethod com/mathworks/peermodel/PeerNode getType ()Ljava/lang/String; 0 0 1 0 -1
ciMethod com/mathworks/peermodel/PeerNode setProperties (Ljava/util/Map;Ljava/lang/Object;)V 0 0 1 0 -1
ciMethod com/mathworks/peermodel/PeerNode replaceProperties (Ljava/util/Map;Ljava/lang/Object;)V 0 0 1 0 -1
ciMethod com/mathworks/peermodel/PeerNode hasChild (Ljava/lang/String;)Z 0 0 1 0 -1
ciMethod com/mathworks/peermodel/PeerNode getChild (Ljava/lang/String;)Lcom/mathworks/peermodel/PeerNode; 0 0 1 0 -1
ciMethod com/mathworks/peermodel/PeerNode getChildIndex (Lcom/mathworks/peermodel/PeerNode;)I 0 0 1 0 -1
ciMethod com/mathworks/peermodel/PeerNode getChildren ()Ljava/util/List; 0 0 1 0 -1
ciMethod com/mathworks/peermodel/PeerNode destroy (Ljava/lang/Object;)V 0 0 1 0 -1
ciMethod com/mathworks/peermodel/PeerNode hasParent ()Z 0 0 1 0 -1
ciMethodData java/util/HashMap$EntrySet iterator ()Ljava/util/Iterator; 2 6496 orig 264 104 147 115 119 0 0 0 0 0 26 202 218 113 2 0 0 48 1 0 0 0 0 0 0 0 0 0 0 0 0 0 0 0 0 0 0 0 0 0 0 0 0 0 0 0 0 0 0 0 0 0 0 0 0 0 0 0 0 0 0 0 0 0 0 0 0 0 0 0 0 0 0 0 0 0 0 0 0 0 0 77 68 79 32 101 120 116 114 97 32 100 97 116 97 32 108 111 99 107 0 0 0 0 0 0 0 0 0 0 0 0 0 0 0 0 0 0 0 0 0 0 0 0 0 0 0 0 0 0 0 0 0 0 0 0 0 0 0 0 0 0 0 0 0 0 0 0 0 0 0 0 0 0 0 0 0 0 0 0 0 0 0 0 0 0 0 0 0 0 0 0 0 0 0 0 0 0 0 0 0 0 0 0 0 0 0 0 0 0 0 0 0 0 0 0 0 0 0 0 0 0 0 0 0 0 0 0 0 0 0 0 0 0 0 0 0 0 1 0 0 1 195 0 0 1 0 0 0 0 0 0 0 0 0 0 0 2 0 0 0 0 0 3 0 2 0 0 0 16 0 0 0 255 255 255 255 2 0 8 0 0 0 0 0 data 2 0x80002 0x1860 oops 0
ciMethodData java/util/HashMap entrySet ()Ljava/util/Set; 2 6543 orig 264 104 147 115 119 0 0 0 0 224 179 158 218 113 2 0 0 104 1 0 0 0 0 0 0 0 0 0 0 0 0 0 0 0 0 0 0 0 0 0 0 0 0 0 0 0 0 0 0 0 0 0 0 0 0 0 0 0 0 0 0 0 0 0 0 0 0 0 0 0 0 0 0 0 0 0 0 0 0 0 0 77 68 79 32 101 120 116 114 97 32 100 97 116 97 32 108 111 99 107 0 0 0 0 0 0 0 0 0 0 0 0 0 0 0 0 0 0 0 0 0 0 0 0 0 0 0 0 0 0 0 0 0 0 0 0 0 0 0 0 0 0 0 0 0 0 0 0 0 0 0 0 0 0 0 0 0 0 0 0 0 0 0 0 0 0 0 0 0 0 0 0 0 0 0 0 0 0 0 0 0 0 0 0 0 0 0 0 0 0 0 0 0 0 0 0 0 0 0 0 0 0 0 0 0 0 0 0 0 0 0 0 0 0 0 0 0 0 1 0 0 121 196 0 0 1 0 0 0 0 0 0 0 0 0 0 0 2 0 0 0 0 0 6 0 2 0 0 0 72 0 0 0 255 255 255 255 7 0 6 0 0 0 0 0 data 9 0x60007 0xbb 0x48 0x17d4 0xf0002 0x17d3 0x160003 0x17d3 0x18 oops 0
ciMethodData java/util/HashMap$EntrySet <init> (Ljava/util/HashMap;)V 2 6297 orig 264 104 147 115 119 0 0 0 0 48 24 202 218 113 2 0 0 56 1 0 0 0 0 0 0 0 0 0 0 0 0 0 0 0 0 0 0 0 0 0 0 0 0 0 0 0 0 0 0 0 0 0 0 0 0 0 0 0 0 0 0 0 0 0 0 0 0 0 0 0 0 0 0 0 0 0 0 0 0 0 0 77 68 79 32 101 120 116 114 97 32 100 97 116 97 32 108 111 99 107 0 0 0 0 0 0 0 0 0 0 0 0 0 0 0 0 0 0 0 0 0 0 0 0 0 0 0 0 0 0 0 0 0 0 0 0 0 0 0 0 0 0 0 0 0 0 0 0 0 0 0 0 0 0 0 0 0 0 0 0 0 0 0 0 0 0 0 0 0 0 0 0 0 0 0 0 0 0 0 0 0 0 0 0 0 0 0 0 0 0 0 0 0 0 0 0 0 0 0 0 0 0 0 0 0 0 0 0 0 0 0 0 0 0 0 0 0 198 0 0 0 153 190 0 0 1 0 0 0 0 0 0 0 0 0 0 0 2 0 0 0 0 0 0 0 0 0 0 0 16 0 0 0 255 255 255 255 2 0 6 0 0 0 0 0 data 2 0x60002 0x17d3 oops 0
ciMethod java/util/concurrent/locks/ReentrantLock$FairSync lock ()V 137 1 17 0 0
ciMethod java/util/concurrent/locks/ReentrantLock$FairSync tryAcquire (I)Z 2073 1 5381 0 256
ciMethod com/mathworks/peermodel/impl/ObservableImpl dispatchEvent (Ljava/lang/String;Ljava/lang/Object;Lcom/mathworks/peermodel/PeerNode;Ljava/util/Map;)V 2105 1 12283 0 544
ciMethod com/mathworks/peermodel/impl/ObservableImpl dispatchEvent (Lcom/mathworks/peermodel/events/Event;)V 2209 1 12298 0 -1
ciMethod com/mathworks/peermodel/impl/EventImpl <init> (Ljava/lang/String;Ljava/lang/Object;Lcom/mathworks/peermodel/PeerNode;Ljava/util/Map;)V 2105 1 12289 0 -1
ciMethod com/mathworks/peermodel/impl/PeerNodeImpl <init> (Ljava/lang/String;Ljava/lang/String;Ljava/util/Map;)V 2049 1 1968 0 0
ciMethod com/mathworks/peermodel/impl/PeerNodeImpl setPropertyAndDispatchPropertySetEvent (Ljava/lang/String;Ljava/lang/Object;Ljava/lang/Object;)Ljava/lang/Object; 2081 1 6330 0 -1
ciMethod com/mathworks/peermodel/impl/PeerNodeImpl propertyChanged (Ljava/lang/Object;Ljava/lang/Object;)Z 2113 1 6862 0 -1
ciMethod com/mathworks/peermodel/impl/PeerNodeImpl setProperties (Ljava/util/Map;)V 2049 1 1968 0 0
ciMethod com/mathworks/peermodel/impl/PeerNodeImpl setProperties (Ljava/util/Map;Ljava/lang/Object;)V 1865 16601 4429 0 24960
ciMethod com/mathworks/peermodel/impl/PeerNodeImpl isInvalidValue (Ljava/lang/Object;)Z 2049 1 5474 0 -1
ciMethod com/mathworks/peermodel/impl/PeerNodeImpl dispatchPropertiesSetEvent (Lcom/mathworks/peermodel/PeerNode;Ljava/lang/Object;Ljava/util/Map;)V 1841 1 2461 0 -1
ciMethodData java/util/concurrent/locks/AbstractQueuedSynchronizer compareAndSetWaitStatus (Ljava/util/concurrent/locks/AbstractQueuedSynchronizer$Node;II)Z 2 23662 orig 264 104 147 115 119 0 0 0 0 120 198 206 218 113 2 0 0 136 1 0 0 0 0 0 0 0 0 0 0 0 0 0 0 0 0 0 0 0 0 0 0 0 0 0 0 0 0 0 0 0 0 0 0 0 0 0 0 0 0 0 0 0 0 0 0 0 0 0 0 0 0 0 0 0 0 0 0 0 0 0 0 77 68 79 32 101 120 116 114 97 32 100 97 116 97 32 108 111 99 107 0 0 0 0 0 0 0 0 0 0 0 0 0 0 0 0 0 0 0 0 0 0 0 0 0 0 0 0 0 0 0 0 0 0 0 0 0 0 0 0 0 0 0 0 0 0 0 0 0 0 0 0 0 0 0 0 0 0 0 0 0 0 0 0 0 0 0 0 0 0 0 0 0 0 0 0 0 0 0 0 0 0 0 0 0 17 0 0 0 0 0 0 0 0 0 0 0 0 0 0 0 0 0 0 0 0 0 0 0 0 0 0 0 0 0 0 0 0 1 0 0 113 219 2 0 1 0 0 0 0 0 0 0 0 0 0 0 2 0 0 0 0 0 3 0 1 0 0 0 48 0 0 0 255 255 255 255 5 0 9 0 0 0 0 0 data 6 0x90005 0x0 0x0 0x0 0x0 0x0 oops 0
ciMethodData java/util/concurrent/ConcurrentHashMap <init> ()V 2 11680 orig 264 104 147 115 119 0 0 0 0 32 25 170 218 113 2 0 0 48 1 0 0 0 0 0 0 0 0 0 0 0 0 0 0 0 0 0 0 0 0 0 0 0 0 0 0 0 0 0 0 0 0 0 0 0 0 0 0 0 0 0 0 0 0 0 0 0 0 0 0 0 0 0 0 0 0 0 0 0 0 0 0 77 68 79 32 101 120 116 114 97 32 100 97 116 97 32 108 111 99 107 0 0 0 0 0 0 0 0 0 0 0 0 0 0 0 0 0 0 0 0 0 0 0 0 0 0 0 0 0 0 0 0 0 0 0 0 0 0 0 0 0 0 0 0 0 0 0 0 0 0 0 0 0 0 0 0 0 0 0 0 0 0 0 0 0 0 0 0 0 0 0 0 0 0 0 0 0 0 0 0 0 0 0 0 0 0 0 0 0 0 0 0 0 0 0 0 0 0 0 0 0 0 0 0 0 0 0 0 0 0 0 0 0 0 0 0 0 115 0 0 0 105 105 1 0 1 0 0 0 0 0 0 0 0 0 0 0 2 0 0 0 0 0 3 0 2 0 0 0 16 0 0 0 255 255 255 255 2 0 1 0 0 0 0 0 data 2 0x10002 0x2d2d oops 0
ciMethodData java/util/ArrayList <init> (Ljava/util/Collection;)V 2 5380 orig 264 104 147 115 119 0 0 0 0 192 13 157 218 113 2 0 0 40 2 0 0 0 0 0 0 0 0 0 0 0 0 0 0 0 0 0 0 0 0 0 0 0 0 0 0 0 0 0 0 0 0 0 0 0 0 0 0 0 0 0 0 0 0 0 0 0 0 0 0 0 0 0 0 0 0 0 0 0 0 0 0 77 68 79 32 101 120 116 114 97 32 100 97 116 97 32 108 111 99 107 0 0 0 0 0 0 0 0 0 0 0 0 0 0 0 0 0 0 0 0 0 0 0 0 0 0 0 0 0 0 0 0 0 0 0 0 0 0 0 0 0 0 0 0 0 0 0 0 0 0 0 0 0 0 0 0 0 0 0 0 0 0 0 0 0 0 0 0 0 0 0 0 0 0 0 0 0 0 0 0 0 0 0 0 0 0 0 0 0 0 0 0 0 0 0 0 0 0 0 0 0 0 0 0 0 0 0 0 0 0 0 0 0 0 0 0 0 0 1 0 0 33 160 0 0 1 0 0 0 0 0 0 0 0 0 0 0 2 0 0 0 0 0 8 0 2 0 0 0 216 0 0 0 255 255 255 255 2 0 1 0 0 0 0 0 data 27 0x10002 0x1404 0x60005 0x10b7 0x271e2819ae0 0x1d5 0x271e2819b90 0x178 0x180007 0x1f2 0x98 0x1212 0x1f0005 0x74 0x271e2819c40 0x15e 0x271e0ce1720 0x1040 0x240007 0x1040 0x48 0x1d2 0x320002 0x1d2 0x380003 0x1d2 0x18 oops 4 4 java/util/Arrays$ArrayList 6 java/util/LinkedList 14 [Ljavax/swing/Icon; 16 [Ljava/lang/Object;
ciMethodData java/util/concurrent/locks/ReentrantReadWriteLock$Sync exclusiveCount (I)I 2 20915 orig 264 104 147 115 119 0 0 0 0 40 195 250 218 113 2 0 0 32 1 0 0 0 0 0 0 0 0 0 0 0 0 0 0 0 0 0 0 0 0 0 0 0 0 0 0 0 0 0 0 0 0 0 0 0 0 0 0 0 0 0 0 0 0 0 0 0 0 0 0 0 0 0 0 0 0 0 0 0 0 0 0 77 68 79 32 101 120 116 114 97 32 100 97 116 97 32 108 111 99 107 0 0 0 0 0 0 0 0 0 0 0 0 0 0 0 0 0 0 0 0 0 0 0 0 0 0 0 0 0 0 0 0 0 0 0 0 0 0 0 0 0 0 0 0 0 0 0 0 0 0 0 0 0 0 0 0 0 0 0 0 0 0 0 0 0 0 0 0 0 0 0 0 0 0 0 0 0 0 0 0 0 0 0 0 0 0 0 0 0 0 0 0 0 0 0 0 0 0 0 0 0 0 0 0 0 0 0 0 0 0 0 0 0 0 0 0 0 0 1 0 0 153 133 2 0 1 0 0 0 0 0 0 0 0 0 0 0 2 0 0 0 0 0 3 0 1 0 0 0 0 0 0 0 255 255 255 255 0 0 0 0 0 0 0 0 data 0 oops 0
ciMethodData java/util/concurrent/TimeUnit$3 toNanos (J)J 2 10448 orig 264 104 147 115 119 0 0 0 0 112 153 188 218 113 2 0 0 104 1 0 0 0 0 0 0 0 0 0 0 0 0 0 0 0 0 0 0 0 0 0 0 0 0 0 0 0 0 0 0 0 0 0 0 0 0 0 0 0 0 0 0 0 0 0 0 0 0 0 0 0 0 0 0 0 0 0 0 0 0 0 0 77 68 79 32 101 120 116 114 97 32 100 97 116 97 32 108 111 99 107 0 0 0 0 0 0 0 0 0 0 0 0 0 0 0 0 0 0 0 0 0 0 0 0 0 0 0 0 0 0 0 0 0 0 0 0 0 0 0 0 0 0 0 0 0 0 0 0 0 0 0 0 0 0 0 0 0 0 0 0 0 0 0 0 0 0 0 0 0 0 0 0 0 0 0 0 0 0 0 0 0 0 0 0 0 0 0 0 0 0 0 0 0 0 0 0 0 0 0 0 0 0 0 0 0 0 0 0 0 0 0 0 0 0 0 0 0 1 1 0 0 121 62 1 0 1 0 0 0 0 0 0 0 0 0 0 0 2 0 0 0 0 0 8 0 2 0 0 0 16 0 0 0 255 255 255 255 2 0 7 0 0 0 0 0 data 2 0x70002 0x27cf oops 0
ciMethodData java/util/concurrent/TimeUnit x (JJJ)J 2 10506 orig 264 104 147 115 119 0 0 0 0 184 118 188 218 113 2 0 0 136 1 0 0 0 0 0 0 0 0 0 0 0 0 0 0 0 0 0 0 0 0 0 0 0 0 0 0 0 0 0 0 0 0 0 0 0 0 0 0 0 0 0 0 0 0 0 0 0 0 0 0 0 0 0 0 0 0 0 0 0 0 0 0 77 68 79 32 101 120 116 114 97 32 100 97 116 97 32 108 111 99 107 0 0 0 0 0 0 0 0 0 0 0 0 0 0 0 0 0 0 0 0 0 0 0 0 0 0 0 0 0 0 0 0 0 0 0 0 0 0 0 0 0 0 0 0 0 0 0 0 0 0 0 0 0 0 0 0 0 0 0 0 0 0 0 0 0 0 0 0 0 0 0 0 0 0 0 0 0 0 0 0 0 0 0 0 0 0 0 0 0 0 0 0 0 0 0 0 0 0 0 0 0 0 0 0 0 0 0 0 0 0 0 0 0 0 0 0 0 9 1 0 0 9 64 1 0 1 0 0 0 0 0 0 0 0 0 0 0 2 0 0 0 0 0 0 0 0 0 0 0 64 0 0 0 255 255 255 255 7 0 4 0 0 0 0 0 data 8 0x40007 0x27fd 0x20 0x4 0x100007 0x27fd 0x20 0x0 oops 0
ciMethodData java/util/concurrent/locks/ReentrantLock$Sync <init> ()V 2 6652 orig 264 104 147 115 119 0 0 0 0 64 132 206 218 113 2 0 0 48 1 0 0 0 0 0 0 0 0 0 0 0 0 0 0 0 0 0 0 0 0 0 0 0 0 0 0 0 0 0 0 0 0 0 0 0 0 0 0 0 0 0 0 0 0 0 0 0 0 0 0 0 0 0 0 0 0 0 0 0 0 0 0 77 68 79 32 101 120 116 114 97 32 100 97 116 97 32 108 111 99 107 0 0 0 0 0 0 0 0 0 0 0 0 0 0 0 0 0 0 0 0 0 0 0 0 0 0 0 0 0 0 0 0 0 0 0 0 0 0 0 0 0 0 0 0 0 0 0 0 0 0 0 0 0 0 0 0 0 0 0 0 0 0 0 0 0 0 0 0 0 0 0 0 0 0 0 0 0 0 0 0 0 0 0 0 0 0 0 0 0 0 0 0 0 0 0 0 0 0 0 0 0 0 0 0 0 0 0 0 0 0 0 0 0 0 0 0 0 1 1 0 0 217 199 0 0 1 0 0 0 0 0 0 0 0 0 0 0 2 0 0 0 0 0 3 0 2 0 0 0 16 0 0 0 255 255 255 255 2 0 1 0 0 0 0 0 data 2 0x10002 0x18fb oops 0
ciMethodData java/util/concurrent/locks/AbstractQueuedSynchronizer <init> ()V 2 17182 orig 264 104 147 115 119 0 0 0 0 16 155 206 218 113 2 0 0 48 1 0 0 0 0 0 0 0 0 0 0 0 0 0 0 0 0 0 0 0 0 0 0 0 0 0 0 0 0 0 0 0 0 0 0 0 0 0 0 0 0 0 0 0 0 0 0 0 0 0 0 0 0 0 0 0 0 0 0 0 0 0 0 77 68 79 32 101 120 116 114 97 32 100 97 116 97 32 108 111 99 107 0 0 0 0 0 0 0 0 0 0 0 0 0 0 0 0 0 0 0 0 0 0 0 0 0 0 0 0 0 0 0 0 0 0 0 0 0 0 0 0 0 0 0 0 0 0 0 0 0 0 0 0 0 0 0 0 0 0 0 0 0 0 0 0 0 0 0 0 0 0 0 0 0 0 0 0 0 0 0 0 0 0 0 0 0 0 0 0 0 0 0 0 0 0 0 0 0 0 0 0 0 0 0 0 0 0 0 0 0 0 0 0 0 0 0 0 0 64 1 0 0 241 14 2 0 1 0 0 0 0 0 0 0 0 0 0 0 2 0 0 0 0 0 3 0 2 0 0 0 16 0 0 0 255 255 255 255 2 0 1 0 0 0 0 0 data 2 0x10002 0x41de oops 0
ciMethodData java/util/concurrent/locks/AbstractOwnableSynchronizer <init> ()V 2 17430 orig 264 104 147 115 119 0 0 0 0 144 202 206 218 113 2 0 0 48 1 0 0 0 0 0 0 0 0 0 0 0 0 0 0 0 0 0 0 0 0 0 0 0 0 0 0 0 0 0 0 0 0 0 0 0 0 0 0 0 0 0 0 0 0 0 0 0 0 0 0 0 0 0 0 0 0 0 0 0 0 0 0 77 68 79 32 101 120 116 114 97 32 100 97 116 97 32 108 111 99 107 0 0 0 0 0 0 0 0 0 0 0 0 0 0 0 0 0 0 0 0 0 0 0 0 0 0 0 0 0 0 0 0 0 0 0 0 0 0 0 0 0 0 0 0 0 0 0 0 0 0 0 0 0 0 0 0 0 0 0 0 0 0 0 0 0 0 0 0 0 0 0 0 0 0 0 0 0 0 0 0 0 0 0 0 0 0 0 0 0 0 0 0 0 0 0 0 0 0 0 0 0 0 0 0 0 0 0 0 0 0 0 0 0 0 0 0 0 64 1 0 0 177 22 2 0 1 0 0 0 0 0 0 0 0 0 0 0 2 0 0 0 0 0 3 0 2 0 0 0 16 0 0 0 255 255 255 255 2 0 1 0 0 0 0 0 data 2 0x10002 0x42d6 oops 0
ciMethodData java/util/concurrent/locks/ReentrantLock <init> ()V 2 6618 orig 264 104 147 115 119 0 0 0 0 152 165 170 218 113 2 0 0 64 1 0 0 0 0 0 0 0 0 0 0 0 0 0 0 0 0 0 0 0 0 0 0 0 0 0 0 0 0 0 0 0 0 0 0 0 0 0 0 0 0 0 0 0 0 0 0 0 0 0 0 0 0 0 0 0 0 0 0 0 0 0 0 77 68 79 32 101 120 116 114 97 32 100 97 116 97 32 108 111 99 107 0 0 0 0 0 0 0 0 0 0 0 0 0 0 0 0 0 0 0 0 0 0 0 0 0 0 0 0 0 0 0 0 0 0 0 0 0 0 0 0 0 0 0 0 0 0 0 0 0 0 0 0 0 0 0 0 0 0 0 0 0 0 0 0 0 0 0 0 0 0 0 0 0 0 0 0 0 0 0 0 0 0 0 0 0 0 0 0 0 0 0 0 0 0 0 0 0 0 0 0 0 0 0 0 0 0 0 0 0 0 0 0 0 0 0 0 0 4 1 0 0 177 198 0 0 1 0 0 0 0 0 0 0 0 0 0 0 2 0 0 0 0 0 3 0 2 0 0 0 32 0 0 0 255 255 255 255 2 0 1 0 0 0 0 0 data 4 0x10002 0x18d6 0x90002 0x18d6 oops 0
ciMethodData java/util/concurrent/locks/ReentrantLock$NonfairSync <init> ()V 2 6618 orig 264 104 147 115 119 0 0 0 0 72 126 206 218 113 2 0 0 48 1 0 0 0 0 0 0 0 0 0 0 0 0 0 0 0 0 0 0 0 0 0 0 0 0 0 0 0 0 0 0 0 0 0 0 0 0 0 0 0 0 0 0 0 0 0 0 0 0 0 0 0 0 0 0 0 0 0 0 0 0 0 0 77 68 79 32 101 120 116 114 97 32 100 97 116 97 32 108 111 99 107 0 0 0 0 0 0 0 0 0 0 0 0 0 0 0 0 0 0 0 0 0 0 0 0 0 0 0 0 0 0 0 0 0 0 0 0 0 0 0 0 0 0 0 0 0 0 0 0 0 0 0 0 0 0 0 0 0 0 0 0 0 0 0 0 0 0 0 0 0 0 0 0 0 0 0 0 0 0 0 0 0 0 0 0 0 0 0 0 0 0 0 0 0 0 0 0 0 0 0 0 0 0 0 0 0 0 0 0 0 0 0 0 0 0 0 0 0 4 1 0 0 177 198 0 0 1 0 0 0 0 0 0 0 0 0 0 0 2 0 0 0 0 0 3 0 2 0 0 0 16 0 0 0 255 255 255 255 2 0 1 0 0 0 0 0 data 2 0x10002 0x18d6 oops 0
ciMethodData java/util/concurrent/locks/ReentrantReadWriteLock$Sync tryAcquire (I)Z 2 5409 orig 264 104 147 115 119 0 0 0 0 168 198 250 218 113 2 0 0 112 3 0 0 208 1 0 0 0 0 0 0 0 0 0 0 0 0 0 0 0 0 0 0 0 0 0 0 0 0 0 0 0 0 0 0 0 0 0 0 0 0 0 0 0 0 0 0 0 0 0 0 0 0 0 0 0 0 0 0 0 0 0 0 77 68 79 32 101 120 116 114 97 32 100 97 116 97 32 108 111 99 107 0 0 0 0 0 0 0 0 0 0 0 0 0 0 0 0 0 0 0 0 0 0 0 0 0 0 0 0 0 0 0 0 0 0 0 0 0 0 0 0 0 0 0 0 0 0 0 0 0 0 0 0 0 0 0 0 0 0 0 0 0 0 0 0 0 0 0 0 0 0 0 0 0 0 0 0 0 0 0 0 0 0 0 0 0 0 0 0 0 0 0 0 0 0 0 0 0 0 0 0 0 0 0 0 0 0 0 0 0 0 0 0 0 0 0 0 0 28 1 0 0 41 160 0 0 1 0 0 0 0 0 0 0 0 0 0 0 2 0 0 0 0 0 17 0 2 0 0 0 32 2 0 0 255 255 255 255 2 0 0 0 0 0 0 0 data 68 0x2 0x1405 0x50005 0xa 0x271e04b2910 0x13fb 0x0 0x0 0xa0002 0x1405 0x100007 0x13c3 0x100 0x42 0x150007 0x14 0x70 0x2e 0x1a0005 0x0 0x271e04b2910 0x2e 0x0 0x0 0x1d0007 0x2c 0x20 0x2 0x250002 0x2c 0x2b0007 0x2c 0x30 0x0 0x340002 0x0 0x3c0005 0x0 0x271e04b2910 0x2c 0x0 0x0 0x420005 0x0 0x271e04b2910 0x13c3 0x0 0x0 0x450007 0x0 0x70 0x13c3 0x4d0005 0xa 0x271e04b2910 0x13b9 0x0 0x0 0x500007 0x13c2 0x20 0x1 0x570005 0xa 0x271e04b2910 0x13b8 0x0 0x0 oops 6 4 java/util/concurrent/locks/ReentrantReadWriteLock$NonfairSync 20 java/util/concurrent/locks/ReentrantReadWriteLock$NonfairSync 38 java/util/concurrent/locks/ReentrantReadWriteLock$NonfairSync 44 java/util/concurrent/locks/ReentrantReadWriteLock$NonfairSync 54 java/util/concurrent/locks/ReentrantReadWriteLock$NonfairSync 64 java/util/concurrent/locks/ReentrantReadWriteLock$NonfairSync
ciMethodData java/util/concurrent/locks/ReentrantReadWriteLock$WriteLock unlock ()V 2 9384 orig 264 104 147 115 119 0 0 0 0 40 241 250 218 113 2 0 0 120 1 0 0 0 0 0 0 0 0 0 0 0 0 0 0 0 0 0 0 0 0 0 0 0 0 0 0 0 0 0 0 0 0 0 0 0 0 0 0 0 0 0 0 0 0 0 0 0 0 0 0 0 0 0 0 0 0 0 0 0 0 0 0 77 68 79 32 101 120 116 114 97 32 100 97 116 97 32 108 111 99 107 0 0 0 0 0 0 0 0 0 0 0 0 0 0 0 0 0 0 0 0 0 0 0 0 0 0 0 0 0 0 0 0 0 0 0 0 0 0 0 0 0 0 0 0 0 0 0 0 0 0 0 0 0 0 0 0 0 0 0 0 0 0 0 0 0 0 0 0 0 0 0 0 0 0 0 0 0 0 0 0 0 0 0 0 0 0 0 0 0 0 0 0 0 0 0 0 0 0 0 0 0 0 0 0 0 0 0 0 0 0 0 0 0 0 0 0 0 0 2 0 0 65 21 1 0 1 0 0 0 0 0 0 0 0 0 0 0 2 0 0 0 0 0 11 0 2 0 0 0 48 0 0 0 255 255 255 255 5 0 5 0 0 0 0 0 data 6 0x50005 0x0 0x271e04b2910 0x22a8 0x0 0x0 oops 1 2 java/util/concurrent/locks/ReentrantReadWriteLock$NonfairSync
ciMethodData java/util/concurrent/locks/ReentrantReadWriteLock$Sync tryRelease (I)Z 2 5999 orig 264 104 147 115 119 0 0 0 0 176 197 250 218 113 2 0 0 168 2 0 0 248 0 0 0 0 0 0 0 0 0 0 0 0 0 0 0 0 0 0 0 0 0 0 0 0 0 0 0 0 0 0 0 0 0 0 0 0 0 0 0 0 0 0 0 0 0 0 0 0 0 0 0 0 0 0 0 0 0 0 0 77 68 79 32 101 120 116 114 97 32 100 97 116 97 32 108 111 99 107 0 0 0 0 0 0 0 0 0 0 0 0 0 0 0 0 0 0 0 0 0 0 0 0 0 0 0 0 0 0 0 0 0 0 0 0 0 0 0 0 0 0 0 0 0 0 0 0 0 0 0 0 0 0 0 0 0 0 0 0 0 0 0 0 0 0 0 0 0 0 0 0 0 0 0 0 0 0 0 0 0 0 0 0 0 0 0 0 0 0 0 0 0 0 0 0 0 0 0 0 0 0 0 0 0 0 0 0 0 0 0 0 0 0 0 0 0 0 2 0 0 121 171 0 0 1 0 0 0 0 0 0 0 0 0 0 0 2 0 0 0 0 0 15 0 2 0 0 0 88 1 0 0 255 255 255 255 5 0 1 0 0 0 0 0 data 43 0x10005 0x0 0x271e04b2910 0x156f 0x0 0x0 0x40007 0x156f 0x30 0x0 0xb0002 0x0 0x100005 0x0 0x271e04b2910 0x156f 0x0 0x0 0x170002 0x156f 0x1a0007 0x10 0x38 0x155f 0x1e0003 0x155f 0x18 0x240007 0x10 0x50 0x155f 0x290005 0x0 0x271e04b2910 0x155f 0x0 0x0 0x2e0005 0x0 0x271e04b2910 0x156f 0x0 0x0 oops 4 2 java/util/concurrent/locks/ReentrantReadWriteLock$NonfairSync 14 java/util/concurrent/locks/ReentrantReadWriteLock$NonfairSync 33 java/util/concurrent/locks/ReentrantReadWriteLock$NonfairSync 39 java/util/concurrent/locks/ReentrantReadWriteLock$NonfairSync
ciMethodData java/util/concurrent/locks/ReentrantReadWriteLock$Sync isHeldExclusively ()Z 2 5999 orig 264 104 147 115 119 0 0 0 0 72 206 250 218 113 2 0 0 192 1 0 0 0 0 0 0 0 0 0 0 0 0 0 0 0 0 0 0 0 0 0 0 0 0 0 0 0 0 0 0 0 0 0 0 0 0 0 0 0 0 0 0 0 0 0 0 0 0 0 0 0 0 0 0 0 0 0 0 0 0 0 0 77 68 79 32 101 120 116 114 97 32 100 97 116 97 32 108 111 99 107 0 0 0 0 0 0 0 0 0 0 0 0 0 0 0 0 0 0 0 0 0 0 0 0 0 0 0 0 0 0 0 0 0 0 0 0 0 0 0 0 0 0 0 0 0 0 0 0 0 0 0 0 0 0 0 0 0 0 0 0 0 0 0 0 0 0 0 0 0 0 0 0 0 0 0 0 0 0 0 0 0 0 0 0 0 0 0 0 0 0 0 0 0 0 0 0 0 0 0 0 0 0 0 0 0 0 0 0 0 0 0 0 0 0 0 0 0 0 2 0 0 121 171 0 0 1 0 0 0 0 0 0 0 0 0 0 0 2 0 0 0 0 0 6 0 2 0 0 0 120 0 0 0 255 255 255 255 5 0 1 0 0 0 0 0 data 15 0x10005 0x0 0x271e04b2910 0x156f 0x0 0x0 0x40002 0x156f 0x70007 0x0 0x38 0x156f 0xb0003 0x156f 0x18 oops 1 2 java/util/concurrent/locks/ReentrantReadWriteLock$NonfairSync
ciMethod com/mathworks/peermodel/PeerNodeSyncable addChild (Ljava/lang/String;Ljava/lang/String;Ljava/util/Map;ILjava/lang/Object;)Lcom/mathworks/peermodel/PeerNodeSyncable; 0 0 1 0 -1
ciMethod com/mathworks/peermodel/PeerNodeSyncable mergeVersionVectors (Ljava/lang/String;Ljava/util/Map;)V 0 0 1 0 -1
ciMethod com/mathworks/peermodel/impl/PeerNodeImpl addChild (Ljava/lang/String;Ljava/lang/String;Ljava/util/Map;ILjava/lang/Object;)Lcom/mathworks/peermodel/PeerNodeSyncable; 3353 1 1956 0 0
ciMethod com/mathworks/peermodel/impl/PeerNodeImpl addChild (Lcom/mathworks/peermodel/PeerNode;ILjava/lang/Object;)V 3377 1 1956 0 0
ciMethod com/mathworks/peermodel/impl/PeerNodeImpl addChildNoEvent (Lcom/mathworks/peermodel/impl/PeerNodeImpl;I)V 3585 1 1956 0 0
ciMethod com/mathworks/peermodel/impl/PeerNodeImpl dispatchChildAddedEvent (Lcom/mathworks/peermodel/PeerNode;Lcom/mathworks/peermodel/PeerNode;ILjava/lang/Object;)V 3585 1 1956 0 0
ciMethod com/mathworks/peermodel/impl/PeerNodeImpl hasChild (Lcom/mathworks/peermodel/PeerNode;)Z 3769 1 1956 0 0
ciMethod com/mathworks/peermodel/impl/PeerNodeImpl hasChild (Ljava/lang/String;)Z 1321 106929 1542 0 3968
ciMethod com/mathworks/peermodel/impl/PeerNodeImpl getChildren ()Ljava/util/List; 3073 1 11808 0 0
ciMethod com/mathworks/peermodel/impl/PeerNodeImpl setParent (Lcom/mathworks/peermodel/impl/PeerNodeImpl;)V 3785 1 1956 0 0
ciMethod com/mathworks/peermodel/impl/PeerNodeImpl mergeVersionVectors (Ljava/lang/String;Ljava/util/Map;)V 2049 1 2303 0 0
ciMethod com/mathworks/peermodel/impl/PeerNodeImpl getOrCreateVersionVector (Ljava/lang/String;)Ljava/util/Map; 0 0 18 0 -1
ciMethod com/mathworks/peermodel/impl/PeerNodeImpl lockWrites ()V 2049 2049 3912 0 0
ciMethod com/mathworks/peermodel/impl/PeerNodeImpl unlockWrites ()V 3073 1 3912 0 0
ciMethod com/mathworks/peermodel/impl/PeerNodeImpl lockReads ()V 2153 2153 53304 0 1120
ciMethod com/mathworks/peermodel/impl/PeerNodeImpl unlockReads ()V 2337 1 53079 0 800
ciMethodData com/mathworks/peermodel/impl/PeerNodeImpl lockReads ()V 2 53305 orig 264 104 147 115 119 0 0 0 0 168 118 33 235 113 2 0 0 200 1 0 0 80 0 0 0 0 0 0 0 0 0 0 0 0 0 0 0 0 0 0 0 0 0 0 0 0 0 0 0 0 0 0 0 0 0 0 0 0 0 0 0 0 0 0 0 0 0 0 0 0 0 0 0 0 0 0 0 0 0 0 0 77 68 79 32 101 120 116 114 97 32 100 97 116 97 32 108 111 99 107 0 0 0 0 0 0 0 0 0 0 0 0 0 0 0 0 0 0 0 0 0 0 0 0 0 0 0 0 0 0 0 0 0 0 0 0 0 0 0 0 0 0 0 0 0 0 0 0 0 0 0 0 0 0 0 0 0 0 0 0 0 0 0 0 0 0 0 0 0 0 0 0 0 0 0 0 0 0 0 0 0 0 0 0 0 17 0 0 0 0 0 0 0 0 0 0 0 0 0 0 0 0 0 0 0 0 0 0 0 0 0 0 0 0 0 0 0 13 1 0 0 89 121 6 0 97 121 6 0 0 0 0 0 0 0 0 0 2 0 0 0 1 0 8 0 2 0 0 0 128 0 0 0 255 255 255 255 7 0 3 0 0 0 0 0 data 16 0x30007 0xcf2b 0x80 0xcf2b 0x100005 0x0 0x271e04b0170 0xcf2b 0x0 0x0 0x160003 0xcf2b 0xffffffffffffffb0 0x1a0003 0x0 0xffffffffffffff98 oops 1 6 java/util/concurrent/locks/ReentrantReadWriteLock$ReadLock
ciMethodData com/mathworks/peermodel/impl/PeerNodeImpl unlockReads ()V 2 53079 orig 264 104 147 115 119 0 0 0 0 104 119 33 235 113 2 0 0 120 1 0 0 0 0 0 0 0 0 0 0 0 0 0 0 0 0 0 0 0 0 0 0 0 0 0 0 0 0 0 0 0 0 0 0 0 0 0 0 0 0 0 0 0 0 0 0 0 0 0 0 0 0 0 0 0 0 0 0 0 0 0 0 77 68 79 32 101 120 116 114 97 32 100 97 116 97 32 108 111 99 107 0 0 0 0 0 0 0 0 0 0 0 0 0 0 0 0 0 0 0 0 0 0 0 0 0 0 0 0 0 0 0 0 0 0 0 0 0 0 0 0 0 0 0 0 0 0 0 0 0 0 0 0 0 0 0 0 0 0 0 0 0 0 0 0 0 0 0 0 0 0 0 0 0 0 0 0 0 0 0 0 0 0 0 0 0 17 0 0 0 0 0 0 0 0 0 0 0 0 0 0 0 1 0 0 0 0 0 0 0 0 0 0 0 0 0 0 0 36 1 0 0 153 113 6 0 1 0 0 0 0 0 0 0 0 0 0 0 2 0 0 0 0 0 3 0 2 0 0 0 48 0 0 0 255 255 255 255 5 0 4 0 0 0 0 0 data 6 0x40005 0x0 0x271e04b0170 0xce33 0x0 0x0 oops 1 2 java/util/concurrent/locks/ReentrantReadWriteLock$ReadLock
ciMethodData com/mathworks/peermodel/impl/ObservableImpl dispatchEvent (Ljava/lang/String;Ljava/lang/Object;Lcom/mathworks/peermodel/PeerNode;Ljava/util/Map;)V 2 12283 orig 264 104 147 115 119 0 0 0 0 232 5 226 225 113 2 0 0 168 1 0 0 0 0 0 0 0 0 0 0 0 0 0 0 0 0 0 0 0 0 0 0 0 0 0 0 0 0 0 0 0 0 0 0 0 0 0 0 0 0 0 0 0 0 0 0 0 0 0 0 0 0 0 0 0 0 0 0 0 0 0 0 77 68 79 32 101 120 116 114 97 32 100 97 116 97 32 108 111 99 107 0 0 0 0 0 0 0 0 0 0 0 0 0 0 0 0 0 0 0 0 0 0 0 0 0 0 0 0 0 0 0 0 0 0 0 0 0 0 0 0 0 0 0 0 0 0 0 0 0 0 0 0 0 0 0 0 0 0 0 0 0 0 0 0 0 0 0 0 0 0 0 0 0 0 0 0 0 0 0 0 0 0 0 0 0 25 0 0 0 0 0 0 0 0 0 0 0 0 0 0 0 0 0 0 0 0 0 0 0 0 0 0 0 0 0 0 0 7 1 0 0 161 119 1 0 1 0 0 0 0 0 0 0 0 0 0 0 2 0 0 0 0 0 13 0 2 0 0 0 64 0 0 0 255 255 255 255 2 0 10 0 0 0 0 0 data 8 0xa0002 0x2ef4 0xd0005 0x0 0x271e768e5a0 0x2ef4 0x0 0x0 oops 1 4 com/mathworks/peermodel/impl/ObservableImpl
ciMethodData com/mathworks/peermodel/impl/PeerNodeImpl lockWrites ()V 2 3912 orig 264 104 147 115 119 0 0 0 0 16 117 33 235 113 2 0 0 200 1 0 0 0 0 0 0 0 0 0 0 0 0 0 0 0 0 0 0 0 0 0 0 0 0 0 0 0 0 0 0 0 0 0 0 0 0 0 0 0 0 0 0 0 0 0 0 0 0 0 0 0 0 0 0 0 0 0 0 0 0 0 0 77 68 79 32 101 120 116 114 97 32 100 97 116 97 32 108 111 99 107 0 0 0 0 0 0 0 0 0 0 0 0 0 0 0 0 0 0 0 0 0 0 0 0 0 0 0 0 0 0 0 0 0 0 0 0 0 0 0 0 0 0 0 0 0 0 0 0 0 0 0 0 0 0 0 0 0 0 0 0 0 0 0 0 0 0 0 0 0 0 0 0 0 0 0 0 0 0 0 0 0 0 0 0 0 0 0 0 0 0 0 0 0 0 0 0 0 0 0 0 0 0 0 0 0 0 0 0 0 0 0 0 0 0 0 0 0 0 1 0 0 65 114 0 0 65 114 0 0 0 0 0 0 0 0 0 0 2 0 0 0 1 0 8 0 2 0 0 0 128 0 0 0 255 255 255 255 7 0 3 0 0 0 0 0 data 16 0x30007 0xe48 0x80 0xe48 0x100005 0x0 0x271e768e3c0 0xe48 0x0 0x0 0x160003 0xe48 0xffffffffffffffb0 0x1a0003 0x0 0xffffffffffffff98 oops 1 6 java/util/concurrent/locks/ReentrantReadWriteLock$WriteLock
ciMethodData com/mathworks/peermodel/impl/PeerModelManagerImpl getChildrenData (Ljava/util/Map;)[Ljava/lang/Object; 2 5895 orig 264 104 147 115 119 0 0 0 0 8 223 27 225 113 2 0 0 88 3 0 0 96 1 0 0 0 0 0 0 0 0 0 0 0 0 0 0 0 0 0 0 0 0 0 0 0 0 0 0 0 0 0 0 0 0 0 0 0 0 0 0 0 0 0 0 0 0 0 0 0 0 0 0 0 0 0 0 0 0 0 0 77 68 79 32 101 120 116 114 97 32 100 97 116 97 32 108 111 99 107 0 0 0 0 0 0 0 0 0 0 0 0 0 0 0 0 0 0 0 0 0 0 0 0 0 0 0 0 0 0 0 0 0 0 0 0 0 0 0 0 0 0 0 0 0 0 0 0 0 0 0 0 0 0 0 0 0 0 0 0 0 0 0 0 0 0 0 0 0 0 0 0 0 0 0 0 0 0 0 0 0 0 0 0 0 17 0 0 0 0 0 0 0 1 0 0 0 0 0 0 0 1 0 0 0 0 0 0 0 0 0 0 0 0 0 0 0 0 1 0 0 57 176 0 0 1 0 0 0 0 0 0 0 0 0 0 0 2 0 0 0 0 0 8 0 2 0 0 0 8 2 0 0 255 255 255 255 5 0 5 0 0 0 0 0 data 65 0x50005 0x0 0x271dda09bd0 0x1607 0x0 0x0 0xa0007 0x204 0x1d8 0x1403 0x100005 0x0 0x271dda09bd0 0x1403 0x0 0x0 0x150004 0xffffffffffffebfd 0x0 0x0 0x0 0x0 0x180007 0x1403 0xc8 0x0 0x1e0005 0x0 0x0 0x0 0x0 0x0 0x230004 0x0 0x0 0x0 0x0 0x0 0x260005 0x0 0x0 0x0 0x0 0x0 0x2c0003 0x0 0xa8 0x320005 0x0 0x271dda09bd0 0x1403 0x0 0x0 0x370004 0x0 0x271e201f610 0x2a7 0x271e0ce1720 0x115c 0x3a0004 0x0 0x0 0x0 0x0 0x0 oops 5 2 java/util/HashMap 12 java/util/HashMap 49 java/util/HashMap 55 [Ljava/util/HashMap; 57 [Ljava/lang/Object;
ciMethodData com/mathworks/peermodel/impl/PeerNodeImpl getChildren ()Ljava/util/List; 2 11808 orig 264 104 147 115 119 0 0 0 0 64 60 33 235 113 2 0 0 248 1 0 0 0 0 0 0 0 0 0 0 0 0 0 0 0 0 0 0 0 0 0 0 0 0 0 0 0 0 0 0 0 0 0 0 0 0 0 0 0 0 0 0 0 0 0 0 0 0 0 0 0 0 0 0 0 0 0 0 0 0 0 0 77 68 79 32 101 120 116 114 97 32 100 97 116 97 32 108 111 99 107 0 0 0 0 0 0 0 0 0 0 0 0 0 0 0 0 0 0 0 0 0 0 0 0 0 0 0 0 0 0 0 0 0 0 0 0 0 0 0 0 0 0 0 0 0 0 0 0 0 0 0 0 0 0 0 0 0 0 0 0 0 0 0 0 0 0 0 0 0 0 0 0 0 0 0 0 0 0 0 0 0 0 0 0 0 0 0 0 0 0 0 0 0 0 0 0 0 0 0 0 0 0 0 0 0 0 0 0 0 0 0 0 0 0 0 0 0 128 1 0 0 1 101 1 0 1 0 0 0 0 0 0 0 0 0 0 0 2 0 0 0 1 0 18 0 2 0 0 0 176 0 0 0 255 255 255 255 5 0 1 0 0 0 0 0 data 22 0x10005 0x0 0x271dda09e90 0x2c5a 0x271dda09f40 0x46 0xc0002 0x2ca0 0x110002 0x2ca0 0x160005 0x0 0x271dda09e90 0x2c5a 0x271dda09f40 0x46 0x1d0005 0x0 0x0 0x0 0x0 0x0 oops 4 2 com/mathworks/peermodel/impl/PeerNodeImpl 4 com/mathworks/peermodel/impl/RootPeerNodeImpl 12 com/mathworks/peermodel/impl/PeerNodeImpl 14 com/mathworks/peermodel/impl/RootPeerNodeImpl
ciMethodData com/mathworks/peermodel/impl/PeerNodeImpl unlockWrites ()V 2 3912 orig 264 104 147 115 119 0 0 0 0 208 117 33 235 113 2 0 0 120 1 0 0 0 0 0 0 0 0 0 0 0 0 0 0 0 0 0 0 0 0 0 0 0 0 0 0 0 0 0 0 0 0 0 0 0 0 0 0 0 0 0 0 0 0 0 0 0 0 0 0 0 0 0 0 0 0 0 0 0 0 0 0 77 68 79 32 101 120 116 114 97 32 100 97 116 97 32 108 111 99 107 0 0 0 0 0 0 0 0 0 0 0 0 0 0 0 0 0 0 0 0 0 0 0 0 0 0 0 0 0 0 0 0 0 0 0 0 0 0 0 0 0 0 0 0 0 0 0 0 0 0 0 0 0 0 0 0 0 0 0 0 0 0 0 0 0 0 0 0 0 0 0 0 0 0 0 0 0 0 0 0 0 0 0 0 0 0 0 0 0 0 0 0 0 0 0 0 0 0 0 0 0 0 0 0 0 0 0 0 0 0 0 0 0 0 0 0 0 128 1 0 0 65 110 0 0 1 0 0 0 0 0 0 0 0 0 0 0 2 0 0 0 0 0 3 0 2 0 0 0 48 0 0 0 255 255 255 255 5 0 4 0 0 0 0 0 data 6 0x40005 0x0 0x271e768e3c0 0xdc8 0x0 0x0 oops 1 2 java/util/concurrent/locks/ReentrantReadWriteLock$WriteLock
ciMethodData com/mathworks/peermodel/impl/PeerNodeImpl setProperties (Ljava/util/Map;Ljava/lang/Object;)V 2 43364 orig 264 104 147 115 119 0 0 0 0 232 245 226 225 113 2 0 0 248 7 0 0 24 5 0 0 0 0 0 0 0 0 0 0 0 0 0 0 0 0 0 0 0 0 0 0 0 0 0 0 0 0 0 0 0 0 0 0 0 0 0 0 0 0 0 0 0 0 0 0 0 0 0 0 0 0 0 0 0 0 0 0 77 68 79 32 101 120 116 114 97 32 100 97 116 97 32 108 111 99 107 0 0 0 0 0 0 0 0 0 0 0 0 0 0 0 0 0 0 0 0 0 0 0 0 0 0 0 0 0 0 0 0 0 0 0 0 0 0 0 0 0 0 0 0 0 1 0 0 0 0 0 0 0 0 0 0 0 0 0 0 0 0 0 0 0 0 0 0 0 0 0 0 0 0 0 0 0 0 0 0 1 0 0 0 0 0 0 0 0 0 0 0 0 0 0 0 0 0 0 0 0 0 0 0 0 0 0 0 0 0 0 0 0 0 0 0 0 23 8 0 0 33 131 0 0 73 10 5 0 182 8 0 0 85 76 0 0 2 0 0 0 2 0 39 0 2 0 0 0 160 6 0 0 255 255 255 255 5 0 1 0 0 0 0 0 data 212 0x10005 0x0 0x271dda09bd0 0x1064 0x0 0x0 0x60005 0x0 0x271e8ddc3b0 0x1064 0x0 0x0 0xd0005 0x0 0x271e8ddc460 0x6103 0x0 0x0 0x120007 0x1064 0x238 0x509f 0x160005 0x0 0x271e8ddc460 0x509f 0x0 0x0 0x1b0004 0x0 0x271be936bc0 0x509f 0x0 0x0 0x240005 0x0 0x271dda09bd0 0x509f 0x0 0x0 0x290002 0x509f 0x2c0007 0x509f 0x160 0x0 0x370002 0x0 0x3c0005 0x0 0x0 0x0 0x0 0x0 0x410005 0x0 0x0 0x0 0x0 0x0 0x460005 0x0 0x0 0x0 0x0 0x0 0x4a0005 0x0 0x0 0x0 0x0 0x0 0x4d0005 0x0 0x0 0x0 0x0 0x0 0x500005 0x0 0x0 0x0 0x0 0x0 0x530002 0x0 0x570003 0x509f 0xfffffffffffffdb0 0x5e0002 0x1064 0x690002 0x1064 0x6c0005 0x0 0x271dda09bd0 0x1064 0x0 0x0 0x790002 0x1064 0x7c0005 0x0 0x271dda09bd0 0x1064 0x0 0x0 0x860005 0x0 0x271dda09bd0 0x1064 0x0 0x0 0x8b0005 0x0 0x271dda09c80 0x1064 0x0 0x0 0x940005 0x0 0x271dda09d30 0x610b 0x0 0x0 0x990007 0x1065 0x288 0x50a6 0x9e0005 0x0 0x271dda09d30 0x50a6 0x0 0x0 0xa30004 0x0 0x271dda09de0 0x50a6 0x0 0x0 0xaa0005 0x0 0x271dda09de0 0x50a6 0x0 0x0 0xaf0004 0x0 0x271be936bc0 0x50a6 0x0 0x0 0xb60005 0x0 0x271dda09de0 0x50a6 0x0 0x0 0xc30002 0x50a6 0xcd0002 0x50a6 0xd0e007 0x2a78 0x140 0x262f 0xd90005 0x0 0x271dda09bd0 0x262f 0x0 0x0 0xde0004 0x0 0x271dda09bd0 0x262f 0x0 0x0 0xe50005 0x0 0x271dda09bd0 0x262f 0x0 0x0 0xee0005 0x0 0x271dda09bd0 0x262f 0x0 0x0 0xf30004 0x0 0x271dda09bd0 0x262f 0x0 0x0 0xfa0005 0x0 0x271dda09bd0 0x262f 0x0 0x0 0x1000003 0x50a7 0xfffffffffffffd60 0x1050007 0x7ae 0x30 0x8b7 0x10c0002 0x8b7 oops 22 2 java/util/HashMap 8 java/util/HashMap$KeySet 14 java/util/HashMap$KeyIterator 24 java/util/HashMap$KeyIterator 30 java/lang/String 36 java/util/HashMap 95 java/util/HashMap 103 java/util/HashMap 109 java/util/HashMap 115 java/util/HashMap$EntrySet 121 java/util/HashMap$EntryIterator 131 java/util/HashMap$EntryIterator 137 java/util/HashMap$Node 143 java/util/HashMap$Node 149 java/lang/String 155 java/util/HashMap$Node 169 java/util/HashMap 175 java/util/HashMap 181 java/util/HashMap 187 java/util/HashMap 193 java/util/HashMap 199 java/util/HashMap
ciMethodData com/mathworks/peermodel/impl/ObservableImpl <init> ()V 2 1983 orig 264 104 147 115 119 0 0 0 0 200 251 27 225 113 2 0 0 168 1 0 0 0 0 0 0 0 0 0 0 0 0 0 0 0 0 0 0 0 0 0 0 0 0 0 0 0 0 0 0 0 0 0 0 0 0 0 0 0 0 0 0 0 0 0 0 0 0 0 0 0 0 0 0 0 0 0 0 0 0 0 0 77 68 79 32 101 120 116 114 97 32 100 97 116 97 32 108 111 99 107 0 0 0 0 0 0 0 0 0 0 0 0 0 0 0 0 0 0 0 0 0 0 0 0 0 0 0 0 0 0 0 0 0 0 0 0 0 0 0 0 0 0 0 0 0 0 0 0 0 0 0 0 0 0 0 0 0 0 0 0 0 0 0 0 0 0 0 0 0 0 0 0 0 0 0 0 0 0 0 0 0 0 0 0 0 0 0 0 0 0 0 0 0 0 0 0 0 0 0 0 0 0 0 0 0 0 0 0 0 0 0 0 0 0 0 0 0 0 1 0 0 249 53 0 0 1 0 0 0 0 0 0 0 0 0 0 0 2 0 0 0 0 0 7 0 2 0 0 0 96 0 0 0 255 255 255 255 2 0 1 0 0 0 0 0 data 12 0x10002 0x6bf 0x90002 0x6bf 0x140002 0x6bf 0x1f0002 0x6bf 0x2a0002 0x6bf 0x2d0002 0x6bf oops 0
ciMethodData java/util/concurrent/locks/AbstractQueuedSynchronizer releaseShared (I)Z 2 43612 orig 264 104 147 115 119 0 0 0 0 8 181 206 218 113 2 0 0 176 1 0 0 0 0 0 0 0 0 0 0 0 0 0 0 0 0 0 0 0 0 0 0 0 0 0 0 0 0 0 0 0 0 0 0 0 0 0 0 0 0 0 0 0 0 0 0 0 0 0 0 0 0 0 0 0 0 0 0 0 0 0 0 77 68 79 32 101 120 116 114 97 32 100 97 116 97 32 108 111 99 107 0 0 0 0 0 0 0 0 0 0 0 0 0 0 0 0 0 0 0 0 0 0 0 0 0 0 0 0 0 0 0 0 0 0 0 0 0 0 0 0 0 0 0 0 0 0 0 0 0 0 0 0 0 0 0 0 0 0 0 0 0 0 0 0 0 0 0 0 0 0 0 0 0 0 0 0 0 0 0 0 0 0 0 0 0 0 0 0 0 0 0 0 0 0 0 0 0 0 0 0 0 0 0 0 0 0 0 0 0 0 0 0 0 0 0 0 0 0 1 0 0 225 74 5 0 1 0 0 0 148 75 0 0 0 0 0 0 2 0 0 0 0 0 5 0 2 0 0 0 96 0 0 0 255 255 255 255 5 0 2 0 0 0 0 0 data 12 0x20005 0x0 0x271e24f1d80 0x16cd 0x271e04b2910 0x928f 0x50007 0x495 0x30 0xa4c9 0x90002 0xa4c9 oops 2 2 java/util/concurrent/CountDownLatch$Sync 4 java/util/concurrent/locks/ReentrantReadWriteLock$NonfairSync
ciMethodData java/util/concurrent/locks/AbstractQueuedSynchronizer doReleaseShared ()V 2 15611 orig 264 104 147 115 119 0 0 0 0 0 161 206 218 113 2 0 0 208 2 0 0 56 1 0 0 0 0 0 0 0 0 0 0 0 0 0 0 0 0 0 0 0 0 0 0 0 0 0 0 0 0 0 0 0 0 0 0 0 0 0 0 0 0 0 0 0 0 0 0 0 0 0 0 0 0 0 0 0 0 0 0 77 68 79 32 101 120 116 114 97 32 100 97 116 97 32 108 111 99 107 0 0 0 0 0 0 0 0 0 0 0 0 0 0 0 0 0 0 0 0 0 0 0 0 0 0 0 0 0 0 0 0 0 0 0 0 0 0 0 0 0 0 0 0 0 2 0 0 0 0 0 0 0 0 0 0 0 0 0 0 0 0 0 0 0 0 0 0 0 0 0 0 0 0 0 0 0 0 0 0 3 0 0 0 0 17 0 0 0 0 0 0 0 0 0 0 0 0 0 0 0 1 0 0 0 0 0 0 0 0 0 0 0 0 0 0 0 251 0 0 0 1 224 1 0 9 0 0 0 6 40 0 0 0 0 0 0 2 0 0 0 1 0 19 0 2 0 0 0 136 1 0 0 255 255 255 255 7 0 6 0 0 0 0 0 data 49 0x60007 0x36fc 0x138 0x505 0xee007 0x4cf 0x118 0x38 0x180007 0x0 0x90 0x38 0x1e0002 0x38 0x210007 0x38 0x38 0x0 0x240003 0x0 0xffffffffffffff70 0x290002 0x38 0x2c0003 0x38 0x80 0x300007 0x0 0x68 0x0 0x370002 0x0 0x3a0007 0x0 0x38 0x0 0x3d0003 0x0 0xfffffffffffffee0 0x45e007 0x1 0x38 0x3c03 0x480003 0x3c03 0x30 0x4b0003 0x1 0xfffffffffffffe90 oops 0
ciMethodData java/util/concurrent/locks/ReentrantReadWriteLock$NonfairSync readerShouldBlock ()Z 2 10476 orig 264 104 147 115 119 0 0 0 0 48 186 250 218 113 2 0 0 120 1 0 0 0 0 0 0 0 0 0 0 0 0 0 0 0 0 0 0 0 0 0 0 0 0 0 0 0 0 0 0 0 0 0 0 0 0 0 0 0 0 0 0 0 0 0 0 0 0 0 0 0 0 0 0 0 0 0 0 0 0 0 0 77 68 79 32 101 120 116 114 97 32 100 97 116 97 32 108 111 99 107 0 0 0 0 0 0 0 0 0 0 0 0 0 0 0 0 0 0 0 0 0 0 0 0 0 0 0 0 0 0 0 0 0 0 0 0 0 0 0 0 0 0 0 0 0 1 0 0 0 0 0 0 0 0 0 0 0 0 0 0 0 0 0 0 0 0 0 0 0 0 0 0 0 0 0 0 0 0 0 0 0 0 0 0 0 0 0 0 0 0 0 0 0 0 0 0 0 0 0 0 0 0 0 0 0 0 0 0 0 0 0 0 0 0 0 0 0 3 1 0 0 73 63 1 0 1 0 0 0 0 20 0 0 0 0 0 0 2 0 0 0 0 0 3 0 2 0 0 0 48 0 0 0 255 255 255 255 5 0 1 0 0 0 0 0 data 6 0x10005 0x653 0x271e04b2910 0x2196 0x0 0x0 oops 1 2 java/util/concurrent/locks/ReentrantReadWriteLock$NonfairSync
ciMethodData java/util/concurrent/locks/AbstractQueuedSynchronizer apparentlyFirstQueuedIsExclusive ()Z 2 10455 orig 264 104 147 115 119 0 0 0 0 136 185 206 218 113 2 0 0 16 2 0 0 32 0 0 0 0 0 0 0 0 0 0 0 0 0 0 0 0 0 0 0 0 0 0 0 0 0 0 0 0 0 0 0 0 0 0 0 0 0 0 0 0 0 0 0 0 0 0 0 0 0 0 0 0 0 0 0 0 0 0 0 77 68 79 32 101 120 116 114 97 32 100 97 116 97 32 108 111 99 107 0 0 0 0 0 0 0 0 0 0 0 0 0 0 0 0 0 0 0 0 0 0 0 0 0 0 0 0 0 0 0 0 0 0 0 0 0 0 0 0 0 0 0 0 0 1 0 0 0 0 0 0 0 0 0 0 0 0 0 0 0 0 0 0 0 0 0 0 0 0 0 0 0 0 0 0 0 0 0 0 2 0 0 0 0 0 0 0 0 0 0 0 0 0 0 0 0 0 0 0 0 0 0 0 0 0 0 0 0 0 0 0 0 0 0 0 0 3 1 0 0 161 62 1 0 1 0 0 0 0 20 0 0 0 0 0 0 2 0 0 0 0 0 17 0 2 0 0 0 200 0 0 0 255 255 255 255 7 0 6 0 0 0 0 0 data 25 0x60007 0x2598 0xc8 0x23b 0xfe007 0x239 0xa8 0x4 0x130005 0x3 0x271e8935de0 0x1 0x0 0x0 0x160007 0x4 0x58 0x0 0x1d0007 0x0 0x38 0x0 0x210003 0x0 0x18 oops 1 10 java/util/concurrent/locks/AbstractQueuedSynchronizer$Node
ciMethodData java/util/concurrent/locks/AbstractQueuedSynchronizer$Node isShared ()Z 1 27 orig 264 104 147 115 119 0 0 0 0 0 221 206 218 113 2 0 0 128 1 0 0 0 0 0 0 0 0 0 0 0 0 0 0 0 0 0 0 0 0 0 0 0 0 0 0 0 0 0 0 0 0 0 0 0 0 0 0 0 0 0 0 0 0 0 0 0 0 0 0 0 0 0 0 0 0 0 0 0 0 0 0 77 68 79 32 101 120 116 114 97 32 100 97 116 97 32 108 111 99 107 0 0 0 0 0 0 0 0 0 0 0 0 0 0 0 0 0 0 0 0 0 0 0 0 0 0 0 0 0 0 0 0 0 0 0 0 0 0 0 0 0 0 0 0 0 0 0 0 0 0 0 0 0 0 0 0 0 0 0 0 0 0 0 0 0 0 0 0 0 0 0 0 0 0 0 0 0 0 0 0 0 0 0 0 0 1 0 0 0 0 0 0 0 0 0 0 0 0 0 0 0 1 0 0 0 0 0 0 0 0 0 0 0 0 0 0 0 0 0 0 0 217 0 0 0 1 0 0 0 0 0 0 0 0 0 0 0 2 0 0 0 0 0 0 0 0 0 0 0 56 0 0 0 255 255 255 255 7 0 7 0 0 0 0 0 data 7 0x70007 0x0 0x38 0x1b 0xb0003 0x1b 0x18 oops 0
ciMethodData java/util/concurrent/locks/ReentrantReadWriteLock$Sync tryAcquireShared (I)I 2 10630 orig 264 104 147 115 119 0 0 0 0 208 201 250 218 113 2 0 0 152 4 0 0 112 1 0 0 0 0 0 0 0 0 0 0 0 0 0 0 0 0 0 0 0 0 0 0 0 0 0 0 0 0 0 0 0 0 0 0 0 0 0 0 0 0 0 0 0 0 0 0 0 0 0 0 0 0 0 0 0 0 0 0 77 68 79 32 101 120 116 114 97 32 100 97 116 97 32 108 111 99 107 0 0 0 0 0 0 0 0 0 0 0 0 0 0 0 0 0 0 0 0 0 0 0 0 0 0 0 0 0 0 0 0 0 0 0 0 0 0 0 0 0 0 0 0 0 1 0 0 0 0 0 0 0 0 0 0 0 0 0 0 0 0 0 0 0 0 0 0 0 0 0 0 0 0 0 0 0 0 0 0 2 0 0 0 0 0 0 0 0 0 0 0 0 0 0 0 0 0 0 0 0 0 0 0 0 0 0 0 0 0 0 0 0 0 0 0 0 131 1 0 0 25 64 1 0 1 0 0 0 3 40 0 0 0 0 0 0 2 0 0 0 0 0 31 0 2 0 0 0 72 3 0 0 255 255 255 255 2 0 0 0 0 0 0 0 data 105 0x2 0x2803 0x50005 0x3e9 0x271e04b2910 0x241a 0x0 0x0 0xa0002 0x2804 0xd0007 0x277b 0x70 0x88 0x110005 0x4 0x271e04b2910 0x84 0x0 0x0 0x15e007 0x84 0x20 0x5 0x1b0002 0x2800 0x210005 0x0 0x271e04b2910 0x2800 0x0 0x0 0x240007 0x0 0x218 0x2800 0x2b0007 0x0 0x1f8 0x2800 0x340005 0x3e7 0x271e04b2910 0x2419 0x0 0x0 0x37e007 0x1 0x1a8 0x2800 0x3c0007 0x1 0x38 0x27ff 0x490003 0x27ff 0x168 0x510007 0x1 0x38 0x0 0x5e0003 0x0 0x130 0x690007 0x1 0x50 0x0 0x720002 0x0 0x760007 0x0 0x98 0x0 0x7e0005 0x0 0x271e24f6dd0 0x1 0x0 0x0 0x810004 0x0 0x271e24f68e0 0x1 0x0 0x0 0x8a0003 0x1 0x68 0x920007 0x0 0x50 0x0 0x9b0005 0x0 0x0 0x0 0x0 0x0 0xad0005 0x1 0x0 0x0 0x0 0x0 oops 6 4 java/util/concurrent/locks/ReentrantReadWriteLock$NonfairSync 16 java/util/concurrent/locks/ReentrantReadWriteLock$NonfairSync 28 java/util/concurrent/locks/ReentrantReadWriteLock$NonfairSync 42 java/util/concurrent/locks/ReentrantReadWriteLock$NonfairSync 76 java/util/concurrent/locks/ReentrantReadWriteLock$Sync$ThreadLocalHoldCounter 82 java/util/concurrent/locks/ReentrantReadWriteLock$Sync$HoldCounter
ciMethodData java/util/concurrent/locks/ReentrantReadWriteLock$Sync sharedCount (I)I 2 10633 orig 264 104 147 115 119 0 0 0 0 144 194 250 218 113 2 0 0 32 1 0 0 0 0 0 0 0 0 0 0 0 0 0 0 0 0 0 0 0 0 0 0 0 0 0 0 0 0 0 0 0 0 0 0 0 0 0 0 0 0 0 0 0 0 0 0 0 0 0 0 0 0 0 0 0 0 0 0 0 0 0 0 77 68 79 32 101 120 116 114 97 32 100 97 116 97 32 108 111 99 107 0 0 0 0 0 0 0 0 0 0 0 0 0 0 0 0 0 0 0 0 0 0 0 0 0 0 0 0 0 0 0 0 0 0 0 0 0 0 0 0 0 0 0 0 0 0 0 0 0 0 0 0 0 0 0 0 0 0 0 0 0 0 0 0 0 0 0 0 0 0 0 0 0 0 0 0 0 0 0 0 0 0 0 0 0 0 0 0 0 0 0 0 0 0 0 0 0 0 0 0 0 0 0 0 0 0 0 0 0 0 0 0 0 0 0 0 0 131 1 0 0 49 64 1 0 1 0 0 0 0 0 0 0 0 0 0 0 2 0 0 0 0 0 3 0 1 0 0 0 0 0 0 0 255 255 255 255 0 0 0 0 0 0 0 0 data 0 oops 0
ciMethodData java/util/concurrent/locks/ReentrantReadWriteLock getThreadId (Ljava/lang/Thread;)J 1 222 orig 264 104 147 115 119 0 0 0 0 160 174 250 218 113 2 0 0 120 1 0 0 0 0 0 0 0 0 0 0 0 0 0 0 0 0 0 0 0 0 0 0 0 0 0 0 0 0 0 0 0 0 0 0 0 0 0 0 0 0 0 0 0 0 0 0 0 0 0 0 0 0 0 0 0 0 0 0 0 0 0 0 77 68 79 32 101 120 116 114 97 32 100 97 116 97 32 108 111 99 107 0 0 0 0 0 0 0 0 0 0 0 0 0 0 0 0 0 0 0 0 0 0 0 0 0 0 0 0 0 0 0 0 0 0 0 0 0 0 0 0 0 0 0 0 0 0 0 0 0 0 0 0 0 0 0 0 0 0 0 0 0 0 0 0 0 0 0 0 0 0 0 0 0 0 0 0 0 0 0 0 0 0 0 0 0 17 0 0 0 0 0 0 0 0 0 0 0 0 0 0 0 0 0 0 0 0 0 0 0 0 0 0 0 0 0 0 0 0 0 0 0 241 6 0 0 1 0 0 0 0 0 0 0 0 0 0 0 2 0 0 0 0 0 0 0 0 0 0 0 48 0 0 0 255 255 255 255 5 0 7 0 0 0 0 0 data 6 0x70005 0xdd 0x0 0x0 0x0 0x0 oops 0
ciMethodData java/util/concurrent/locks/ReentrantReadWriteLock$Sync fullTryAcquireShared (Ljava/lang/Thread;)I 1 3 orig 264 104 147 115 119 0 0 0 0 120 203 250 218 113 2 0 0 40 6 0 0 144 4 0 0 0 0 0 0 0 0 0 0 0 0 0 0 0 0 0 0 0 0 0 0 0 0 0 0 0 0 0 0 0 0 0 0 0 0 0 0 0 0 0 0 0 0 0 0 0 0 0 0 0 0 0 0 0 0 0 0 77 68 79 32 101 120 116 114 97 32 100 97 116 97 32 108 111 99 107 0 0 0 0 0 0 0 0 0 0 0 0 0 0 0 0 0 0 0 0 0 0 0 0 0 0 0 0 0 0 0 0 0 0 0 0 0 0 0 0 0 0 0 0 0 0 0 0 0 0 0 0 0 0 0 0 0 0 0 0 0 0 0 0 0 0 0 0 0 0 0 0 0 0 0 0 0 0 0 0 0 0 0 0 0 0 0 0 0 0 0 0 0 0 0 0 0 0 0 0 0 0 0 0 0 0 0 0 0 0 0 0 0 0 0 0 0 0 0 0 0 25 0 0 0 1 0 0 0 0 0 0 0 0 0 0 0 2 0 0 0 0 0 0 0 0 0 0 0 216 4 0 0 255 255 255 255 5 0 3 0 0 0 0 0 data 155 0x30005 0x3 0x0 0x0 0x0 0x0 0x80002 0x3 0xb0007 0x3 0x70 0x0 0xf0005 0x0 0x0 0x0 0x0 0x0 0x130007 0x0 0x1e8 0x0 0x190005 0x0 0x271e04b2910 0x3 0x0 0x0 0x1c0007 0x3 0x198 0x0 0x240007 0x0 0x38 0x0 0x270003 0x0 0x158 0x2b0007 0x0 0x120 0x0 0x340007 0x0 0x50 0x0 0x3c0002 0x0 0x400007 0x0 0xd0 0x0 0x470005 0x0 0x0 0x0 0x0 0x0 0x4a0004 0x0 0x0 0x0 0x0 0x0 0x520007 0x0 0x50 0x0 0x590005 0x0 0x0 0x0 0x0 0x0 0x600007 0x0 0x20 0x0 0x660002 0x3 0x6b0007 0x3 0x30 0x0 0x740002 0x0 0x7e0005 0x3 0x0 0x0 0x0 0x0 0x810007 0x0 0x1d8 0x3 0x850002 0x3 0x880007 0x2 0x38 0x1 0x950003 0x1 0x188 0x9d0007 0x1 0x38 0x1 0xaa0003 0x1 0x150 0xae0007 0x0 0x20 0x1 0xb70007 0x0 0x50 0x1 0xbf0002 0x1 0xc30007 0x1 0x98 0x0 0xca0005 0x0 0x0 0x0 0x0 0x0 0xcd0004 0x0 0x0 0x0 0x0 0x0 0xd10003 0x0 0x68 0xd80007 0x0 0x50 0x1 0xe00005 0x0 0x271e24f6dd0 0x1 0x0 0x0 0xf40003 0x0 0xfffffffffffffb40 oops 2 24 java/util/concurrent/locks/ReentrantReadWriteLock$NonfairSync 148 java/util/concurrent/locks/ReentrantReadWriteLock$Sync$ThreadLocalHoldCounter
ciMethodData java/util/concurrent/locks/ReentrantReadWriteLock$ReadLock unlock ()V 2 37728 orig 264 104 147 115 119 0 0 0 0 168 228 250 218 113 2 0 0 120 1 0 0 0 0 0 0 0 0 0 0 0 0 0 0 0 0 0 0 0 0 0 0 0 0 0 0 0 0 0 0 0 0 0 0 0 0 0 0 0 0 0 0 0 0 0 0 0 0 0 0 0 0 0 0 0 0 0 0 0 0 0 0 77 68 79 32 101 120 116 114 97 32 100 97 116 97 32 108 111 99 107 0 0 0 0 0 0 0 0 0 0 0 0 0 0 0 0 0 0 0 0 0 0 0 0 0 0 0 0 0 0 0 0 0 0 0 0 0 0 0 0 0 0 0 0 0 2 0 0 0 0 0 0 0 0 0 0 0 0 0 0 0 0 0 0 0 0 0 0 0 0 0 0 0 0 0 0 0 0 0 0 0 0 0 0 0 17 0 0 0 0 0 0 0 0 0 0 0 0 0 0 0 1 0 0 0 0 0 0 0 0 0 0 0 0 0 0 0 136 1 0 0 193 142 4 0 1 0 0 0 131 68 0 0 0 0 0 0 2 0 0 0 0 0 6 0 2 0 0 0 48 0 0 0 255 255 255 255 5 0 5 0 0 0 0 0 data 6 0x50005 0x1c7 0x271e04b2910 0x9010 0x0 0x0 oops 1 2 java/util/concurrent/locks/ReentrantReadWriteLock$NonfairSync
ciMethodData java/util/concurrent/locks/ReentrantReadWriteLock$Sync tryReleaseShared (I)Z 2 10660 orig 264 104 147 115 119 0 0 0 0 224 199 250 218 113 2 0 0 208 3 0 0 48 0 0 0 0 0 0 0 0 0 0 0 0 0 0 0 0 0 0 0 0 0 0 0 0 0 0 0 0 0 0 0 0 0 0 0 0 0 0 0 0 0 0 0 0 0 0 0 0 0 0 0 0 0 0 0 0 0 0 0 77 68 79 32 101 120 116 114 97 32 100 97 116 97 32 108 111 99 107 0 0 0 0 0 0 0 0 0 0 0 0 0 0 0 0 0 0 0 0 0 0 0 0 0 0 0 0 0 0 0 0 0 0 0 0 0 0 0 0 0 0 0 0 0 1 0 0 0 0 0 0 0 0 0 0 0 0 0 0 0 0 0 0 0 0 0 0 0 0 0 0 0 0 0 0 0 0 0 0 2 0 0 0 0 17 0 0 0 0 0 0 0 0 0 0 0 0 0 0 0 0 0 0 0 0 0 0 0 0 0 0 0 0 0 0 0 136 1 0 0 225 64 1 0 1 0 0 0 0 20 0 0 0 0 0 0 2 0 0 0 1 0 28 0 2 0 0 0 128 2 0 0 255 255 255 255 2 0 0 0 0 0 0 0 data 80 0x2 0x281c 0x90007 0x1 0x70 0x281b 0x11e007 0x112 0x38 0x270b 0x190003 0x270b 0x160 0x260003 0x112 0x148 0x2f0007 0x0 0x50 0x1 0x370002 0x1 0x3b0007 0x1 0x80 0x0 0x420005 0x0 0x0 0x0 0x0 0x0 0x450004 0x0 0x0 0x0 0x0 0x0 0x520007 0x0 0x80 0x1 0x590005 0x0 0x271e24f6dd0 0x1 0x0 0x0 0x5e0007 0x1 0x30 0x0 0x620002 0x0 0x710005 0x196 0x271e04b2910 0x2688 0x0 0x0 0x7f0005 0x196 0x271e04b2910 0x2688 0x0 0x0 0x820007 0x0 0x58 0x281e 0x870007 0x194 0x38 0x268a 0x8b0003 0x268a 0x18 0x900003 0x0 0xffffffffffffff48 oops 3 44 java/util/concurrent/locks/ReentrantReadWriteLock$Sync$ThreadLocalHoldCounter 56 java/util/concurrent/locks/ReentrantReadWriteLock$NonfairSync 62 java/util/concurrent/locks/ReentrantReadWriteLock$NonfairSync
ciMethodData java/lang/ThreadLocal remove ()V 1 401 orig 264 104 147 115 119 0 0 0 0 248 233 163 218 113 2 0 0 184 1 0 0 0 0 0 0 0 0 0 0 0 0 0 0 0 0 0 0 0 0 0 0 0 0 0 0 0 0 0 0 0 0 0 0 0 0 0 0 0 0 0 0 0 0 0 0 0 0 0 0 0 0 0 0 0 0 0 0 0 0 0 0 77 68 79 32 101 120 116 114 97 32 100 97 116 97 32 108 111 99 107 0 0 0 0 0 0 0 0 0 0 0 0 0 0 0 0 0 0 0 0 0 0 0 0 0 0 0 0 0 0 0 0 0 0 0 0 0 0 0 0 0 0 0 0 0 0 0 0 0 0 0 0 0 0 0 0 0 0 0 0 0 0 0 0 0 0 0 0 0 0 0 0 0 0 0 0 0 0 0 0 0 0 0 0 0 17 0 0 0 0 0 0 0 0 0 0 0 0 0 0 0 0 0 0 0 0 0 0 0 0 0 0 0 0 0 0 0 30 0 0 0 153 11 0 0 1 0 0 0 0 0 0 0 0 0 0 0 2 0 0 0 0 0 6 0 2 0 0 0 112 0 0 0 255 255 255 255 2 0 1 0 0 0 0 0 data 14 0x10002 0x173 0x40005 0xe 0x271e24f6dd0 0x6b 0x271e24f6ee0 0xfa 0x90007 0x0 0x30 0x173 0xe0002 0x173 oops 2 4 java/util/concurrent/locks/ReentrantReadWriteLock$Sync$ThreadLocalHoldCounter 6 java/lang/ThreadLocal
ciMethodData java/lang/ThreadLocal$ThreadLocalMap access$200 (Ljava/lang/ThreadLocal$ThreadLocalMap;Ljava/lang/ThreadLocal;)V 1 401 orig 264 104 147 115 119 0 0 0 0 80 255 175 218 113 2 0 0 56 1 0 0 0 0 0 0 0 0 0 0 0 0 0 0 0 0 0 0 0 0 0 0 0 0 0 0 0 0 0 0 0 0 0 0 0 0 0 0 0 0 0 0 0 0 0 0 0 0 0 0 0 0 0 0 0 0 0 0 0 0 0 0 77 68 79 32 101 120 116 114 97 32 100 97 116 97 32 108 111 99 107 0 0 0 0 0 0 0 0 0 0 0 0 0 0 0 0 0 0 0 0 0 0 0 0 0 0 0 0 0 0 0 0 0 0 0 0 0 0 0 0 0 0 0 0 0 0 0 0 0 0 0 0 0 0 0 0 0 0 0 0 0 0 0 0 0 0 0 0 0 0 0 0 0 0 0 0 0 0 0 0 0 0 0 0 0 0 0 0 0 0 0 0 0 0 0 0 0 0 0 0 0 0 0 0 0 0 0 0 0 0 0 0 0 0 0 0 0 30 0 0 0 153 11 0 0 1 0 0 0 0 0 0 0 0 0 0 0 2 0 0 0 0 0 0 0 0 0 0 0 16 0 0 0 255 255 255 255 2 0 2 0 0 0 0 0 data 2 0x20002 0x173 oops 0
ciMethodData java/lang/ThreadLocal$ThreadLocalMap remove (Ljava/lang/ThreadLocal;)V 1 401 orig 264 104 147 115 119 0 0 0 0 88 247 175 218 113 2 0 0 56 2 0 0 0 0 0 0 0 0 0 0 0 0 0 0 0 0 0 0 0 0 0 0 0 0 0 0 0 0 0 0 0 0 0 0 0 0 0 0 0 0 0 0 0 0 0 0 0 0 0 0 0 0 0 0 0 0 0 0 0 0 0 0 77 68 79 32 101 120 116 114 97 32 100 97 116 97 32 108 111 99 107 0 0 0 0 0 0 0 0 0 0 0 0 0 0 0 0 0 0 0 0 0 0 0 0 0 0 0 0 0 0 0 0 0 0 0 0 0 0 0 0 0 0 0 0 0 0 0 0 0 0 0 0 0 0 0 0 0 0 0 0 0 0 0 0 0 0 0 0 0 0 0 0 0 0 0 0 0 0 0 0 0 0 0 0 0 17 0 0 0 0 0 0 0 0 0 0 0 0 0 0 0 3 0 0 0 0 0 0 0 0 0 0 0 0 0 0 0 30 0 0 0 153 11 0 0 73 0 0 0 0 0 0 0 0 0 0 0 2 0 0 0 1 0 12 0 2 0 0 0 232 0 0 0 255 255 255 255 2 0 9 0 0 0 0 0 data 29 0x90002 0x173 0x1a0007 0x0 0xd8 0x17c 0x1f0005 0x0 0x271e8230c10 0x17c 0x0 0x0 0x230007 0x9 0x60 0x172 0x280005 0x0 0x271e8230c10 0x173 0x0 0x0 0x2e0002 0x173 0x370002 0x9 0x400003 0x9 0xffffffffffffff40 oops 2 8 java/lang/ThreadLocal$ThreadLocalMap$Entry 18 java/lang/ThreadLocal$ThreadLocalMap$Entry
ciMethodData java/util/concurrent/locks/ReentrantReadWriteLock$Sync unmatchedUnlockException ()Ljava/lang/IllegalMonitorStateException; 1 0 orig 264 104 147 115 119 0 0 0 0 120 200 250 218 113 2 0 0 48 1 0 0 0 0 0 0 0 0 0 0 0 0 0 0 0 0 0 0 0 0 0 0 0 0 0 0 0 0 0 0 0 0 0 0 0 0 0 0 0 0 0 0 0 0 0 0 0 0 0 0 0 0 0 0 0 0 0 0 0 0 0 0 77 68 79 32 101 120 116 114 97 32 100 97 116 97 32 108 111 99 107 0 0 0 0 0 0 0 0 0 0 0 0 0 0 0 0 0 0 0 0 0 0 0 0 0 0 0 0 0 0 0 0 0 0 0 0 0 0 0 0 0 0 0 0 0 0 0 0 0 0 0 0 0 0 0 0 0 0 0 0 0 0 0 0 0 0 0 0 0 0 0 0 0 0 0 0 0 0 0 0 0 0 0 0 0 29 0 0 0 0 0 0 0 1 0 0 0 0 0 0 0 1 0 0 0 0 0 0 0 0 0 0 0 0 0 0 0 0 0 0 0 1 0 0 0 1 0 0 0 0 0 0 0 0 0 0 0 2 0 0 0 0 0 0 0 0 0 0 0 16 0 0 0 255 255 255 255 2 0 6 0 0 0 0 0 data 2 0x60002 0x0 oops 0
ciMethodData java/util/concurrent/CopyOnWriteArrayList setArray ([Ljava/lang/Object;)V 2 6470 orig 264 104 147 115 119 0 0 0 0 152 169 239 218 113 2 0 0 40 1 0 0 0 0 0 0 0 0 0 0 0 0 0 0 0 0 0 0 0 0 0 0 0 0 0 0 0 0 0 0 0 0 0 0 0 0 0 0 0 0 0 0 0 0 0 0 0 0 0 0 0 0 0 0 0 0 0 0 0 0 0 0 77 68 79 32 101 120 116 114 97 32 100 97 116 97 32 108 111 99 107 0 0 0 0 0 0 0 0 0 0 0 0 0 0 0 0 0 0 0 0 0 0 0 0 0 0 0 0 0 0 0 0 0 0 0 0 0 0 0 0 0 0 0 0 0 0 0 0 0 0 0 0 0 0 0 0 0 0 0 0 0 0 0 0 0 0 0 0 0 0 0 0 0 0 0 0 0 0 0 0 0 0 0 0 0 0 0 0 0 0 0 0 0 0 0 0 0 0 0 0 0 0 0 0 0 0 0 0 0 0 0 0 0 0 0 0 0 1 1 0 0 41 194 0 0 1 0 0 0 0 0 0 0 0 0 0 0 2 0 0 0 0 0 3 0 1 0 0 0 0 0 0 0 255 255 255 255 0 0 0 0 0 0 0 0 data 0 oops 0
ciMethodData java/util/concurrent/locks/ReentrantReadWriteLock$ReadLock tryLock (JLjava/util/concurrent/TimeUnit;)Z 2 6590 orig 264 104 147 115 119 0 0 0 0 16 228 250 218 113 2 0 0 192 1 0 0 0 0 0 0 0 0 0 0 0 0 0 0 0 0 0 0 0 0 0 0 0 0 0 0 0 0 0 0 0 0 0 0 0 0 0 0 0 0 0 0 0 0 0 0 0 0 0 0 0 0 0 0 0 0 0 0 0 0 0 0 77 68 79 32 101 120 116 114 97 32 100 97 116 97 32 108 111 99 107 0 0 0 0 0 0 0 0 0 0 0 0 0 0 0 0 0 0 0 0 0 0 0 0 0 0 0 0 0 0 0 0 0 0 0 0 0 0 0 0 0 0 0 0 0 0 0 0 0 0 0 0 0 0 0 0 0 0 0 0 0 0 0 0 0 0 0 0 0 0 0 0 0 0 0 0 0 0 0 0 0 0 0 0 0 0 0 0 0 0 0 0 0 0 0 0 0 0 0 0 0 0 0 0 0 0 0 0 0 0 0 0 0 0 0 0 0 17 1 0 0 105 197 0 0 1 0 0 0 0 0 0 0 0 0 0 0 2 0 0 0 0 0 3 0 2 0 0 0 96 0 0 0 255 255 255 255 5 0 7 0 0 0 0 0 data 12 0x70005 0x0 0x271e04af530 0x18ad 0x0 0x0 0xa0005 0x0 0x271e04b2910 0x18ae 0x0 0x0 oops 2 2 java/util/concurrent/TimeUnit$3 8 java/util/concurrent/locks/ReentrantReadWriteLock$NonfairSync
ciMethodData java/util/concurrent/locks/AbstractQueuedSynchronizer tryAcquireSharedNanos (IJ)Z 2 6187 orig 264 104 147 115 119 0 0 0 0 104 180 206 218 113 2 0 0 56 2 0 0 64 0 0 0 0 0 0 0 0 0 0 0 0 0 0 0 0 0 0 0 0 0 0 0 0 0 0 0 0 0 0 0 0 0 0 0 0 0 0 0 0 0 0 0 0 0 0 0 0 0 0 0 0 0 0 0 0 0 0 0 77 68 79 32 101 120 116 114 97 32 100 97 116 97 32 108 111 99 107 0 0 0 0 0 0 0 0 0 0 0 0 0 0 0 0 0 0 0 0 0 0 0 0 0 0 0 0 0 0 0 0 0 0 0 0 0 0 0 0 0 0 0 0 0 0 0 0 0 0 0 0 0 0 0 0 0 0 0 0 0 0 0 0 0 2 0 0 0 0 0 0 0 0 0 0 0 0 0 0 0 0 0 0 0 0 0 0 0 0 0 0 0 0 0 0 0 0 0 0 0 0 0 0 0 0 0 0 0 0 0 0 0 0 0 0 0 17 1 0 0 209 184 0 0 1 0 0 0 0 0 0 0 0 0 0 0 2 0 0 0 0 0 11 0 2 0 0 0 216 0 0 0 255 255 255 255 2 0 0 0 0 0 0 0 data 27 0x2 0x171a 0x30007 0x171a 0x30 0x0 0xa0002 0x0 0x104005 0x0 0x271e04b2910 0x171a 0x271e24f1d80 0x2 0x130007 0x1719 0x50 0x3 0x190002 0x3 0x1c0007 0x0 0x38 0x3 0x200003 0x171c 0x18 oops 2 10 java/util/concurrent/locks/ReentrantReadWriteLock$NonfairSync 12 java/util/concurrent/CountDownLatch$Sync
ciMethodData java/util/concurrent/locks/AbstractQueuedSynchronizer doAcquireSharedNanos (IJ)Z 1 7 orig 264 104 147 115 119 0 0 0 0 120 172 206 218 113 2 0 0 200 3 0 0 48 0 0 0 0 0 0 0 0 0 0 0 0 0 0 0 0 0 0 0 0 0 0 0 0 0 0 0 0 0 0 0 0 0 0 0 0 0 0 0 0 0 0 0 0 0 0 0 0 0 0 0 0 0 0 0 0 0 0 0 77 68 79 32 101 120 116 114 97 32 100 97 116 97 32 108 111 99 107 0 0 0 0 0 0 0 0 0 0 0 0 0 0 0 0 0 0 0 0 0 0 0 0 0 0 0 0 0 0 0 0 0 0 0 0 0 0 0 0 0 0 0 0 0 0 0 0 0 0 0 0 0 0 0 0 0 0 0 0 0 0 0 0 0 0 0 0 0 0 0 0 0 0 0 0 0 0 0 0 0 0 0 0 0 0 0 0 0 0 0 0 0 0 0 0 0 0 0 0 0 0 0 0 0 0 0 0 0 0 0 0 0 0 0 0 0 0 0 0 0 33 0 0 0 57 0 0 0 0 0 0 0 0 0 0 0 2 0 0 0 0 0 0 0 0 0 0 0 104 2 0 0 255 255 255 255 7 0 3 0 0 0 0 0 data 77 0x30007 0x4 0x20 0x0 0x80002 0x4 0x130002 0x4 0x1d0005 0xc 0x0 0x0 0x0 0x0 0x280007 0x0 0xb0 0xc 0x2d0005 0x0 0x271e04b2910 0x6 0x271e24f1d80 0x6 0x340007 0x8 0x60 0x4 0x3c0002 0x4 0x4d0007 0x4 0x30 0x0 0x530002 0x0 0x5b0002 0x8 0x630007 0x8 0x50 0x0 0x6b0007 0x0 0x30 0x0 0x710002 0x0 0x7b0002 0x8 0x7e0007 0x4 0x50 0x4 0x860007 0x0 0x30 0x4 0x8b0002 0x4 0x8e0002 0x8 0x910007 0x8 0x30 0x0 0x980002 0x0 0x9c0003 0x8 0xfffffffffffffe20 0xa30007 0x0 0x30 0x0 0xa90002 0x0 oops 2 20 java/util/concurrent/locks/ReentrantReadWriteLock$NonfairSync 22 java/util/concurrent/CountDownLatch$Sync
ciMethodData java/util/concurrent/CopyOnWriteArrayList size ()I 2 2148 orig 264 104 147 115 119 0 0 0 0 120 172 239 218 113 2 0 0 120 1 0 0 0 0 0 0 0 0 0 0 0 0 0 0 0 0 0 0 0 0 0 0 0 0 0 0 0 0 0 0 0 0 0 0 0 0 0 0 0 0 0 0 0 0 0 0 0 0 0 0 0 0 0 0 0 0 0 0 0 0 0 0 77 68 79 32 101 120 116 114 97 32 100 97 116 97 32 108 111 99 107 0 0 0 0 0 0 0 0 0 0 0 0 0 0 0 0 0 0 0 0 0 0 0 0 0 0 0 0 0 0 0 0 0 0 0 0 0 0 0 0 0 0 0 0 0 0 0 0 0 0 0 0 0 0 0 0 0 0 0 0 0 0 0 0 0 0 0 0 0 0 0 0 0 0 0 0 0 0 0 0 0 0 0 0 0 0 0 0 0 0 0 0 0 0 0 0 0 0 0 0 0 0 0 0 0 0 0 0 0 0 0 0 0 0 0 0 0 0 1 0 0 33 59 0 0 1 0 0 0 0 0 0 0 0 0 0 0 2 0 0 0 0 0 3 0 2 0 0 0 48 0 0 0 255 255 255 255 5 0 1 0 0 0 0 0 data 6 0x10005 0x0 0x271e21ac2c0 0x764 0x0 0x0 oops 1 2 java/util/concurrent/CopyOnWriteArrayList
ciMethodData java/util/concurrent/CopyOnWriteArrayList <init> ()V 2 4132 orig 264 104 147 115 119 0 0 0 0 72 170 239 218 113 2 0 0 152 1 0 0 0 0 0 0 0 0 0 0 0 0 0 0 0 0 0 0 0 0 0 0 0 0 0 0 0 0 0 0 0 0 0 0 0 0 0 0 0 0 0 0 0 0 0 0 0 0 0 0 0 0 0 0 0 0 0 0 0 0 0 0 77 68 79 32 101 120 116 114 97 32 100 97 116 97 32 108 111 99 107 0 0 0 0 0 0 0 0 0 0 0 0 0 0 0 0 0 0 0 0 0 0 0 0 0 0 0 0 0 0 0 0 0 0 0 0 0 0 0 0 0 0 0 0 0 0 0 0 0 0 0 0 0 0 0 0 0 0 0 0 0 0 0 0 0 0 0 0 0 0 0 0 0 0 0 0 0 0 0 0 0 0 0 0 0 0 0 0 0 0 0 0 0 0 0 0 0 0 0 0 0 0 0 0 0 0 0 0 0 0 0 0 0 0 0 0 0 1 1 0 0 25 121 0 0 1 0 0 0 0 0 0 0 0 0 0 0 2 0 0 0 0 0 3 0 2 0 0 0 80 0 0 0 255 255 255 255 2 0 1 0 0 0 0 0 data 10 0x10002 0xf23 0x90002 0xf23 0x140005 0x0 0x271e21ac2c0 0xf23 0x0 0x0 oops 1 6 java/util/concurrent/CopyOnWriteArrayList
ciMethodData java/util/concurrent/locks/AbstractQueuedSynchronizer hasQueuedPredecessors ()Z 2 5378 orig 264 104 147 115 119 0 0 0 0 72 186 206 218 113 2 0 0 208 1 0 0 80 0 0 0 0 0 0 0 0 0 0 0 0 0 0 0 0 0 0 0 0 0 0 0 0 0 0 0 0 0 0 0 0 0 0 0 0 0 0 0 0 0 0 0 0 0 0 0 0 0 0 0 0 0 0 0 0 0 0 0 77 68 79 32 101 120 116 114 97 32 100 97 116 97 32 108 111 99 107 0 0 0 0 0 0 0 0 0 0 0 0 0 0 0 0 0 0 0 0 0 0 0 0 0 0 0 0 0 0 0 0 0 0 0 0 0 0 0 0 0 0 0 0 0 0 0 0 0 0 0 0 0 0 0 0 0 0 0 0 0 0 0 0 0 0 0 0 0 0 0 0 0 0 0 0 0 0 0 0 0 0 0 0 0 17 0 0 0 0 0 0 0 0 0 0 0 0 0 0 0 1 0 0 0 0 0 0 0 0 0 0 0 0 0 0 0 0 1 0 0 17 160 0 0 1 0 0 0 0 0 0 0 0 0 0 0 2 0 0 0 0 0 12 0 2 0 0 0 136 0 0 0 255 255 255 255 7 0 12 0 0 0 0 0 data 17 0xc0007 0x13fe 0x88 0x4 0x150007 0x0 0x50 0x4 0x1c0002 0x4 0x1f0007 0x4 0x38 0x0 0x230003 0x0 0x18 oops 0
ciMethodData java/util/concurrent/CopyOnWriteArrayList indexOf (Ljava/lang/Object;[Ljava/lang/Object;II)I 2 66031 orig 264 104 147 115 119 0 0 0 0 160 174 239 218 113 2 0 0 120 2 0 0 144 0 0 0 0 0 0 0 0 0 0 0 0 0 0 0 0 0 0 0 0 0 0 0 0 0 0 0 0 0 0 0 0 0 0 0 0 0 0 0 0 0 0 0 0 0 0 0 0 0 0 0 0 0 0 0 0 0 0 0 77 68 79 32 101 120 116 114 97 32 100 97 116 97 32 108 111 99 107 0 0 0 0 0 0 0 0 0 0 0 0 0 0 0 0 0 0 0 0 0 0 0 0 0 0 0 0 0 0 0 0 0 0 0 0 0 0 0 0 0 0 0 0 0 1 0 0 0 0 0 0 0 0 0 0 0 0 0 0 0 0 0 0 0 0 0 0 0 0 0 0 0 0 0 0 1 0 0 0 0 0 0 0 0 17 0 0 0 0 0 0 0 0 0 0 0 0 0 0 0 2 0 0 0 0 0 0 0 0 0 0 0 0 0 0 0 3 16 0 0 1 16 0 0 97 143 7 0 0 0 0 0 0 0 0 0 2 0 0 0 2 0 16 0 2 0 0 0 24 1 0 0 255 255 255 255 7 0 1 0 0 0 0 0 data 35 0x10007 0x200 0x90 0x0 0xa0007 0x0 0x58 0x0 0x110007 0x0 0x20 0x0 0x1a0003 0x0 0xffffffffffffffc0 0x1d0003 0x0 0xa0 0x260007 0x195 0x88 0xf255 0x2e0005 0x5f 0x271dda09e90 0xf1e2 0x272281a9d20 0x15 0x310007 0xf1ea 0x20 0x6c 0x3a0003 0xf1ea 0xffffffffffffff90 oops 2 24 com/mathworks/peermodel/impl/PeerNodeImpl 26 com/mathworks/mlwidgets/explorer/model/table/UiFileList
ciMethodData java/util/concurrent/locks/ReentrantLock$FairSync tryAcquire (I)Z 2 5381 orig 264 104 147 115 119 0 0 0 0 168 81 225 225 113 2 0 0 48 3 0 0 160 1 0 0 0 0 0 0 0 0 0 0 0 0 0 0 0 0 0 0 0 0 0 0 0 0 0 0 0 0 0 0 0 0 0 0 0 0 0 0 0 0 0 0 0 0 0 0 0 0 0 0 0 0 0 0 0 0 0 0 77 68 79 32 101 120 116 114 97 32 100 97 116 97 32 108 111 99 107 0 0 0 0 0 0 0 0 0 0 0 0 0 0 0 0 0 0 0 0 0 0 0 0 0 0 0 0 0 0 0 0 0 0 0 0 0 0 0 0 0 0 0 0 0 0 0 0 0 0 0 0 0 0 0 0 0 0 0 0 0 0 0 0 0 0 0 0 0 0 0 0 0 0 0 0 0 0 0 0 0 0 0 0 0 0 0 0 0 0 0 0 0 0 0 0 0 0 0 0 0 0 0 0 0 0 0 0 0 0 0 0 0 0 0 0 0 3 1 0 0 17 160 0 0 1 0 0 0 0 0 0 0 0 0 0 0 2 0 0 0 0 0 14 0 2 0 0 0 224 1 0 0 255 255 255 255 2 0 0 0 0 0 0 0 data 60 0x2 0x1402 0x50005 0x1 0x271e25fe9e0 0x1401 0x0 0x0 0xa0007 0xc 0xf0 0x13f6 0xe0005 0x1 0x271e25fe9e0 0x13f5 0x0 0x0 0x110007 0x0 0x150 0x13f6 0x170005 0x1 0x271e25fe9e0 0x13f5 0x0 0x0 0x1a0007 0x0 0x100 0x13f6 0x1f0005 0x1 0x271e25fe9e0 0x13f5 0x0 0x0 0x260005 0x0 0x271e25fe9e0 0xc 0x0 0x0 0x290007 0xc 0x80 0x0 0x330007 0x0 0x30 0x0 0x3c0002 0x0 0x430005 0x0 0x0 0x0 0x0 0x0 oops 5 4 java/util/concurrent/locks/ReentrantLock$FairSync 14 java/util/concurrent/locks/ReentrantLock$FairSync 24 java/util/concurrent/locks/ReentrantLock$FairSync 34 java/util/concurrent/locks/ReentrantLock$FairSync 40 java/util/concurrent/locks/ReentrantLock$FairSync
ciMethodData java/util/concurrent/atomic/AtomicInteger getAndAdd (I)I 2 4249 orig 264 104 147 115 119 0 0 0 0 248 252 163 218 113 2 0 0 128 1 0 0 0 0 0 0 0 0 0 0 0 0 0 0 0 0 0 0 0 0 0 0 0 0 0 0 0 0 0 0 0 0 0 0 0 0 0 0 0 0 0 0 0 0 0 0 0 0 0 0 0 0 0 0 0 0 0 0 0 0 0 0 77 68 79 32 101 120 116 114 97 32 100 97 116 97 32 108 111 99 107 0 0 0 0 0 0 0 0 0 0 0 0 0 0 0 0 0 0 0 0 0 0 0 0 0 0 0 0 0 0 0 0 0 0 0 0 0 0 0 0 0 0 0 0 0 0 0 0 0 0 0 0 0 0 0 0 0 0 0 0 0 0 0 0 0 0 0 0 0 0 0 0 0 0 0 0 0 0 0 0 0 0 0 0 0 17 0 0 0 0 0 0 0 0 0 0 0 0 0 0 0 0 0 0 0 0 0 0 0 0 0 0 0 0 0 0 0 131 1 0 0 177 120 0 0 1 0 0 0 0 0 0 0 0 0 0 0 2 0 0 0 0 0 3 0 1 0 0 0 48 0 0 0 255 255 255 255 5 0 8 0 0 0 0 0 data 6 0x80005 0x0 0x0 0x0 0x0 0x0 oops 0
ciMethodData java/lang/ThreadLocal <init> ()V 2 4248 orig 264 104 147 115 119 0 0 0 0 24 231 163 218 113 2 0 0 104 1 0 0 0 0 0 0 0 0 0 0 0 0 0 0 0 0 0 0 0 0 0 0 0 0 0 0 0 0 0 0 0 0 0 0 0 0 0 0 0 0 0 0 0 0 0 0 0 0 0 0 0 0 0 0 0 0 0 0 0 0 0 0 77 68 79 32 101 120 116 114 97 32 100 97 116 97 32 108 111 99 107 0 0 0 0 0 0 0 0 0 0 0 0 0 0 0 0 0 0 0 0 0 0 0 0 0 0 0 0 0 0 0 0 0 0 0 0 0 0 0 0 0 0 0 0 0 0 0 0 0 0 0 0 0 0 0 0 0 0 0 0 0 0 0 0 0 0 0 0 0 0 0 0 0 0 0 0 0 0 0 0 0 0 0 0 0 0 0 0 0 0 0 0 0 0 0 0 0 0 0 0 0 0 0 0 0 0 0 0 0 0 0 0 0 0 0 0 0 130 1 0 0 177 120 0 0 1 0 0 0 0 0 0 0 0 0 0 0 2 0 0 0 0 0 3 0 2 0 0 0 32 0 0 0 255 255 255 255 2 0 1 0 0 0 0 0 data 4 0x10002 0xf16 0x50002 0xf16 oops 0
ciMethodData java/lang/ThreadLocal nextHashCode ()I 2 4248 orig 264 104 147 115 119 0 0 0 0 72 229 163 218 113 2 0 0 112 1 0 0 0 0 0 0 0 0 0 0 0 0 0 0 0 0 0 0 0 0 0 0 0 0 0 0 0 0 0 0 0 0 0 0 0 0 0 0 0 0 0 0 0 0 0 0 0 0 0 0 0 0 0 0 0 0 0 0 0 0 0 0 77 68 79 32 101 120 116 114 97 32 100 97 116 97 32 108 111 99 107 0 0 0 0 0 0 0 0 0 0 0 0 0 0 0 0 0 0 0 0 0 0 0 0 0 0 0 0 0 0 0 0 0 0 0 0 0 0 0 0 0 0 0 0 0 0 0 0 0 0 0 0 0 0 0 0 0 0 0 0 0 0 0 0 0 0 0 0 0 0 0 0 0 0 0 0 0 0 0 0 0 0 0 0 0 0 0 0 0 0 0 0 0 0 0 0 0 0 0 0 0 0 0 0 0 0 0 0 0 0 0 0 0 0 0 0 0 130 1 0 0 177 120 0 0 1 0 0 0 0 0 0 0 0 0 0 0 2 0 0 0 0 0 3 0 2 0 0 0 48 0 0 0 255 255 255 255 5 0 5 0 0 0 0 0 data 6 0x50005 0x0 0x271e8029960 0xf16 0x0 0x0 oops 1 2 java/util/concurrent/atomic/AtomicInteger
ciMethodData java/util/concurrent/locks/ReentrantReadWriteLock <init> (Z)V 2 3977 orig 264 104 147 115 119 0 0 0 0 16 162 250 218 113 2 0 0 176 1 0 0 88 0 0 0 0 0 0 0 0 0 0 0 0 0 0 0 0 0 0 0 0 0 0 0 0 0 0 0 0 0 0 0 0 0 0 0 0 0 0 0 0 0 0 0 0 0 0 0 0 0 0 0 0 0 0 0 0 0 0 0 77 68 79 32 101 120 116 114 97 32 100 97 116 97 32 108 111 99 107 0 0 0 0 0 0 0 0 0 0 0 0 0 0 0 0 0 0 0 0 0 0 0 0 0 0 0 0 0 0 0 0 0 0 0 0 0 0 0 0 0 0 0 0 0 0 0 0 0 0 0 0 0 0 0 0 0 0 0 0 0 0 0 0 0 0 0 0 0 0 0 0 0 0 0 0 0 0 0 0 0 0 0 0 0 0 0 0 0 0 0 0 0 0 0 0 0 0 0 0 0 0 0 0 0 0 0 0 0 0 0 0 0 0 0 0 0 0 1 0 0 73 116 0 0 1 0 0 0 0 0 0 0 0 0 0 0 2 0 0 0 0 0 6 0 2 0 0 0 136 0 0 0 255 255 255 255 2 0 1 0 0 0 0 0 data 17 0x10002 0xe89 0x60007 0xe88 0x48 0x1 0xd0002 0x1 0x100003 0x1 0x28 0x170002 0xe88 0x230002 0xe89 0x2f0002 0xe89 oops 0
ciMethodData java/util/concurrent/locks/ReentrantReadWriteLock$Sync <init> ()V 2 3977 orig 264 104 147 115 119 0 0 0 0 216 195 250 218 113 2 0 0 200 1 0 0 0 0 0 0 0 0 0 0 0 0 0 0 0 0 0 0 0 0 0 0 0 0 0 0 0 0 0 0 0 0 0 0 0 0 0 0 0 0 0 0 0 0 0 0 0 0 0 0 0 0 0 0 0 0 0 0 0 0 0 0 77 68 79 32 101 120 116 114 97 32 100 97 116 97 32 108 111 99 107 0 0 0 0 0 0 0 0 0 0 0 0 0 0 0 0 0 0 0 0 0 0 0 0 0 0 0 0 0 0 0 0 0 0 0 0 0 0 0 0 0 0 0 0 0 0 0 0 0 0 0 0 0 0 0 0 0 0 0 0 0 0 0 0 0 0 0 0 0 0 0 0 0 0 0 0 0 0 0 0 0 0 0 0 0 0 0 0 0 0 0 0 0 0 0 0 0 0 0 0 0 0 0 0 0 0 0 0 0 0 0 0 0 0 0 0 0 0 1 0 0 73 116 0 0 1 0 0 0 0 0 0 0 0 0 0 0 2 0 0 0 0 0 3 0 2 0 0 0 128 0 0 0 255 255 255 255 2 0 1 0 0 0 0 0 data 16 0x10002 0xe89 0xe0002 0xe89 0x160005 0x0 0x271e04b2910 0xe88 0x271e0e0ccf0 0x1 0x190005 0x0 0x271e04b2910 0xe88 0x271e0e0ccf0 0x1 oops 4 6 java/util/concurrent/locks/ReentrantReadWriteLock$NonfairSync 8 java/util/concurrent/locks/ReentrantReadWriteLock$FairSync 12 java/util/concurrent/locks/ReentrantReadWriteLock$NonfairSync 14 java/util/concurrent/locks/ReentrantReadWriteLock$FairSync
ciMethodData java/util/concurrent/locks/ReentrantReadWriteLock$Sync$ThreadLocalHoldCounter <init> ()V 2 3977 orig 264 104 147 115 119 0 0 0 0 224 218 250 218 113 2 0 0 48 1 0 0 0 0 0 0 0 0 0 0 0 0 0 0 0 0 0 0 0 0 0 0 0 0 0 0 0 0 0 0 0 0 0 0 0 0 0 0 0 0 0 0 0 0 0 0 0 0 0 0 0 0 0 0 0 0 0 0 0 0 0 0 77 68 79 32 101 120 116 114 97 32 100 97 116 97 32 108 111 99 107 0 0 0 0 0 0 0 0 0 0 0 0 0 0 0 0 0 0 0 0 0 0 0 0 0 0 0 0 0 0 0 0 0 0 0 0 0 0 0 0 0 0 0 0 0 0 0 0 0 0 0 0 0 0 0 0 0 0 0 0 0 0 0 0 0 0 0 0 0 0 0 0 0 0 0 0 0 0 0 0 0 0 0 0 0 0 0 0 0 0 0 0 0 0 0 0 0 0 0 0 0 0 0 0 0 0 0 0 0 0 0 0 0 0 0 0 0 0 1 0 0 73 116 0 0 1 0 0 0 0 0 0 0 0 0 0 0 2 0 0 0 0 0 0 0 0 0 0 0 16 0 0 0 255 255 255 255 2 0 1 0 0 0 0 0 data 2 0x10002 0xe89 oops 0
ciMethodData java/util/concurrent/locks/ReentrantReadWriteLock$NonfairSync <init> ()V 2 3975 orig 264 104 147 115 119 0 0 0 0 8 185 250 218 113 2 0 0 48 1 0 0 0 0 0 0 0 0 0 0 0 0 0 0 0 0 0 0 0 0 0 0 0 0 0 0 0 0 0 0 0 0 0 0 0 0 0 0 0 0 0 0 0 0 0 0 0 0 0 0 0 0 0 0 0 0 0 0 0 0 0 0 77 68 79 32 101 120 116 114 97 32 100 97 116 97 32 108 111 99 107 0 0 0 0 0 0 0 0 0 0 0 0 0 0 0 0 0 0 0 0 0 0 0 0 0 0 0 0 0 0 0 0 0 0 0 0 0 0 0 0 0 0 0 0 0 0 0 0 0 0 0 0 0 0 0 0 0 0 0 0 0 0 0 0 0 0 0 0 0 0 0 0 0 0 0 0 0 0 0 0 0 0 0 0 0 0 0 0 0 0 0 0 0 0 0 0 0 0 0 0 0 0 0 0 0 0 0 0 0 0 0 0 0 0 0 0 0 255 0 0 0 65 116 0 0 1 0 0 0 0 0 0 0 0 0 0 0 2 0 0 0 0 0 0 0 0 0 0 0 16 0 0 0 255 255 255 255 2 0 1 0 0 0 0 0 data 2 0x10002 0xe88 oops 0
ciMethodData java/util/concurrent/locks/ReentrantReadWriteLock$ReadLock <init> (Ljava/util/concurrent/locks/ReentrantReadWriteLock;)V 2 3977 orig 264 104 147 115 119 0 0 0 0 160 225 250 218 113 2 0 0 56 1 0 0 0 0 0 0 0 0 0 0 0 0 0 0 0 0 0 0 0 0 0 0 0 0 0 0 0 0 0 0 0 0 0 0 0 0 0 0 0 0 0 0 0 0 0 0 0 0 0 0 0 0 0 0 0 0 0 0 0 0 0 0 77 68 79 32 101 120 116 114 97 32 100 97 116 97 32 108 111 99 107 0 0 0 0 0 0 0 0 0 0 0 0 0 0 0 0 0 0 0 0 0 0 0 0 0 0 0 0 0 0 0 0 0 0 0 0 0 0 0 0 0 0 0 0 0 0 0 0 0 0 0 0 0 0 0 0 0 0 0 0 0 0 0 0 0 0 0 0 0 0 0 0 0 0 0 0 0 0 0 0 0 0 0 0 0 0 0 0 0 0 0 0 0 0 0 0 0 0 0 0 0 0 0 0 0 0 0 0 0 0 0 0 0 0 0 0 0 0 1 0 0 73 116 0 0 1 0 0 0 0 0 0 0 0 0 0 0 2 0 0 0 0 0 0 0 0 0 0 0 16 0 0 0 255 255 255 255 2 0 1 0 0 0 0 0 data 2 0x10002 0xe89 oops 0
ciMethodData java/util/concurrent/locks/ReentrantReadWriteLock$WriteLock <init> (Ljava/util/concurrent/locks/ReentrantReadWriteLock;)V 2 3977 orig 264 104 147 115 119 0 0 0 0 32 238 250 218 113 2 0 0 56 1 0 0 0 0 0 0 0 0 0 0 0 0 0 0 0 0 0 0 0 0 0 0 0 0 0 0 0 0 0 0 0 0 0 0 0 0 0 0 0 0 0 0 0 0 0 0 0 0 0 0 0 0 0 0 0 0 0 0 0 0 0 0 77 68 79 32 101 120 116 114 97 32 100 97 116 97 32 108 111 99 107 0 0 0 0 0 0 0 0 0 0 0 0 0 0 0 0 0 0 0 0 0 0 0 0 0 0 0 0 0 0 0 0 0 0 0 0 0 0 0 0 0 0 0 0 0 0 0 0 0 0 0 0 0 0 0 0 0 0 0 0 0 0 0 0 0 0 0 0 0 0 0 0 0 0 0 0 0 0 0 0 0 0 0 0 0 0 0 0 0 0 0 0 0 0 0 0 0 0 0 0 0 0 0 0 0 0 0 0 0 0 0 0 0 0 0 0 0 0 1 0 0 73 116 0 0 1 0 0 0 0 0 0 0 0 0 0 0 2 0 0 0 0 0 0 0 0 0 0 0 16 0 0 0 255 255 255 255 2 0 1 0 0 0 0 0 data 2 0x10002 0xe89 oops 0
ciMethodData java/util/concurrent/locks/ReentrantReadWriteLock <init> ()V 2 3975 orig 264 104 147 115 119 0 0 0 0 72 161 250 218 113 2 0 0 48 1 0 0 0 0 0 0 0 0 0 0 0 0 0 0 0 0 0 0 0 0 0 0 0 0 0 0 0 0 0 0 0 0 0 0 0 0 0 0 0 0 0 0 0 0 0 0 0 0 0 0 0 0 0 0 0 0 0 0 0 0 0 0 77 68 79 32 101 120 116 114 97 32 100 97 116 97 32 108 111 99 107 0 0 0 0 0 0 0 0 0 0 0 0 0 0 0 0 0 0 0 0 0 0 0 0 0 0 0 0 0 0 0 0 0 0 0 0 0 0 0 0 0 0 0 0 0 0 0 0 0 0 0 0 0 0 0 0 0 0 0 0 0 0 0 0 0 0 0 0 0 0 0 0 0 0 0 0 0 0 0 0 0 0 0 0 0 0 0 0 0 0 0 0 0 0 0 0 0 0 0 0 0 0 0 0 0 0 0 0 0 0 0 0 0 0 0 0 0 1 1 0 0 49 116 0 0 1 0 0 0 0 0 0 0 0 0 0 0 2 0 0 0 0 0 3 0 2 0 0 0 16 0 0 0 255 255 255 255 2 0 2 0 0 0 0 0 data 2 0x20002 0xe86 oops 0
ciMethodData java/util/concurrent/CopyOnWriteArrayList add (Ljava/lang/Object;)Z 2 2178 orig 264 104 147 115 119 0 0 0 0 72 184 240 218 113 2 0 0 128 2 0 0 0 0 0 0 0 0 0 0 0 0 0 0 0 0 0 0 0 0 0 0 0 0 0 0 0 0 0 0 0 0 0 0 0 0 0 0 0 0 0 0 0 0 0 0 0 0 0 0 0 0 0 0 0 0 0 0 0 0 0 0 77 68 79 32 101 120 116 114 97 32 100 97 116 97 32 108 111 99 107 0 0 0 0 0 0 0 0 0 0 0 0 0 0 0 0 0 0 0 0 0 0 0 0 0 0 0 0 0 0 0 0 0 0 0 0 0 0 0 0 0 0 0 0 0 0 0 0 0 0 0 0 0 0 0 0 0 0 0 0 0 0 0 0 0 0 0 0 0 0 0 0 0 0 0 0 0 0 0 0 0 0 0 0 0 0 0 0 0 0 0 0 0 0 0 0 0 0 0 0 0 0 0 0 0 0 0 0 0 0 0 0 0 0 0 0 0 0 1 0 0 17 60 0 0 1 0 0 0 0 0 0 0 0 0 0 0 2 0 0 0 0 0 7 0 2 0 0 0 48 1 0 0 255 255 255 255 5 0 6 0 0 0 0 0 data 38 0x60005 0x0 0x271e7692de0 0x782 0x0 0x0 0xa0005 0x0 0x271e21ac2c0 0x782 0x0 0x0 0x170002 0x782 0x210004 0x0 0x271dda09e90 0x6e9 0x271e25fd130 0x2 0x250005 0x0 0x271e21ac2c0 0x782 0x0 0x0 0x2c0005 0x0 0x271e7692de0 0x782 0x0 0x0 0x350005 0x0 0x0 0x0 0x0 0x0 oops 6 2 java/util/concurrent/locks/ReentrantLock 8 java/util/concurrent/CopyOnWriteArrayList 16 com/mathworks/peermodel/impl/PeerNodeImpl 18 com/mathworks/addons_common/notificationframework/AddOnInstallationObserverImpl 22 java/util/concurrent/CopyOnWriteArrayList 28 java/util/concurrent/locks/ReentrantLock
ciMethodData java/util/concurrent/locks/ReentrantReadWriteLock$WriteLock tryLock (JLjava/util/concurrent/TimeUnit;)Z 2 3912 orig 264 104 147 115 119 0 0 0 0 144 240 250 218 113 2 0 0 192 1 0 0 0 0 0 0 0 0 0 0 0 0 0 0 0 0 0 0 0 0 0 0 0 0 0 0 0 0 0 0 0 0 0 0 0 0 0 0 0 0 0 0 0 0 0 0 0 0 0 0 0 0 0 0 0 0 0 0 0 0 0 0 77 68 79 32 101 120 116 114 97 32 100 97 116 97 32 108 111 99 107 0 0 0 0 0 0 0 0 0 0 0 0 0 0 0 0 0 0 0 0 0 0 0 0 0 0 0 0 0 0 0 0 0 0 0 0 0 0 0 0 0 0 0 0 0 0 0 0 0 0 0 0 0 0 0 0 0 0 0 0 0 0 0 0 0 0 0 0 0 0 0 0 0 0 0 0 0 0 0 0 0 0 0 0 0 0 0 0 0 0 0 0 0 0 0 0 0 0 0 0 0 0 0 0 0 0 0 0 0 0 0 0 0 0 0 0 0 128 1 0 0 65 110 0 0 1 0 0 0 0 0 0 0 0 0 0 0 2 0 0 0 0 0 3 0 2 0 0 0 96 0 0 0 255 255 255 255 5 0 7 0 0 0 0 0 data 12 0x70005 0x0 0x271e04af530 0xdc8 0x0 0x0 0xa0005 0x0 0x271e04b2910 0xdc8 0x0 0x0 oops 2 2 java/util/concurrent/TimeUnit$3 8 java/util/concurrent/locks/ReentrantReadWriteLock$NonfairSync
ciMethodData java/util/concurrent/locks/AbstractQueuedSynchronizer tryAcquireNanos (IJ)Z 2 3912 orig 264 104 147 115 119 0 0 0 0 152 177 206 218 113 2 0 0 56 2 0 0 160 0 0 0 0 0 0 0 0 0 0 0 0 0 0 0 0 0 0 0 0 0 0 0 0 0 0 0 0 0 0 0 0 0 0 0 0 0 0 0 0 0 0 0 0 0 0 0 0 0 0 0 0 0 0 0 0 0 0 0 77 68 79 32 101 120 116 114 97 32 100 97 116 97 32 108 111 99 107 0 0 0 0 0 0 0 0 0 0 0 0 0 0 0 0 0 0 0 0 0 0 0 0 0 0 0 0 0 0 0 0 0 0 0 0 0 0 0 0 0 0 0 0 0 0 0 0 0 0 0 0 0 0 0 0 0 0 0 0 0 0 0 0 0 0 0 0 0 0 0 0 0 0 0 0 0 0 0 0 0 0 0 0 0 0 0 0 0 0 0 0 0 0 0 0 0 0 0 0 0 0 0 0 0 0 0 0 0 0 0 0 0 0 0 0 0 128 1 0 0 65 110 0 0 1 0 0 0 0 0 0 0 0 0 0 0 2 0 0 0 0 0 11 0 2 0 0 0 216 0 0 0 255 255 255 255 2 0 0 0 0 0 0 0 data 27 0x2 0xdc8 0x30007 0xdc8 0x30 0x0 0xa0002 0x0 0x100005 0x0 0x271e04b2910 0xdc8 0x0 0x0 0x130007 0xdc2 0x50 0x6 0x190002 0x6 0x1c0007 0x0 0x38 0x6 0x200003 0xdc8 0x18 oops 1 10 java/util/concurrent/locks/ReentrantReadWriteLock$NonfairSync
ciMethodData java/util/concurrent/locks/AbstractQueuedSynchronizer doAcquireNanos (IJ)Z 1 14 orig 264 104 147 115 119 0 0 0 0 176 168 206 218 113 2 0 0 200 3 0 0 48 0 0 0 0 0 0 0 0 0 0 0 0 0 0 0 0 0 0 0 0 0 0 0 0 0 0 0 0 0 0 0 0 0 0 0 0 0 0 0 0 0 0 0 0 0 0 0 0 0 0 0 0 0 0 0 0 0 0 0 77 68 79 32 101 120 116 114 97 32 100 97 116 97 32 108 111 99 107 0 0 0 0 0 0 0 0 0 0 0 0 0 0 0 0 0 0 0 0 0 0 0 0 0 0 0 0 0 0 0 0 0 0 0 0 0 0 0 0 0 0 0 0 0 0 0 0 0 0 0 0 0 0 0 0 0 0 0 0 0 0 0 0 0 0 0 0 0 0 0 0 0 0 0 0 0 0 0 0 0 0 0 0 0 0 0 0 0 0 0 0 0 0 0 0 0 0 0 0 0 0 0 0 0 0 0 0 0 0 0 0 0 0 0 0 0 2 0 0 0 49 0 0 0 97 0 0 0 0 0 0 0 0 0 0 0 2 0 0 0 0 0 0 0 0 0 0 0 104 2 0 0 255 255 255 255 7 0 3 0 0 0 0 0 data 77 0x30007 0x6 0x20 0x0 0x80002 0x6 0x130002 0x6 0x1d0005 0x12 0x0 0x0 0x0 0x0 0x280007 0x0 0xb0 0x12 0x2d0005 0x0 0x271e04b2910 0x12 0x0 0x0 0x300007 0xc 0x60 0x6 0x360002 0x6 0x470007 0x6 0x30 0x0 0x4d0002 0x0 0x550002 0xc 0x5d0007 0xc 0x50 0x0 0x650007 0x0 0x30 0x0 0x6b0002 0x0 0x750002 0xc 0x780007 0x6 0x50 0x6 0x800007 0x0 0x30 0x6 0x850002 0x6 0x880002 0xc 0x8b0007 0xc 0x30 0x0 0x920002 0x0 0x960003 0xc 0xfffffffffffffe20 0x9d0007 0x0 0x30 0x0 0xa30002 0x0 oops 1 20 java/util/concurrent/locks/ReentrantReadWriteLock$NonfairSync
ciMethodData java/util/Collections synchronizedMap (Ljava/util/Map;)Ljava/util/Map; 2 2180 orig 264 104 147 115 119 0 0 0 0 88 121 157 218 113 2 0 0 48 1 0 0 0 0 0 0 0 0 0 0 0 0 0 0 0 0 0 0 0 0 0 0 0 0 0 0 0 0 0 0 0 0 0 0 0 0 0 0 0 0 0 0 0 0 0 0 0 0 0 0 0 0 0 0 0 0 0 0 0 0 0 0 77 68 79 32 101 120 116 114 97 32 100 97 116 97 32 108 111 99 107 0 0 0 0 0 0 0 0 0 0 0 0 0 0 0 0 0 0 0 0 0 0 0 0 0 0 0 0 0 0 0 0 0 0 0 0 0 0 0 0 0 0 0 0 0 0 0 0 0 0 0 0 0 0 0 0 0 0 0 0 0 0 0 0 0 0 0 0 0 0 0 0 0 0 0 0 0 0 0 0 0 0 0 0 0 0 0 0 0 0 0 0 0 0 0 0 0 0 0 0 0 0 0 0 0 0 0 0 0 0 0 0 0 0 0 0 0 3 1 0 0 9 60 0 0 1 0 0 0 0 0 0 0 0 0 0 0 2 0 0 0 0 0 7 0 2 0 0 0 16 0 0 0 255 255 255 255 2 0 5 0 0 0 0 0 data 2 0x50002 0x781 oops 0
ciMethodData java/util/Collections$SynchronizedMap <init> (Ljava/util/Map;)V 2 2279 orig 264 104 147 115 119 0 0 0 0 192 6 184 218 113 2 0 0 160 1 0 0 0 0 0 0 0 0 0 0 0 0 0 0 0 0 0 0 0 0 0 0 0 0 0 0 0 0 0 0 0 0 0 0 0 0 0 0 0 0 0 0 0 0 0 0 0 0 0 0 0 0 0 0 0 0 0 0 0 0 0 0 77 68 79 32 101 120 116 114 97 32 100 97 116 97 32 108 111 99 107 0 0 0 0 0 0 0 0 0 0 0 0 0 0 0 0 0 0 0 0 0 0 0 0 0 0 0 0 0 0 0 0 0 0 0 0 0 0 0 0 0 0 0 0 0 0 0 0 0 0 0 0 0 0 0 0 0 0 0 0 0 0 0 0 0 0 0 0 0 0 0 0 0 0 0 0 0 0 0 0 0 0 0 0 0 0 0 0 0 0 0 0 0 0 0 0 0 0 0 0 0 0 0 0 0 0 0 0 0 0 0 0 0 0 0 0 0 4 1 0 0 25 63 0 0 1 0 0 0 0 0 0 0 0 0 0 0 2 0 0 0 0 0 6 0 2 0 0 0 80 0 0 0 255 255 255 255 2 0 1 0 0 0 0 0 data 10 0x10002 0x7e3 0x60002 0x7e3 0x90004 0x0 0x271e802f470 0x1 0x271e287a4a0 0x63 oops 2 6 java/util/WeakHashMap 8 java/util/TreeMap
ciMethodData java/util/concurrent/CopyOnWriteArrayList contains (Ljava/lang/Object;)Z 2 1976 orig 264 104 147 115 119 0 0 0 0 120 176 240 218 113 2 0 0 200 1 0 0 0 0 0 0 0 0 0 0 0 0 0 0 0 0 0 0 0 0 0 0 0 0 0 0 0 0 0 0 0 0 0 0 0 0 0 0 0 0 0 0 0 0 0 0 0 0 0 0 0 0 0 0 0 0 0 0 0 0 0 0 77 68 79 32 101 120 116 114 97 32 100 97 116 97 32 108 111 99 107 0 0 0 0 0 0 0 0 0 0 0 0 0 0 0 0 0 0 0 0 0 0 0 0 0 0 0 0 0 0 0 0 0 0 0 0 0 0 0 0 0 0 0 0 0 0 0 0 0 0 0 0 0 0 0 0 0 0 0 0 0 0 0 0 0 0 0 0 0 0 0 0 0 0 0 0 0 0 0 0 0 0 0 0 0 0 0 0 0 0 0 0 0 0 0 0 0 0 0 0 0 0 0 0 0 0 0 0 0 0 0 0 0 0 0 0 0 0 1 0 0 193 53 0 0 1 0 0 0 0 0 0 0 0 0 0 0 2 0 0 0 0 0 6 0 2 0 0 0 120 0 0 0 255 255 255 255 5 0 1 0 0 0 0 0 data 15 0x10005 0x0 0x271e21ac2c0 0x6b8 0x0 0x0 0xa0002 0x6b8 0xd0007 0x6b2 0x38 0x6 0x110003 0x6 0x18 oops 1 2 java/util/concurrent/CopyOnWriteArrayList
ciMethodData com/mathworks/peermodel/impl/PeerModelManagerImpl getDataProperties (Ljava/util/Map;)Ljava/util/Map; 2 5517 orig 264 104 147 115 119 0 0 0 0 16 224 27 225 113 2 0 0 88 2 0 0 224 0 0 0 0 0 0 0 0 0 0 0 0 0 0 0 0 0 0 0 0 0 0 0 0 0 0 0 0 0 0 0 0 0 0 0 0 0 0 0 0 0 0 0 0 0 0 0 0 0 0 0 0 0 0 0 0 0 0 0 77 68 79 32 101 120 116 114 97 32 100 97 116 97 32 108 111 99 107 0 0 0 0 0 0 0 0 0 0 0 0 0 0 0 0 0 0 0 0 0 0 0 0 0 0 0 0 0 0 0 0 0 0 0 0 0 0 0 0 0 0 0 0 0 0 0 0 0 0 0 0 0 0 0 0 0 0 0 0 0 0 0 0 0 0 0 0 0 0 0 0 0 0 0 0 0 0 0 0 0 0 0 0 0 25 0 0 0 0 0 0 0 1 0 0 0 0 0 0 0 1 0 0 0 0 0 0 0 0 0 0 0 0 0 0 0 0 1 0 0 105 164 0 0 1 0 0 0 0 0 0 0 0 0 0 0 2 0 0 0 0 0 6 0 2 0 0 0 8 1 0 0 255 255 255 255 5 0 3 0 0 0 0 0 data 33 0x30005 0x0 0x271dda09bd0 0x148d 0x0 0x0 0x80004 0x0 0x271dda09bd0 0x148d 0x0 0x0 0xb0007 0x0 0x98 0x148d 0x110005 0x0 0x271dda09bd0 0x148d 0x0 0x0 0x160004 0x0 0x271dda09bd0 0x148d 0x0 0x0 0x1a0003 0x148d 0x28 0x210002 0x0 oops 4 2 java/util/HashMap 8 java/util/HashMap 18 java/util/HashMap 24 java/util/HashMap
ciMethodData com/mathworks/peermodel/impl/PeerNodeImpl <init> (Ljava/lang/String;Ljava/lang/String;Ljava/util/Map;)V 2 1968 orig 264 104 147 115 119 0 0 0 0 96 229 226 225 113 2 0 0 0 3 0 0 32 1 0 0 0 0 0 0 0 0 0 0 0 0 0 0 0 0 0 0 0 0 0 0 0 0 0 0 0 0 0 0 0 0 0 0 0 0 0 0 0 0 0 0 0 0 0 0 0 0 0 0 0 0 0 0 0 0 0 0 77 68 79 32 101 120 116 114 97 32 100 97 116 97 32 108 111 99 107 0 0 0 0 0 0 0 0 0 0 0 0 0 0 0 0 0 0 0 0 0 0 0 0 0 0 0 0 0 0 0 0 0 0 0 0 0 0 0 0 0 0 0 0 0 0 0 0 0 0 0 0 0 0 0 0 0 0 0 0 0 0 0 0 0 0 0 0 0 0 0 0 0 0 0 0 0 0 0 0 0 0 0 0 0 0 0 0 0 0 0 0 0 0 0 0 0 0 0 0 0 0 0 0 0 0 0 0 0 0 0 0 0 0 0 0 0 0 1 0 0 129 53 0 0 1 0 0 0 0 0 0 0 0 0 0 0 2 0 0 0 0 0 9 0 2 0 0 0 160 1 0 0 255 255 255 255 2 0 1 0 0 0 0 0 data 52 0x10002 0x6b0 0x90002 0x6b0 0x190002 0x6b0 0x240002 0x6b0 0x2f0002 0x6b0 0x3a0005 0x0 0x271e24f75e0 0x6b0 0x0 0x0 0x450005 0x0 0x271e24f75e0 0x6b0 0x0 0x0 0x500002 0x6b0 0x5c0007 0x6b0 0x90 0x0 0x5f0002 0x0 0x620005 0x0 0x0 0x0 0x0 0x0 0x680005 0x0 0x0 0x0 0x0 0x0 0x770007 0x0 0x50 0x6b0 0x7c0005 0x0 0x271dda09e90 0x6a5 0x271dda09f40 0xb oops 4 12 java/util/concurrent/locks/ReentrantReadWriteLock 18 java/util/concurrent/locks/ReentrantReadWriteLock 48 com/mathworks/peermodel/impl/PeerNodeImpl 50 com/mathworks/peermodel/impl/RootPeerNodeImpl
ciMethodData com/mathworks/peermodel/impl/PeerNodeImpl setProperties (Ljava/util/Map;)V 2 1968 orig 264 104 147 115 119 0 0 0 0 176 243 226 225 113 2 0 0 128 1 0 0 0 0 0 0 0 0 0 0 0 0 0 0 0 0 0 0 0 0 0 0 0 0 0 0 0 0 0 0 0 0 0 0 0 0 0 0 0 0 0 0 0 0 0 0 0 0 0 0 0 0 0 0 0 0 0 0 0 0 0 0 77 68 79 32 101 120 116 114 97 32 100 97 116 97 32 108 111 99 107 0 0 0 0 0 0 0 0 0 0 0 0 0 0 0 0 0 0 0 0 0 0 0 0 0 0 0 0 0 0 0 0 0 0 0 0 0 0 0 0 0 0 0 0 0 0 0 0 0 0 0 0 0 0 0 0 0 0 0 0 0 0 0 0 0 0 0 0 0 0 0 0 0 0 0 0 0 0 0 0 0 0 0 0 0 0 0 0 0 0 0 0 0 0 0 0 0 0 0 0 0 0 0 0 0 0 0 0 0 0 0 0 0 0 0 0 0 0 1 0 0 129 53 0 0 1 0 0 0 0 0 0 0 0 0 0 0 2 0 0 0 0 0 3 0 2 0 0 0 48 0 0 0 255 255 255 255 5 0 3 0 0 0 0 0 data 6 0x30005 0x0 0x271dda09e90 0x6a5 0x271dda09f40 0xb oops 2 2 com/mathworks/peermodel/impl/PeerNodeImpl 4 com/mathworks/peermodel/impl/RootPeerNodeImpl
ciMethodData com/mathworks/peermodel/impl/PeerNodeImpl mergeVersionVectors (Ljava/lang/String;Ljava/util/Map;)V 2 2303 orig 264 104 147 115 119 0 0 0 0 104 108 33 235 113 2 0 0 160 6 0 0 96 0 0 0 0 0 0 0 0 0 0 0 0 0 0 0 0 0 0 0 0 0 0 0 0 0 0 0 0 0 0 0 0 0 0 0 0 0 0 0 0 0 0 0 0 0 0 0 0 0 0 0 0 0 0 0 0 0 0 0 77 68 79 32 101 120 116 114 97 32 100 97 116 97 32 108 111 99 107 0 0 0 0 0 0 0 0 0 0 0 0 0 0 0 0 0 0 0 0 0 0 0 0 0 0 0 0 0 0 0 0 0 0 0 0 0 0 0 0 0 0 0 0 0 0 0 0 0 0 0 0 0 0 0 0 0 0 0 0 0 0 0 0 0 0 0 0 0 0 0 0 0 0 0 0 0 0 0 0 0 0 0 0 0 0 0 0 0 0 0 0 0 0 0 0 0 0 0 0 0 0 0 0 0 0 0 0 0 0 0 0 0 0 0 0 0 0 1 0 0 249 63 0 0 193 0 0 0 0 0 0 0 0 0 0 0 2 0 0 0 1 0 29 0 2 0 0 0 72 5 0 0 255 255 255 255 7 0 1 0 0 0 0 0 data 169 0x10007 0x7f3 0x548 0xc 0x60002 0xc 0xb0005 0x0 0x271dda09bd0 0xc 0x0 0x0 0x100005 0x0 0x271dda09c80 0xc 0x0 0x0 0x190005 0x0 0x271dda09d30 0x24 0x0 0x0 0x1e0007 0xc 0x488 0x18 0x230005 0x0 0x271dda09d30 0x18 0x0 0x0 0x280004 0x0 0x271dda09de0 0x18 0x0 0x0 0x2f0005 0x0 0x271dda09de0 0x18 0x0 0x0 0x340007 0x0 0x3c0 0x18 0x390005 0x0 0x271dda09de0 0x18 0x0 0x0 0x3e0004 0x0 0x271be936bc0 0x18 0x0 0x0 0x450005 0x0 0x271dda09de0 0x18 0x0 0x0 0x4a0004 0x0 0x271db2ebba0 0x18 0x0 0x0 0x4d0007 0x0 0xc8 0x18 0x520005 0x0 0x271dda09de0 0x18 0x0 0x0 0x570004 0x0 0x271db2ebba0 0x18 0x0 0x0 0x5a0005 0x0 0x271db2ebba0 0x18 0x0 0x0 0x5e0003 0x18 0xa8 0x630005 0x0 0x0 0x0 0x0 0x0 0x680004 0x0 0x0 0x0 0x0 0x0 0x6b0005 0x0 0x0 0x0 0x0 0x0 0x730005 0x0 0x271dda09bd0 0x18 0x0 0x0 0x780007 0x0 0x118 0x18 0x830005 0x0 0x271dda09bd0 0x18 0x0 0x0 0x880004 0x0 0x271db2ebd50 0x18 0x0 0x0 0x8b0005 0x0 0x271db2ebd50 0x18 0x0 0x0 0x8e0002 0x18 0x910002 0x18 0x940005 0x0 0x271dda09bd0 0x18 0x0 0x0 0x9a0003 0x18 0x58 0xa20002 0x0 0xa50005 0x0 0x0 0x0 0x0 0x0 0xab0003 0x18 0xfffffffffffffb60 oops 18 8 java/util/HashMap 14 java/util/HashMap$EntrySet 20 java/util/HashMap$EntryIterator 30 java/util/HashMap$EntryIterator 36 java/util/HashMap$Node 42 java/util/HashMap$Node 52 java/util/HashMap$Node 58 java/lang/String 64 java/util/HashMap$Node 70 java/lang/Double 80 java/util/HashMap$Node 86 java/lang/Double 92 java/lang/Double 119 java/util/HashMap 129 java/util/HashMap 135 java/lang/Integer 141 java/lang/Integer 151 java/util/HashMap
ciMethodData com/mathworks/peermodel/impl/PeerNodeImpl addChild (Ljava/lang/String;Ljava/lang/String;Ljava/util/Map;ILjava/lang/Object;)Lcom/mathworks/peermodel/PeerNodeSyncable; 2 1956 orig 264 104 147 115 119 0 0 0 0 112 50 33 235 113 2 0 0 176 1 0 0 0 0 0 0 0 0 0 0 0 0 0 0 0 0 0 0 0 0 0 0 0 0 0 0 0 0 0 0 0 0 0 0 0 0 0 0 0 0 0 0 0 0 0 0 0 0 0 0 0 0 0 0 0 0 0 0 0 0 0 0 77 68 79 32 101 120 116 114 97 32 100 97 116 97 32 108 111 99 107 0 0 0 0 0 0 0 0 0 0 0 0 0 0 0 0 0 0 0 0 0 0 0 0 0 0 0 0 0 0 0 0 0 0 0 0 0 0 0 0 0 0 0 0 0 0 0 0 0 0 0 0 0 0 0 0 0 0 0 0 0 0 0 0 0 0 0 0 0 0 0 0 0 0 0 0 0 0 0 0 0 0 0 0 0 0 0 0 0 0 0 0 0 0 0 0 0 0 0 0 0 0 0 0 0 0 0 0 0 0 0 0 0 0 0 0 0 163 1 0 0 9 48 0 0 1 0 0 0 0 0 0 0 0 0 0 0 2 0 0 0 0 0 3 0 2 0 0 0 64 0 0 0 255 255 255 255 2 0 7 0 0 0 0 0 data 8 0x70002 0x601 0x130005 0x0 0x271dda09f40 0x601 0x0 0x0 oops 1 4 com/mathworks/peermodel/impl/RootPeerNodeImpl
ciMethodData com/mathworks/peermodel/impl/PeerNodeImpl addChild (Lcom/mathworks/peermodel/PeerNode;ILjava/lang/Object;)V 2 1956 orig 264 104 147 115 119 0 0 0 0 96 51 33 235 113 2 0 0 72 2 0 0 192 0 0 0 0 0 0 0 0 0 0 0 0 0 0 0 0 0 0 0 0 0 0 0 0 0 0 0 0 0 0 0 0 0 0 0 0 0 0 0 0 0 0 0 0 0 0 0 0 0 0 0 0 0 0 0 0 0 0 0 77 68 79 32 101 120 116 114 97 32 100 97 116 97 32 108 111 99 107 0 0 0 0 0 0 0 0 0 0 0 0 0 0 0 0 0 0 0 0 0 0 0 0 0 0 0 0 0 0 0 0 0 0 0 0 0 0 0 0 0 0 0 0 0 0 0 0 0 0 0 0 0 0 0 0 0 0 0 0 0 0 0 0 0 0 0 0 0 0 0 0 0 0 0 0 0 0 0 0 0 0 0 0 0 0 0 0 0 0 0 0 0 0 0 0 0 0 0 0 0 0 0 0 0 0 0 0 0 0 0 0 0 0 0 0 0 166 1 0 0 241 47 0 0 1 0 0 0 0 0 0 0 0 0 0 0 2 0 0 0 0 0 6 0 2 0 0 0 232 0 0 0 255 255 255 255 4 0 1 0 0 0 0 0 data 29 0x10004 0x0 0x271dda09e90 0x5fe 0x0 0x0 0x40007 0x0 0xa8 0x5fe 0x90004 0x0 0x271dda09e90 0x5fe 0x0 0x0 0xd0005 0x0 0x271dda09f40 0x5fe 0x0 0x0 0x150002 0x5fe 0x180003 0x5fe 0x28 0x210002 0x0 oops 3 2 com/mathworks/peermodel/impl/PeerNodeImpl 12 com/mathworks/peermodel/impl/PeerNodeImpl 18 com/mathworks/peermodel/impl/RootPeerNodeImpl
ciMethodData com/mathworks/peermodel/impl/PeerNodeImpl addChildNoEvent (Lcom/mathworks/peermodel/impl/PeerNodeImpl;I)V 2 1956 orig 264 104 147 115 119 0 0 0 0 160 52 33 235 113 2 0 0 120 3 0 0 104 1 0 0 0 0 0 0 0 0 0 0 0 0 0 0 0 0 0 0 0 0 0 0 0 0 0 0 0 0 0 0 0 0 0 0 0 0 0 0 0 0 0 0 0 0 0 0 0 0 0 0 0 0 0 0 0 0 0 0 77 68 79 32 101 120 116 114 97 32 100 97 116 97 32 108 111 99 107 0 0 0 0 0 0 0 0 0 0 0 0 0 0 0 0 0 0 0 0 0 0 0 0 0 0 0 0 0 0 0 0 0 0 0 0 0 0 0 0 0 0 0 0 0 0 0 0 0 0 0 0 0 0 0 0 0 0 0 0 0 0 0 0 0 0 0 0 0 0 0 0 0 0 0 0 0 0 0 0 0 0 0 0 0 0 0 0 0 0 0 0 0 0 0 0 0 0 0 0 0 0 0 0 0 0 0 0 0 0 0 0 0 0 0 0 0 192 1 0 0 33 47 0 0 1 0 0 0 0 0 0 0 0 0 0 0 2 0 0 0 2 0 29 0 2 0 0 0 32 2 0 0 255 255 255 255 5 0 1 0 0 0 0 0 data 68 0x10005 0x0 0x271dda09f40 0x5e4 0x0 0x0 0x60005 0x0 0x271dda09f40 0x5e4 0x0 0x0 0x90007 0x5e4 0x50 0x0 0xd0005 0x0 0x0 0x0 0x0 0x0 0x140007 0x0 0xb8 0x5e4 0x1c0005 0x0 0x271e21ac2c0 0x5e4 0x0 0x0 0x210007 0x5e4 0x68 0x0 0x2a0005 0x0 0x0 0x0 0x0 0x0 0x2f0003 0x0 0x48 0x370005 0x0 0x271e21ac2c0 0x5e4 0x0 0x0 0x3f0002 0x5e4 0x430005 0x0 0x271dda09f40 0x5e4 0x0 0x0 0x460003 0x5e4 0x48 0x4b0005 0x0 0x0 0x0 0x0 0x0 oops 5 2 com/mathworks/peermodel/impl/RootPeerNodeImpl 8 com/mathworks/peermodel/impl/RootPeerNodeImpl 28 java/util/concurrent/CopyOnWriteArrayList 47 java/util/concurrent/CopyOnWriteArrayList 55 com/mathworks/peermodel/impl/RootPeerNodeImpl
ciMethodData com/mathworks/peermodel/impl/PeerNodeImpl dispatchChildAddedEvent (Lcom/mathworks/peermodel/PeerNode;Lcom/mathworks/peermodel/PeerNode;ILjava/lang/Object;)V 2 1956 orig 264 104 147 115 119 0 0 0 0 240 53 33 235 113 2 0 0 128 2 0 0 80 0 0 0 0 0 0 0 0 0 0 0 0 0 0 0 0 0 0 0 0 0 0 0 0 0 0 0 0 0 0 0 0 0 0 0 0 0 0 0 0 0 0 0 0 0 0 0 0 0 0 0 0 0 0 0 0 0 0 0 77 68 79 32 101 120 116 114 97 32 100 97 116 97 32 108 111 99 107 0 0 0 0 0 0 0 0 0 0 0 0 0 0 0 0 0 0 0 0 0 0 0 0 0 0 0 0 0 0 0 0 0 0 0 0 0 0 0 0 0 0 0 0 0 0 0 0 0 0 0 0 0 0 0 0 0 0 0 0 0 0 0 0 0 0 0 0 0 0 0 0 0 0 0 0 0 0 0 0 0 0 0 0 0 0 0 0 0 0 0 0 0 0 0 0 0 0 0 0 0 0 0 0 0 0 0 0 0 0 0 0 0 0 0 0 0 192 1 0 0 33 47 0 0 1 0 0 0 0 0 0 0 0 0 0 0 2 0 0 0 0 0 25 0 2 0 0 0 24 1 0 0 255 255 255 255 7 0 3 0 0 0 0 0 data 35 0x30007 0x5e4 0x68 0x0 0xa0005 0x0 0x0 0x0 0x0 0x0 0x110003 0x0 0x18 0x1b0002 0x5e4 0x250005 0x0 0x271dda09bd0 0x5e4 0x0 0x0 0x310002 0x5e4 0x340005 0x0 0x271dda09bd0 0x5e4 0x0 0x0 0x450005 0x0 0x271e768e5a0 0x5e4 0x0 0x0 oops 3 17 java/util/HashMap 25 java/util/HashMap 31 com/mathworks/peermodel/impl/ObservableImpl
ciMethodData com/mathworks/peermodel/impl/PeerNodeImpl hasChild (Lcom/mathworks/peermodel/PeerNode;)Z 2 1956 orig 264 104 147 115 119 0 0 0 0 240 54 33 235 113 2 0 0 152 2 0 0 208 0 0 0 0 0 0 0 0 0 0 0 0 0 0 0 0 0 0 0 0 0 0 0 0 0 0 0 0 0 0 0 0 0 0 0 0 0 0 0 0 0 0 0 0 0 0 0 0 0 0 0 0 0 0 0 0 0 0 0 77 68 79 32 101 120 116 114 97 32 100 97 116 97 32 108 111 99 107 0 0 0 0 0 0 0 0 0 0 0 0 0 0 0 0 0 0 0 0 0 0 0 0 0 0 0 0 0 0 0 0 0 0 0 0 0 0 0 0 0 0 0 0 0 0 0 0 0 0 0 0 0 0 0 0 0 0 0 0 0 0 0 0 0 0 0 0 0 0 0 0 0 0 0 0 0 0 0 0 0 0 0 0 0 0 0 0 0 0 0 0 0 0 0 0 0 0 0 0 0 0 0 0 0 0 0 0 0 0 0 0 0 0 0 0 0 215 1 0 0 105 46 0 0 1 0 0 0 0 0 0 0 0 0 0 0 2 0 0 0 1 0 17 0 2 0 0 0 72 1 0 0 255 255 255 255 5 0 1 0 0 0 0 0 data 41 0x10005 0x0 0x271dda09f40 0x5cd 0x0 0x0 0x50004 0x0 0x271dda09e90 0x5cd 0x0 0x0 0x80007 0x0 0x88 0x5cd 0x100005 0x0 0x271e21ac2c0 0x5cd 0x0 0x0 0x150007 0x5cd 0x38 0x0 0x190003 0x0 0x18 0x1f0005 0x0 0x271dda09f40 0x5cd 0x0 0x0 0x260005 0x0 0x0 0x0 0x0 0x0 oops 4 2 com/mathworks/peermodel/impl/RootPeerNodeImpl 8 com/mathworks/peermodel/impl/PeerNodeImpl 18 java/util/concurrent/CopyOnWriteArrayList 31 com/mathworks/peermodel/impl/RootPeerNodeImpl
ciMethodData com/mathworks/peermodel/impl/PeerNodeImpl setParent (Lcom/mathworks/peermodel/impl/PeerNodeImpl;)V 2 1956 orig 264 104 147 115 119 0 0 0 0 120 83 33 235 113 2 0 0 248 1 0 0 0 0 0 0 0 0 0 0 0 0 0 0 0 0 0 0 0 0 0 0 0 0 0 0 0 0 0 0 0 0 0 0 0 0 0 0 0 0 0 0 0 0 0 0 0 0 0 0 0 0 0 0 0 0 0 0 0 0 0 0 77 68 79 32 101 120 116 114 97 32 100 97 116 97 32 108 111 99 107 0 0 0 0 0 0 0 0 0 0 0 0 0 0 0 0 0 0 0 0 0 0 0 0 0 0 0 0 0 0 0 0 0 0 0 0 0 0 0 0 0 0 0 0 0 0 0 0 0 0 0 0 0 0 0 0 0 0 0 0 0 0 0 0 0 0 0 0 0 0 0 0 0 0 0 0 0 0 0 0 0 0 0 0 0 0 0 0 0 0 0 0 0 0 0 0 0 0 0 0 0 0 0 0 0 0 0 0 0 0 0 0 0 0 0 0 0 217 1 0 0 89 46 0 0 1 0 0 0 0 0 0 0 0 0 0 0 2 0 0 0 0 0 0 0 0 0 0 0 168 0 0 0 255 255 255 255 5 0 1 0 0 0 0 0 data 21 0x10005 0x0 0x271dda09e90 0x5cb 0x0 0x0 0xa0005 0x0 0x271dda09e90 0x5cb 0x0 0x0 0xd0003 0x5cb 0x48 0x120005 0x0 0x0 0x0 0x0 0x0 oops 2 2 com/mathworks/peermodel/impl/PeerNodeImpl 8 com/mathworks/peermodel/impl/PeerNodeImpl
ciMethodData com/mathworks/peermodel/impl/PeerNodeImpl hasChild (Ljava/lang/String;)Z 2 237661 orig 264 104 147 115 119 0 0 0 0 48 56 33 235 113 2 0 0 136 3 0 0 192 1 0 0 0 0 0 0 0 0 0 0 0 0 0 0 0 0 0 0 0 0 0 0 0 0 0 0 0 0 0 0 0 0 0 0 0 0 0 0 0 0 0 0 0 0 0 0 0 0 0 0 0 0 0 0 0 0 0 0 77 68 79 32 101 120 116 114 97 32 100 97 116 97 32 108 111 99 107 0 0 0 0 0 0 0 0 0 0 0 0 0 0 0 0 0 0 0 0 0 0 0 0 0 0 0 0 0 0 0 0 0 0 0 0 0 0 0 0 0 0 0 0 0 2 0 0 0 1 0 0 0 0 0 0 0 0 0 0 0 0 0 0 0 0 0 0 0 0 0 0 0 0 0 0 0 0 0 0 2 0 0 0 0 17 0 0 0 0 0 0 0 0 0 0 0 0 0 0 0 0 0 0 0 0 0 0 0 0 0 0 0 0 0 0 0 54 52 0 0 9 43 0 0 57 97 27 0 255 2 0 0 0 212 1 0 2 0 0 0 2 0 18 0 2 0 0 0 56 2 0 0 255 255 255 255 5 0 1 0 0 0 0 0 data 71 0x10005 0x0 0x271dda09f40 0x561 0x0 0x0 0x80005 0x0 0x271e21ac2c0 0x561 0x0 0x0 0xf0005 0x0 0x271e8de0090 0x3717c 0x0 0x0 0x140007 0x2d7 0x148 0x36ea5 0x180005 0x0 0x271e8de0090 0x36ea5 0x0 0x0 0x1d0004 0x0 0x271dda09e90 0x36ea5 0x0 0x0 0x220005 0x0 0x271dda09e90 0x36ea5 0x0 0x0 0x280005 0x9bac 0x271be936bc0 0x2d2f9 0x0 0x0 0x2be007 0x36c1c 0x50 0x28b 0x320005 0x0 0x271dda09f40 0x28b 0x0 0x0 0x380003 0x36c1c 0xfffffffffffffea0 0x3e0005 0x0 0x271dda09f40 0x2d7 0x0 0x0 0x460005 0x0 0x0 0x0 0x0 0x0 oops 9 2 com/mathworks/peermodel/impl/RootPeerNodeImpl 8 java/util/concurrent/CopyOnWriteArrayList 14 java/util/concurrent/CopyOnWriteArrayList$COWIterator 24 java/util/concurrent/CopyOnWriteArrayList$COWIterator 30 com/mathworks/peermodel/impl/PeerNodeImpl 36 com/mathworks/peermodel/impl/PeerNodeImpl 42 java/lang/String 52 com/mathworks/peermodel/impl/RootPeerNodeImpl 61 com/mathworks/peermodel/impl/RootPeerNodeImpl
ciMethodData com/mathworks/peermodel/impl/PeerModelManagerImpl addNewChildren (Lcom/mathworks/peermodel/PeerNodeSyncable;Ljava/util/Map;Ljava/lang/Object;)Ljava/util/List; 2 5904 orig 264 104 147 115 119 0 0 0 0 24 217 27 225 113 2 0 0 40 4 0 0 64 0 0 0 0 0 0 0 0 0 0 0 0 0 0 0 0 0 0 0 0 0 0 0 0 0 0 0 0 0 0 0 0 0 0 0 0 0 0 0 0 0 0 0 0 0 0 0 0 0 0 0 0 0 0 0 0 0 0 0 77 68 79 32 101 120 116 114 97 32 100 97 116 97 32 108 111 99 107 0 0 0 0 0 0 0 0 0 0 0 0 0 0 0 0 0 0 0 0 0 0 0 0 0 0 0 0 0 0 0 0 0 0 0 0 0 0 0 0 0 0 0 0 0 0 0 0 0 0 0 0 0 0 0 0 0 0 0 0 0 0 0 0 0 0 0 0 0 0 0 0 0 0 0 0 0 0 0 0 0 0 0 0 0 0 0 0 0 0 0 0 0 0 0 0 0 0 0 0 0 0 0 0 0 0 0 0 0 0 0 0 0 0 0 0 0 215 1 0 0 201 169 0 0 137 161 0 0 0 0 0 0 0 0 0 0 2 0 0 0 1 0 25 0 2 0 0 0 200 2 0 0 255 255 255 255 5 0 2 0 0 0 0 0 data 89 0x20005 0x0 0x271dda091d0 0x1539 0x0 0x0 0xb0002 0x1539 0x120007 0x3c 0x288 0x14fd 0x1d0007 0x14fd 0x268 0x1431 0x250004 0x0 0x271dda09bd0 0x1431 0x0 0x0 0x2f0005 0x0 0x271dda09bd0 0x1431 0x0 0x0 0x340004 0x0 0x271be936bc0 0x1431 0x0 0x0 0x370005 0x0 0x271dda09f40 0x1431 0x0 0x0 0x3c0007 0xf48 0x170 0x4e9 0x460005 0x0 0x271dda09bd0 0x4e9 0x0 0x0 0x4b0004 0x0 0x271be936bc0 0x4e9 0x0 0x0 0x520005 0x0 0x271dda09bd0 0x4e9 0x0 0x0 0x570004 0x0 0x271be936bc0 0x4e9 0x0 0x0 0x5d0005 0x0 0x271dda091d0 0x4e9 0x0 0x0 0x630005 0x0 0x271dda09f40 0x4e9 0x0 0x0 0x680005 0x0 0x271e75e4510 0x4e9 0x0 0x0 0x710003 0x1431 0xfffffffffffffdb0 oops 12 2 com/mathworks/peermodel/impl/PeerModelManagerImpl 18 java/util/HashMap 24 java/util/HashMap 30 java/lang/String 36 com/mathworks/peermodel/impl/RootPeerNodeImpl 46 java/util/HashMap 52 java/lang/String 58 java/util/HashMap 64 java/lang/String 70 com/mathworks/peermodel/impl/PeerModelManagerImpl 76 com/mathworks/peermodel/impl/RootPeerNodeImpl 82 java/util/ArrayList
ciMethodData com/mathworks/peermodel/impl/PeerModelManagerImpl updateNodeRecursiveFromSnapshot (Lcom/mathworks/peermodel/PeerNodeSyncable;Ljava/util/Map;ZZLjava/lang/Object;)V 2 5666 orig 264 104 147 115 119 0 0 0 0 144 211 27 225 113 2 0 0 224 5 0 0 0 4 0 0 0 0 0 0 0 0 0 0 0 0 0 0 0 0 0 0 0 0 0 0 0 0 0 0 0 0 0 0 0 0 0 0 0 0 0 0 0 0 0 0 0 0 0 0 0 0 0 0 0 0 0 0 0 0 0 0 77 68 79 32 101 120 116 114 97 32 100 97 116 97 32 108 111 99 107 0 0 0 0 0 0 0 0 0 0 0 0 0 0 0 0 0 0 0 0 0 0 0 0 0 0 0 0 0 0 0 0 0 0 0 0 0 0 0 0 0 0 0 0 0 0 0 0 0 0 0 0 0 0 0 0 0 0 0 0 0 0 0 0 0 0 0 0 0 0 0 0 0 0 0 0 0 0 0 0 0 0 0 0 0 0 0 0 0 0 0 0 0 0 0 0 0 0 0 0 0 0 0 0 0 0 0 0 0 0 0 0 0 0 0 0 0 215 1 0 0 209 160 0 0 65 0 0 0 0 0 0 0 0 0 0 0 2 0 0 0 1 0 16 0 2 0 0 0 112 4 0 0 255 255 255 255 5 0 3 0 0 0 0 0 data 142 0x30005 0x0 0x271dda09bd0 0x141a 0x0 0x0 0x80007 0x1412 0x318 0x8 0xe0005 0x0 0x271dda09bd0 0x8 0x0 0x0 0x130004 0x0 0x271dda09bd0 0x8 0x0 0x0 0x160007 0x0 0x298 0x8 0x1c0005 0x0 0x271dda09bd0 0x8 0x0 0x0 0x210004 0x0 0x271dda09bd0 0x8 0x0 0x0 0x280005 0x0 0x271dda09bd0 0x8 0x0 0x0 0x2d0005 0x0 0x271dda09c80 0x8 0x0 0x0 0x360005 0x0 0x271dda09d30 0x10 0x0 0x0 0x3b0007 0x8 0x188 0x8 0x400005 0x0 0x271dda09d30 0x8 0x0 0x0 0x450004 0x0 0x271dda09de0 0x8 0x0 0x0 0x4d0005 0x0 0x271dda09de0 0x8 0x0 0x0 0x520004 0x0 0x271be936bc0 0x8 0x0 0x0 0x570005 0x0 0x271dda09de0 0x8 0x0 0x0 0x5c0004 0x0 0x271dda09bd0 0x8 0x0 0x0 0x5f0005 0x0 0x271dda09e90 0x8 0x0 0x0 0x640003 0x8 0xfffffffffffffe60 0x690005 0x0 0x271dda091d0 0x141a 0x0 0x0 0x6f0007 0x5d9 0xb8 0xe41 0x740007 0x0 0x68 0xe41 0x7c0005 0x0 0x271dda09f40 0x14 0x271dda09e90 0xe2d 0x810003 0xe40 0x48 0x890005 0x0 0x0 0x0 0x0 0x0 0x930002 0x1419 0x9b0002 0x1419 0xa50002 0x1419 0xb10002 0x1419 oops 18 2 java/util/HashMap 12 java/util/HashMap 18 java/util/HashMap 28 java/util/HashMap 34 java/util/HashMap 40 java/util/HashMap 46 java/util/HashMap$EntrySet 52 java/util/HashMap$EntryIterator 62 java/util/HashMap$EntryIterator 68 java/util/HashMap$Node 74 java/util/HashMap$Node 80 java/lang/String 86 java/util/HashMap$Node 92 java/util/HashMap 98 com/mathworks/peermodel/impl/PeerNodeImpl 107 com/mathworks/peermodel/impl/PeerModelManagerImpl 121 com/mathworks/peermodel/impl/RootPeerNodeImpl 123 com/mathworks/peermodel/impl/PeerNodeImpl
ciMethodData com/mathworks/peermodel/impl/PeerModelManagerImpl destroyOldChildren (Lcom/mathworks/peermodel/PeerNode;Ljava/util/Map;Ljava/lang/Object;)V 2 5904 orig 264 104 147 115 119 0 0 0 0 136 215 27 225 113 2 0 0 232 2 0 0 48 0 0 0 0 0 0 0 0 0 0 0 0 0 0 0 0 0 0 0 0 0 0 0 0 0 0 0 0 0 0 0 0 0 0 0 0 0 0 0 0 0 0 0 0 0 0 0 0 0 0 0 0 0 0 0 0 0 0 0 77 68 79 32 101 120 116 114 97 32 100 97 116 97 32 108 111 99 107 0 0 0 0 0 0 0 0 0 0 0 0 0 0 0 0 0 0 0 0 0 0 0 0 0 0 0 0 0 0 0 0 0 0 0 0 0 0 0 0 0 0 0 0 0 0 0 0 0 0 0 0 0 0 0 0 0 0 0 0 0 0 0 0 0 0 0 0 0 0 0 0 0 0 0 0 0 0 0 0 0 0 0 0 0 0 0 0 0 0 0 0 0 0 0 0 0 0 0 0 0 0 0 0 0 0 0 0 0 0 0 0 0 0 0 0 0 216 1 0 0 193 169 0 0 65 122 0 0 0 0 0 0 0 0 0 0 2 0 0 0 2 0 21 0 2 0 0 0 136 1 0 0 255 255 255 255 5 0 1 0 0 0 0 0 data 49 0x10005 0x0 0x271dda09e90 0x1517 0x271dda09f40 0x21 0xa0005 0x0 0x271e75e2640 0x1538 0x0 0x0 0x130005 0x0 0x271e75e26f0 0x2480 0x0 0x0 0x180007 0x1538 0xf8 0xf48 0x1d0005 0x0 0x271e75e26f0 0xf48 0x0 0x0 0x220004 0x0 0x271dda09e90 0xf48 0x0 0x0 0x2b0002 0xf48 0x2e0007 0xf48 0x50 0x0 0x340005 0x0 0x0 0x0 0x0 0x0 0x390003 0xf48 0xfffffffffffffef0 oops 6 2 com/mathworks/peermodel/impl/PeerNodeImpl 4 com/mathworks/peermodel/impl/RootPeerNodeImpl 8 java/util/Collections$UnmodifiableRandomAccessList 14 java/util/Collections$UnmodifiableCollection$1 24 java/util/Collections$UnmodifiableCollection$1 30 com/mathworks/peermodel/impl/PeerNodeImpl
ciMethodData com/mathworks/peermodel/impl/PeerModelManagerImpl updateChildIndices (Lcom/mathworks/peermodel/PeerNode;Ljava/util/Map;Ljava/lang/Object;)V 2 5904 orig 264 104 147 115 119 0 0 0 0 168 218 27 225 113 2 0 0 56 4 0 0 48 0 0 0 0 0 0 0 0 0 0 0 0 0 0 0 0 0 0 0 0 0 0 0 0 0 0 0 0 0 0 0 0 0 0 0 0 0 0 0 0 0 0 0 0 0 0 0 0 0 0 0 0 0 0 0 0 0 0 0 77 68 79 32 101 120 116 114 97 32 100 97 116 97 32 108 111 99 107 0 0 0 0 0 0 0 0 0 0 0 0 0 0 0 0 0 0 0 0 0 0 0 0 0 0 0 0 0 0 0 0 0 0 0 0 0 0 0 0 0 0 0 0 0 0 0 0 0 0 0 0 0 0 0 0 0 0 0 0 0 0 0 0 0 0 0 0 0 0 0 0 0 0 0 0 0 0 0 0 0 0 0 0 0 0 0 0 0 0 0 0 0 0 0 0 0 0 0 0 0 0 0 0 0 0 0 0 0 0 0 0 0 0 0 0 0 215 1 0 0 201 169 0 0 137 161 0 0 0 0 0 0 0 0 0 0 2 0 0 0 3 0 46 0 2 0 0 0 216 2 0 0 255 255 255 255 5 0 2 0 0 0 0 0 data 91 0x20005 0x0 0x271dda091d0 0x1539 0x0 0x0 0x90007 0x3c 0x2a8 0x14fd 0x140007 0x14fd 0x288 0x1431 0x1c0004 0x0 0x271dda09bd0 0x1431 0x0 0x0 0x260005 0x0 0x271dda09bd0 0x1431 0x0 0x0 0x2b0004 0x0 0x271be936bc0 0x1431 0x0 0x0 0x2e0005 0x0 0x271dda09f40 0x1431 0x0 0x0 0x360005 0x0 0x271dda09f40 0x1431 0x0 0x0 0x3b0007 0x0 0x70 0x1431 0x400005 0x0 0x271dda091d0 0x1431 0x0 0x0 0x430007 0x0 0x110 0x1431 0x480007 0x0 0xf0 0x1431 0x4d0005 0x0 0x271dda09e90 0x1431 0x0 0x0 0x520007 0x0 0xa0 0x1431 0x580005 0x0 0x271dda09f40 0x1431 0x0 0x0 0x5f0007 0x1431 0x50 0x0 0x690005 0x0 0x0 0x0 0x0 0x0 0x6f0003 0x1431 0xfffffffffffffd90 oops 9 2 com/mathworks/peermodel/impl/PeerModelManagerImpl 16 java/util/HashMap 22 java/util/HashMap 28 java/lang/String 34 com/mathworks/peermodel/impl/RootPeerNodeImpl 40 com/mathworks/peermodel/impl/RootPeerNodeImpl 50 com/mathworks/peermodel/impl/PeerModelManagerImpl 64 com/mathworks/peermodel/impl/PeerNodeImpl 74 com/mathworks/peermodel/impl/RootPeerNodeImpl
ciMethodData com/mathworks/peermodel/impl/PeerModelManagerImpl updateChildren (Lcom/mathworks/peermodel/PeerNode;Ljava/util/Map;Ljava/util/List;ZLjava/lang/Object;)V 2 5904 orig 264 104 147 115 119 0 0 0 0 56 220 27 225 113 2 0 0 192 3 0 0 0 0 0 0 0 0 0 0 0 0 0 0 0 0 0 0 0 0 0 0 0 0 0 0 0 0 0 0 0 0 0 0 0 0 0 0 0 0 0 0 0 0 0 0 0 0 0 0 0 0 0 0 0 0 0 0 0 0 0 0 77 68 79 32 101 120 116 114 97 32 100 97 116 97 32 108 111 99 107 0 0 0 0 0 0 0 0 0 0 0 0 0 0 0 0 0 0 0 0 0 0 0 0 0 0 0 0 0 0 0 0 0 0 0 0 0 0 0 0 0 0 0 0 0 0 0 0 0 0 0 0 0 0 0 0 0 0 0 0 0 0 0 0 0 0 0 0 0 0 0 0 0 0 0 0 0 0 0 0 0 0 0 0 0 0 0 0 0 0 0 0 0 0 0 0 0 0 0 0 0 0 0 0 0 0 0 0 0 0 0 0 0 0 0 0 0 215 1 0 0 201 169 0 0 225 166 0 0 0 0 0 0 0 0 0 0 2 0 0 0 2 0 21 0 2 0 0 0 80 2 0 0 255 255 255 255 5 0 1 0 0 0 0 0 data 74 0x10005 0x0 0x271dda09e90 0x1518 0x271dda09f40 0x21 0xf0005 0x0 0x271e75e2640 0x296a 0x0 0x0 0x140007 0x1539 0x1f0 0x1431 0x1a0005 0x0 0x271dda09bd0 0x1431 0x0 0x0 0x1f0004 0x0 0x271e201f610 0x1431 0x0 0x0 0x220004 0x0 0x0 0x0 0x0 0x0 0x280004 0x0 0x271dda09bd0 0x1431 0x0 0x0 0x310005 0x0 0x271e75e2640 0x1431 0x0 0x0 0x360004 0x0 0x271dda09e90 0x1431 0x0 0x0 0x430005 0x0 0x271e75e4510 0x1431 0x0 0x0 0x480007 0x4e9 0x38 0xf48 0x4c0003 0xf48 0x18 0x540005 0x0 0x271dda091d0 0x1431 0x0 0x0 0x5a0003 0x1431 0xfffffffffffffdf8 oops 10 2 com/mathworks/peermodel/impl/PeerNodeImpl 4 com/mathworks/peermodel/impl/RootPeerNodeImpl 8 java/util/Collections$UnmodifiableRandomAccessList 18 java/util/HashMap 24 [Ljava/util/HashMap; 36 java/util/HashMap 42 java/util/Collections$UnmodifiableRandomAccessList 48 com/mathworks/peermodel/impl/PeerNodeImpl 54 java/util/ArrayList 67 com/mathworks/peermodel/impl/PeerModelManagerImpl
ciMethodData com/mathworks/peermodel/impl/PeerModelManagerImpl dataHasChild (Ljava/util/Map;Lcom/mathworks/peermodel/PeerNode;)Z 2 105305 orig 264 104 147 115 119 0 0 0 0 232 221 27 225 113 2 0 0 112 3 0 0 0 2 0 0 0 0 0 0 0 0 0 0 0 0 0 0 0 0 0 0 0 0 0 0 0 0 0 0 0 0 0 0 0 0 0 0 0 0 0 0 0 0 0 0 0 0 0 0 0 0 0 0 0 0 0 0 0 0 0 0 77 68 79 32 101 120 116 114 97 32 100 97 116 97 32 108 111 99 107 0 0 0 0 0 0 0 0 0 0 0 0 0 0 0 0 0 0 0 0 0 0 0 0 0 0 0 0 0 0 0 0 0 0 0 0 0 0 0 0 0 0 0 0 0 0 0 0 0 0 0 0 0 0 0 0 0 0 0 0 0 0 0 0 0 0 0 0 0 0 0 0 0 0 0 0 0 0 0 0 0 0 0 0 0 0 0 0 0 0 0 0 0 0 0 0 0 0 0 0 0 0 0 0 0 0 0 0 0 0 0 0 0 0 0 0 0 0 0 0 0 89 20 0 0 201 218 12 0 0 0 0 0 0 0 0 0 2 0 0 0 1 0 14 0 2 0 0 0 24 2 0 0 255 255 255 255 5 0 2 0 0 0 0 0 data 67 0x20005 0x0 0x271dda091d0 0x28b 0x0 0x0 0x70007 0x0 0x1e8 0x28b 0x190007 0x0 0x1c8 0x19ddf 0x250004 0x0 0x271dda09bd0 0x19ddf 0x0 0x0 0x2e0005 0x0 0x271dda09bd0 0x19ddf 0x0 0x0 0x340005 0x0 0x271dda09e90 0x19ddf 0x0 0x0 0x390005 0x0 0x271be936bc0 0x19ddf 0x0 0x0 0x3c0007 0x19b54 0xd0 0x28b 0x430005 0x0 0x271dda09bd0 0x28b 0x0 0x0 0x490005 0x0 0x271dda09e90 0x28b 0x0 0x0 0x4e0005 0x0 0x271be936bc0 0x28b 0x0 0x0 0x510007 0x0 0x20 0x28b 0x590003 0x19b54 0xfffffffffffffe50 oops 8 2 com/mathworks/peermodel/impl/PeerModelManagerImpl 16 java/util/HashMap 22 java/util/HashMap 28 com/mathworks/peermodel/impl/PeerNodeImpl 34 java/lang/String 44 java/util/HashMap 50 com/mathworks/peermodel/impl/PeerNodeImpl 56 java/lang/String
ciMethodData com/mathworks/peermodel/impl/PeerModelManagerImpl move (Lcom/mathworks/peermodel/PeerNode;Lcom/mathworks/peermodel/PeerNode;ILjava/lang/Object;)V 1 0 orig 264 104 147 115 119 0 0 0 0 232 175 27 225 113 2 0 0 160 6 0 0 16 5 0 0 0 0 0 0 0 0 0 0 0 0 0 0 0 0 0 0 0 0 0 0 0 0 0 0 0 0 0 0 0 0 0 0 0 0 0 0 0 0 0 0 0 0 0 0 0 0 0 0 0 0 0 0 0 0 0 0 77 68 79 32 101 120 116 114 97 32 100 97 116 97 32 108 111 99 107 0 0 0 0 0 0 0 0 0 0 0 0 0 0 0 0 0 0 0 0 0 0 0 0 0 0 0 0 0 0 0 0 0 0 0 0 0 0 0 0 0 0 0 0 0 0 0 0 0 0 0 0 0 0 0 0 0 0 0 0 0 0 0 0 0 0 0 0 0 0 0 0 0 0 0 0 0 0 0 0 0 0 0 0 0 0 0 0 0 0 0 0 0 0 0 0 0 0 0 0 0 0 0 0 0 0 0 0 0 0 0 0 0 0 0 0 0 0 0 0 0 1 0 0 0 1 0 0 0 0 0 0 0 0 0 0 0 2 0 0 0 0 0 0 0 0 0 0 0 56 5 0 0 255 255 255 255 7 0 7 0 0 0 0 0 data 167 0x70007 0x0 0xa0 0x0 0xc0005 0x0 0x0 0x0 0x0 0x0 0x110005 0x0 0x0 0x0 0x0 0x0 0x160007 0x0 0x30 0x0 0x1f0002 0x0 0x280007 0x0 0x30 0x0 0x310002 0x0 0x360005 0x0 0x0 0x0 0x0 0x0 0x3b0007 0x0 0x30 0x0 0x440002 0x0 0x4d0007 0x0 0x80 0x0 0x510005 0x0 0x0 0x0 0x0 0x0 0x560007 0x0 0x30 0x0 0x5f0002 0x0 0x660002 0x0 0x690007 0x0 0x30 0x0 0x720002 0x0 0x770004 0x0 0x0 0x0 0x0 0x0 0x7a0007 0x0 0x30 0x0 0x830002 0x0 0x880005 0x0 0x0 0x0 0x0 0x0 0x910007 0x0 0x30 0x0 0x9a0002 0x0 0xa10005 0x0 0x0 0x0 0x0 0x0 0xa90005 0x0 0x0 0x0 0x0 0x0 0xaf0007 0x0 0x88 0x0 0xb50005 0x0 0x0 0x0 0x0 0x0 0xbc0002 0x0 0xbf0002 0x0 0xc40003 0x0 0x68 0xca0005 0x0 0x0 0x0 0x0 0x0 0xcf0002 0x0 0xd20002 0x0 0xda0003 0x0 0x18 0xf00002 0x0 0xfa0004 0x0 0x0 0x0 0x0 0x0 0xfe0005 0x0 0x0 0x0 0x0 0x0 0x1020004 0x0 0x0 0x0 0x0 0x0 0x1060004 0x0 0x0 0x0 0x0 0x0 0x10a0005 0x0 0x0 0x0 0x0 0x0 0x1100003 0x0 0x18 0x1260002 0x0 oops 0
compile com/mathworks/peermodel/impl/PeerModelManagerImpl updateNodeRecursiveFromSnapshot (Lcom/mathworks/peermodel/PeerNodeSyncable;Ljava/util/Map;ZZLjava/lang/Object;)V -1 4 inline 281 0 -1 com/mathworks/peermodel/impl/PeerModelManagerImpl updateNodeRecursiveFromSnapshot (Lcom/mathworks/peermodel/PeerNodeSyncable;Ljava/util/Map;ZZLjava/lang/Object;)V 1 3 java/util/HashMap containsKey (Ljava/lang/Object;)Z 2 2 java/util/HashMap hash (Ljava/lang/Object;)I 3 9 java/lang/String hashCode ()I 2 6 java/util/HashMap getNode (ILjava/lang/Object;)Ljava/util/HashMap$Node; 1 40 java/util/HashMap entrySet ()Ljava/util/Set; 2 15 java/util/HashMap$EntrySet <init> (Ljava/util/HashMap;)V 3 6 java/util/AbstractSet <init> ()V 4 1 java/util/AbstractCollection <init> ()V 5 1 java/lang/Object <init> ()V 1 54 java/util/HashMap$HashIterator hasNext ()Z 1 64 java/util/HashMap$EntryIterator next ()Ljava/lang/Object; 2 1 java/util/HashMap$EntryIterator next ()Ljava/util/Map$Entry; 3 1 java/util/HashMap$HashIterator nextNode ()Ljava/util/HashMap$Node; 1 77 java/util/HashMap$Node getKey ()Ljava/lang/Object; 1 87 java/util/HashMap$Node getValue ()Ljava/lang/Object; 1 147 com/mathworks/peermodel/impl/PeerModelManagerImpl destroyOldChildren (Lcom/mathworks/peermodel/PeerNode;Ljava/util/Map;Ljava/lang/Object;)V 2 1 com/mathworks/peermodel/impl/PeerNodeImpl getChildren ()Ljava/util/List; 3 1 com/mathworks/peermodel/impl/PeerNodeImpl lockReads ()V 4 16 java/util/concurrent/locks/ReentrantReadWriteLock$ReadLock tryLock (JLjava/util/concurrent/TimeUnit;)Z 5 7 java/util/concurrent/TimeUnit$3 toNanos (J)J 6 7 java/util/concurrent/TimeUnit x (JJJ)J 5 10 java/util/concurrent/locks/AbstractQueuedSynchronizer tryAcquireSharedNanos (IJ)Z 6 0 java/lang/Thread interrupted ()Z 6 16 java/util/concurrent/locks/ReentrantReadWriteLock$Sync tryAcquireShared (I)I 7 5 java/util/concurrent/locks/AbstractQueuedSynchronizer getState ()I 7 10 java/util/concurrent/locks/ReentrantReadWriteLock$Sync exclusiveCount (I)I 7 17 java/util/concurrent/locks/AbstractOwnableSynchronizer getExclusiveOwnerThread ()Ljava/lang/Thread; 7 27 java/util/concurrent/locks/ReentrantReadWriteLock$Sync sharedCount (I)I 7 33 java/util/concurrent/locks/ReentrantReadWriteLock$NonfairSync readerShouldBlock ()Z 8 1 java/util/concurrent/locks/AbstractQueuedSynchronizer apparentlyFirstQueuedIsExclusive ()Z 7 52 java/util/concurrent/locks/AbstractQueuedSynchronizer compareAndSetState (II)Z 3 12 java/util/ArrayList <init> (Ljava/util/Collection;)V 4 1 java/util/AbstractList <init> ()V 5 1 java/util/AbstractCollection <init> ()V 6 1 java/lang/Object <init> ()V 3 17 java/util/Collections unmodifiableList (Ljava/util/List;)Ljava/util/List; 4 12 java/util/Collections$UnmodifiableRandomAccessList <init> (Ljava/util/List;)V 5 2 java/util/Collections$UnmodifiableList <init> (Ljava/util/List;)V 6 2 java/util/Collections$UnmodifiableCollection <init> (Ljava/util/Collection;)V 7 1 java/lang/Object <init> ()V 3 22 com/mathworks/peermodel/impl/PeerNodeImpl unlockReads ()V 4 4 java/util/concurrent/locks/ReentrantReadWriteLock$ReadLock unlock ()V 5 5 java/util/concurrent/locks/AbstractQueuedSynchronizer releaseShared (I)Z 6 2 java/util/concurrent/locks/ReentrantReadWriteLock$Sync tryReleaseShared (I)Z 7 89 java/lang/ThreadLocal remove ()V 8 4 java/lang/ThreadLocal getMap (Ljava/lang/Thread;)Ljava/lang/ThreadLocal$ThreadLocalMap; 8 14 java/lang/ThreadLocal$ThreadLocalMap access$200 (Ljava/lang/ThreadLocal$ThreadLocalMap;Ljava/lang/ThreadLocal;)V 7 113 java/util/concurrent/locks/AbstractQueuedSynchronizer getState ()I 7 127 java/util/concurrent/locks/AbstractQueuedSynchronizer compareAndSetState (II)Z 6 9 java/util/concurrent/locks/AbstractQueuedSynchronizer doReleaseShared ()V 7 30 java/util/concurrent/locks/AbstractQueuedSynchronizer compareAndSetWaitStatus (Ljava/util/concurrent/locks/AbstractQueuedSynchronizer$Node;II)Z 2 10 java/util/Collections$UnmodifiableCollection iterator ()Ljava/util/Iterator; 3 5 java/util/Collections$UnmodifiableCollection$1 <init> (Ljava/util/Collections$UnmodifiableCollection;)V 4 6 java/lang/Object <init> ()V 2 19 java/util/Collections$UnmodifiableCollection$1 hasNext ()Z 2 29 java/util/Collections$UnmodifiableCollection$1 next ()Ljava/lang/Object; 1 155 com/mathworks/peermodel/impl/PeerModelManagerImpl addNewChildren (Lcom/mathworks/peermodel/PeerNodeSyncable;Ljava/util/Map;Ljava/lang/Object;)Ljava/util/List; 2 11 java/util/ArrayList <init> ()V 3 1 java/util/AbstractList <init> ()V 4 1 java/util/AbstractCollection <init> ()V 5 1 java/lang/Object <init> ()V 2 47 java/util/HashMap get (Ljava/lang/Object;)Ljava/lang/Object; 3 2 java/util/HashMap hash (Ljava/lang/Object;)I 4 9 java/lang/String hashCode ()I 3 6 java/util/HashMap getNode (ILjava/lang/Object;)Ljava/util/HashMap$Node; 2 70 java/util/HashMap get (Ljava/lang/Object;)Ljava/lang/Object; 3 2 java/util/HashMap hash (Ljava/lang/Object;)I 4 9 java/lang/String hashCode ()I 3 6 java/util/HashMap getNode (ILjava/lang/Object;)Ljava/util/HashMap$Node; 2 82 java/util/HashMap get (Ljava/lang/Object;)Ljava/lang/Object; 3 2 java/util/HashMap hash (Ljava/lang/Object;)I 4 9 java/lang/String hashCode ()I 3 6 java/util/HashMap getNode (ILjava/lang/Object;)Ljava/util/HashMap$Node; 2 99 com/mathworks/peermodel/impl/PeerNodeImpl addChild (Ljava/lang/String;Ljava/lang/String;Ljava/util/Map;ILjava/lang/Object;)Lcom/mathworks/peermodel/PeerNodeSyncable; 3 7 com/mathworks/peermodel/impl/PeerNodeImpl <init> (Ljava/lang/String;Ljava/lang/String;Ljava/util/Map;)V 4 1 java/lang/Object <init> ()V 4 9 java/util/concurrent/ConcurrentHashMap <init> ()V 5 1 java/util/AbstractMap <init> ()V 6 1 java/lang/Object <init> ()V 4 25 java/util/concurrent/CopyOnWriteArrayList <init> ()V 5 1 java/lang/Object <init> ()V 5 9 java/util/concurrent/locks/ReentrantLock <init> ()V 6 1 java/lang/Object <init> ()V 6 9 java/util/concurrent/locks/ReentrantLock$NonfairSync <init> ()V 7 1 java/util/concurrent/locks/ReentrantLock$Sync <init> ()V 8 1 java/util/concurrent/locks/AbstractQueuedSynchronizer <init> ()V 9 1 java/util/concurrent/locks/AbstractOwnableSynchronizer <init> ()V 10 1 java/lang/Object <init> ()V 5 20 java/util/concurrent/CopyOnWriteArrayList setArray ([Ljava/lang/Object;)V 4 36 java/util/concurrent/CopyOnWriteArrayList <init> ()V 5 1 java/lang/Object <init> ()V 5 9 java/util/concurrent/locks/ReentrantLock <init> ()V 6 1 java/lang/Object <init> ()V 6 9 java/util/concurrent/locks/ReentrantLock$NonfairSync <init> ()V 7 1 java/util/concurrent/locks/ReentrantLock$Sync <init> ()V 8 1 java/util/concurrent/locks/AbstractQueuedSynchronizer <init> ()V 9 1 java/util/concurrent/locks/AbstractOwnableSynchronizer <init> ()V 10 1 java/lang/Object <init> ()V 5 20 java/util/concurrent/CopyOnWriteArrayList setArray ([Ljava/lang/Object;)V 4 47 java/util/concurrent/locks/ReentrantReadWriteLock <init> ()V 5 2 java/util/concurrent/locks/ReentrantReadWriteLock <init> (Z)V 6 1 java/lang/Object <init> ()V 6 23 java/util/concurrent/locks/ReentrantReadWriteLock$NonfairSync <init> ()V 7 1 java/util/concurrent/locks/ReentrantReadWriteLock$Sync <init> ()V 8 1 java/util/concurrent/locks/AbstractQueuedSynchronizer <init> ()V 9 1 java/util/concurrent/locks/AbstractOwnableSynchronizer <init> ()V 10 1 java/lang/Object <init> ()V 8 14 java/util/concurrent/locks/ReentrantReadWriteLock$Sync$ThreadLocalHoldCounter <init> ()V 9 1 java/lang/ThreadLocal <init> ()V 10 1 java/lang/Object <init> ()V 10 5 java/lang/ThreadLocal nextHashCode ()I 8 22 java/util/concurrent/locks/AbstractQueuedSynchronizer getState ()I 8 25 java/util/concurrent/locks/AbstractQueuedSynchronizer setState (I)V 6 35 java/util/concurrent/locks/ReentrantReadWriteLock$ReadLock <init> (Ljava/util/concurrent/locks/ReentrantReadWriteLock;)V 7 1 java/lang/Object <init> ()V 6 47 java/util/concurrent/locks/ReentrantReadWriteLock$WriteLock <init> (Ljava/util/concurrent/locks/ReentrantReadWriteLock;)V 7 1 java/lang/Object <init> ()V 4 58 java/util/concurrent/locks/ReentrantReadWriteLock readLock ()Ljava/util/concurrent/locks/ReentrantReadWriteLock$ReadLock; 4 69 java/util/concurrent/locks/ReentrantReadWriteLock writeLock ()Ljava/util/concurrent/locks/ReentrantReadWriteLock$WriteLock; 4 80 com/mathworks/peermodel/impl/ObservableImpl <init> ()V 5 1 java/lang/Object <init> ()V 5 9 java/util/concurrent/ConcurrentHashMap <init> ()V 6 1 java/util/AbstractMap <init> ()V 7 1 java/lang/Object <init> ()V 5 20 java/util/concurrent/ConcurrentHashMap <init> ()V 6 1 java/util/AbstractMap <init> ()V 7 1 java/lang/Object <init> ()V 5 31 java/util/concurrent/locks/ReentrantReadWriteLock <init> ()V 6 2 java/util/concurrent/locks/ReentrantReadWriteLock <init> (Z)V 7 1 java/lang/Object <init> ()V 7 23 java/util/concurrent/locks/ReentrantReadWriteLock$NonfairSync <init> ()V 8 1 java/util/concurrent/locks/ReentrantReadWriteLock$Sync <init> ()V 9 1 java/util/concurrent/locks/AbstractQueuedSynchronizer <init> ()V 10 1 java/util/concurrent/locks/AbstractOwnableSynchronizer <init> ()V 9 14 java/util/concurrent/locks/ReentrantReadWriteLock$Sync$ThreadLocalHoldCounter <init> ()V 10 1 java/lang/ThreadLocal <init> ()V 9 22 java/util/concurrent/locks/AbstractQueuedSynchronizer getState ()I 9 25 java/util/concurrent/locks/AbstractQueuedSynchronizer setState (I)V 7 35 java/util/concurrent/locks/ReentrantReadWriteLock$ReadLock <init> (Ljava/util/concurrent/locks/ReentrantReadWriteLock;)V 8 1 java/lang/Object <init> ()V 7 47 java/util/concurrent/locks/ReentrantReadWriteLock$WriteLock <init> (Ljava/util/concurrent/locks/ReentrantReadWriteLock;)V 8 1 java/lang/Object <init> ()V 5 42 java/util/WeakHashMap <init> ()V 6 5 java/util/WeakHashMap <init> (IF)V 7 1 java/util/AbstractMap <init> ()V 8 1 java/lang/Object <init> ()V 7 9 java/lang/ref/ReferenceQueue <init> ()V 8 1 java/lang/Object <init> ()V 7 62 java/lang/Float isNaN (F)Z 7 112 java/util/WeakHashMap newTable (I)[Ljava/util/WeakHashMap$Entry; 5 45 java/util/Collections synchronizedMap (Ljava/util/Map;)Ljava/util/Map; 6 5 java/util/Collections$SynchronizedMap <init> (Ljava/util/Map;)V 7 1 java/lang/Object <init> ()V 7 6 java/util/Objects requireNonNull (Ljava/lang/Object;)Ljava/lang/Object; 4 124 com/mathworks/peermodel/impl/PeerNodeImpl setProperties (Ljava/util/Map;)V 3 19 com/mathworks/peermodel/impl/PeerNodeImpl addChild (Lcom/mathworks/peermodel/PeerNode;ILjava/lang/Object;)V 4 13 com/mathworks/peermodel/impl/PeerNodeImpl addChildNoEvent (Lcom/mathworks/peermodel/impl/PeerNodeImpl;I)V 5 1 com/mathworks/peermodel/impl/PeerNodeImpl lockWrites ()V 6 16 java/util/concurrent/locks/ReentrantReadWriteLock$WriteLock tryLock (JLjava/util/concurrent/TimeUnit;)Z 7 7 java/util/concurrent/TimeUnit$3 toNanos (J)J 8 7 java/util/concurrent/TimeUnit x (JJJ)J 7 10 java/util/concurrent/locks/AbstractQueuedSynchronizer tryAcquireNanos (IJ)Z 8 0 java/lang/Thread interrupted ()Z 8 16 java/util/concurrent/locks/ReentrantReadWriteLock$Sync tryAcquire (I)Z 9 5 java/util/concurrent/locks/AbstractQueuedSynchronizer getState ()I 9 10 java/util/concurrent/locks/ReentrantReadWriteLock$Sync exclusiveCount (I)I 9 26 java/util/concurrent/locks/AbstractOwnableSynchronizer getExclusiveOwnerThread ()Ljava/lang/Thread; 9 37 java/util/concurrent/locks/ReentrantReadWriteLock$Sync exclusiveCount (I)I 9 60 java/util/concurrent/locks/AbstractQueuedSynchronizer setState (I)V 9 66 java/util/concurrent/locks/ReentrantReadWriteLock$NonfairSync writerShouldBlock ()Z 9 77 java/util/concurrent/locks/AbstractQueuedSynchronizer compareAndSetState (II)Z 9 87 java/util/concurrent/locks/AbstractOwnableSynchronizer setExclusiveOwnerThread (Ljava/lang/Thread;)V 5 6 com/mathworks/peermodel/impl/PeerNodeImpl hasChild (Lcom/mathworks/peermodel/PeerNode;)Z 6 1 com/mathworks/peermodel/impl/PeerNodeImpl lockReads ()V 7 16 java/util/concurrent/locks/ReentrantReadWriteLock$ReadLock tryLock (JLjava/util/concurrent/TimeUnit;)Z 8 7 java/util/concurrent/TimeUnit$3 toNanos (J)J 9 7 java/util/concurrent/TimeUnit x (JJJ)J 8 10 java/util/concurrent/locks/AbstractQueuedSynchronizer tryAcquireSharedNanos (IJ)Z 9 0 java/lang/Thread interrupted ()Z 9 16 java/util/concurrent/locks/ReentrantReadWriteLock$Sync tryAcquireShared (I)I 10 5 java/util/concurrent/locks/AbstractQueuedSynchronizer getState ()I 10 10 java/util/concurrent/locks/ReentrantReadWriteLock$Sync exclusiveCount (I)I 10 17 java/util/concurrent/locks/AbstractOwnableSynchronizer getExclusiveOwnerThread ()Ljava/lang/Thread; 10 27 java/util/concurrent/locks/ReentrantReadWriteLock$Sync sharedCount (I)I 10 33 java/util/concurrent/locks/ReentrantReadWriteLock$NonfairSync readerShouldBlock ()Z 10 52 java/util/concurrent/locks/AbstractQueuedSynchronizer compareAndSetState (II)Z 6 16 java/util/concurrent/CopyOnWriteArrayList contains (Ljava/lang/Object;)Z 7 1 java/util/concurrent/CopyOnWriteArrayList getArray ()[Ljava/lang/Object; 6 31 com/mathworks/peermodel/impl/PeerNodeImpl unlockReads ()V 7 4 java/util/concurrent/locks/ReentrantReadWriteLock$ReadLock unlock ()V 8 5 java/util/concurrent/locks/AbstractQueuedSynchronizer releaseShared (I)Z 9 2 java/util/concurrent/locks/ReentrantReadWriteLock$Sync tryReleaseShared (I)Z 10 89 java/lang/ThreadLocal remove ()V 10 113 java/util/concurrent/locks/AbstractQueuedSynchronizer getState ()I 10 127 java/util/concurrent/locks/AbstractQueuedSynchronizer compareAndSetState (II)Z 9 9 java/util/concurrent/locks/AbstractQueuedSynchronizer doReleaseShared ()V 10 30 java/util/concurrent/locks/AbstractQueuedSynchronizer compareAndSetWaitStatus (Ljava/util/concurrent/locks/AbstractQueuedSynchronizer$Node;II)Z 5 28 java/util/concurrent/CopyOnWriteArrayList size ()I 6 1 java/util/concurrent/CopyOnWriteArrayList getArray ()[Ljava/lang/Object; 5 55 java/util/concurrent/CopyOnWriteArrayList add (Ljava/lang/Object;)Z 6 6 java/util/concurrent/locks/ReentrantLock lock ()V 7 4 java/util/concurrent/locks/ReentrantLock$NonfairSync lock ()V 8 3 java/util/concurrent/locks/AbstractQueuedSynchronizer compareAndSetState (II)Z 8 13 java/util/concurrent/locks/AbstractOwnableSynchronizer setExclusiveOwnerThread (Ljava/lang/Thread;)V 8 21 java/util/concurrent/locks/AbstractQueuedSynchronizer acquire (I)V 9 2 java/util/concurrent/locks/ReentrantLock$NonfairSync tryAcquire (I)Z 10 2 java/util/concurrent/locks/ReentrantLock$Sync nonfairTryAcquire (I)Z 11 5 java/util/concurrent/locks/AbstractQueuedSynchronizer getState ()I 11 31 java/util/concurrent/locks/AbstractOwnableSynchronizer getExclusiveOwnerThread ()Ljava/lang/Thread; 7 4 java/util/concurrent/locks/ReentrantLock$FairSync lock ()V 8 2 java/util/concurrent/locks/AbstractQueuedSynchronizer acquire (I)V 9 2 java/util/concurrent/locks/ReentrantLock$FairSync tryAcquire (I)Z 10 5 java/util/concurrent/locks/AbstractQueuedSynchronizer getState ()I 10 14 java/util/concurrent/locks/AbstractQueuedSynchronizer hasQueuedPredecessors ()Z 10 23 java/util/concurrent/locks/AbstractQueuedSynchronizer compareAndSetState (II)Z 10 31 java/util/concurrent/locks/AbstractOwnableSynchronizer setExclusiveOwnerThread (Ljava/lang/Thread;)V 10 38 java/util/concurrent/locks/AbstractOwnableSynchronizer getExclusiveOwnerThread ()Ljava/lang/Thread; 10 67 java/util/concurrent/locks/AbstractQueuedSynchronizer setState (I)V 6 10 java/util/concurrent/CopyOnWriteArrayList getArray ()[Ljava/lang/Object; 6 23 java/util/Arrays copyOf ([Ljava/lang/Object;I)[Ljava/lang/Object; 6 37 java/util/concurrent/CopyOnWriteArrayList setArray ([Ljava/lang/Object;)V 6 44 java/util/concurrent/locks/ReentrantLock unlock ()V 7 5 java/util/concurrent/locks/AbstractQueuedSynchronizer release (I)Z 8 2 java/util/concurrent/locks/ReentrantLock$Sync tryRelease (I)Z 9 1 java/util/concurrent/locks/AbstractQueuedSynchronizer getState ()I 9 11 java/util/concurrent/locks/AbstractOwnableSynchronizer getExclusiveOwnerThread ()Ljava/lang/Thread; 9 35 java/util/concurrent/locks/AbstractOwnableSynchronizer setExclusiveOwnerThread (Ljava/lang/Thread;)V 9 40 java/util/concurrent/locks/AbstractQueuedSynchronizer setState (I)V 5 63 com/mathworks/peermodel/impl/PeerNodeImpl setParent (Lcom/mathworks/peermodel/impl/PeerNodeImpl;)V 6 1 com/mathworks/peermodel/impl/PeerNodeImpl lockWrites ()V 7 16 java/util/concurrent/locks/ReentrantReadWriteLock$WriteLock tryLock (JLjava/util/concurrent/TimeUnit;)Z 8 7 java/util/concurrent/TimeUnit$3 toNanos (J)J 9 7 java/util/concurrent/TimeUnit x (JJJ)J 8 10 java/util/concurrent/locks/AbstractQueuedSynchronizer tryAcquireNanos (IJ)Z 9 0 java/lang/Thread interrupted ()Z 9 16 java/util/concurrent/locks/ReentrantReadWriteLock$Sync tryAcquire (I)Z 10 5 java/util/concurrent/locks/AbstractQueuedSynchronizer getState ()I 10 10 java/util/concurrent/locks/ReentrantReadWriteLock$Sync exclusiveCount (I)I 10 26 java/util/concurrent/locks/AbstractOwnableSynchronizer getExclusiveOwnerThread ()Ljava/lang/Thread; 10 37 java/util/concurrent/locks/ReentrantReadWriteLock$Sync exclusiveCount (I)I 10 60 java/util/concurrent/locks/AbstractQueuedSynchronizer setState (I)V 10 66 java/util/concurrent/locks/ReentrantReadWriteLock$NonfairSync writerShouldBlock ()Z 10 77 java/util/concurrent/locks/AbstractQueuedSynchronizer compareAndSetState (II)Z 10 87 java/util/concurrent/locks/AbstractOwnableSynchronizer setExclusiveOwnerThread (Ljava/lang/Thread;)V 6 10 com/mathworks/peermodel/impl/PeerNodeImpl unlockWrites ()V 7 4 java/util/concurrent/locks/ReentrantReadWriteLock$WriteLock unlock ()V 8 5 java/util/concurrent/locks/AbstractQueuedSynchronizer release (I)Z 9 2 java/util/concurrent/locks/ReentrantReadWriteLock$Sync tryRelease (I)Z 10 1 java/util/concurrent/locks/ReentrantReadWriteLock$Sync isHeldExclusively ()Z 11 1 java/util/concurrent/locks/AbstractOwnableSynchronizer getExclusiveOwnerThread ()Ljava/lang/Thread; 10 16 java/util/concurrent/locks/AbstractQueuedSynchronizer getState ()I 10 23 java/util/concurrent/locks/ReentrantReadWriteLock$Sync exclusiveCount (I)I 10 41 java/util/concurrent/locks/AbstractOwnableSynchronizer setExclusiveOwnerThread (Ljava/lang/Thread;)V 10 46 java/util/concurrent/locks/AbstractQueuedSynchronizer setState (I)V 5 67 com/mathworks/peermodel/impl/PeerNodeImpl unlockWrites ()V 6 4 java/util/concurrent/locks/ReentrantReadWriteLock$WriteLock unlock ()V 7 5 java/util/concurrent/locks/AbstractQueuedSynchronizer release (I)Z 8 2 java/util/concurrent/locks/ReentrantReadWriteLock$Sync tryRelease (I)Z 9 1 java/util/concurrent/locks/ReentrantReadWriteLock$Sync isHeldExclusively ()Z 10 1 java/util/concurrent/locks/AbstractOwnableSynchronizer getExclusiveOwnerThread ()Ljava/lang/Thread; 9 16 java/util/concurrent/locks/AbstractQueuedSynchronizer getState ()I 9 23 java/util/concurrent/locks/ReentrantReadWriteLock$Sync exclusiveCount (I)I 9 41 java/util/concurrent/locks/AbstractOwnableSynchronizer setExclusiveOwnerThread (Ljava/lang/Thread;)V 9 46 java/util/concurrent/locks/AbstractQueuedSynchronizer setState (I)V 4 21 com/mathworks/peermodel/impl/PeerNodeImpl dispatchChildAddedEvent (Lcom/mathworks/peermodel/PeerNode;Lcom/mathworks/peermodel/PeerNode;ILjava/lang/Object;)V 5 27 java/util/HashMap <init> ()V 6 1 java/util/AbstractMap <init> ()V 7 1 java/lang/Object <init> ()V 5 37 java/util/HashMap put (Ljava/lang/Object;Ljava/lang/Object;)Ljava/lang/Object; 6 2 java/util/HashMap hash (Ljava/lang/Object;)I 7 9 java/lang/String hashCode ()I 6 9 java/util/HashMap putVal (ILjava/lang/Object;Ljava/lang/Object;ZZ)Ljava/lang/Object; 7 56 java/util/HashMap newNode (ILjava/lang/Object;Ljava/lang/Object;Ljava/util/HashMap$Node;)Ljava/util/HashMap$Node; 8 9 java/util/HashMap$Node <init> (ILjava/lang/Object;Ljava/lang/Object;Ljava/util/HashMap$Node;)V 9 1 java/lang/Object <init> ()V 7 152 java/util/HashMap newNode (ILjava/lang/Object;Ljava/lang/Object;Ljava/util/HashMap$Node;)Ljava/util/HashMap$Node; 8 9 java/util/HashMap$Node <init> (ILjava/lang/Object;Ljava/lang/Object;Ljava/util/HashMap$Node;)V 9 1 java/lang/Object <init> ()V 7 253 java/util/HashMap afterNodeAccess (Ljava/util/HashMap$Node;)V 7 295 java/util/HashMap afterNodeInsertion (Z)V
